,crypto:BTC-USD,crypto:ETH-USD,crypto:SOL-USD,commodities:GC=F,commodities:HG=F,commodities:SI=F,bonds:EMB,bonds:HYG,bonds:IEF,bonds:LQD,bonds:SHY,bonds:TIP,bonds:TLT
2024-06-03,0.002894531823049596,0.024950571694540017,-0.002141488487615348,-0.0020980888118446715,0.006012125604263707,-0.001101326702596661,0.008886856566989886,0.004301332891451296,0.012997048678045077,0.008205595355010567,0.0028213455990690074,0.006194547596638084,0.014275977087557717
2024-06-05,0.038993234214667404,0.025010335248127742,0.00965725056800782,0.006784738572112498,-0.00044027816870088714,-0.0346101783993856,0.0023640487124926036,-0.002920446118941289,0.009410663134372799,0.006043727534023663,0.0016641393781199432,0.00613065343191689,0.021590909974341693
2024-06-07,-0.03077867831114632,-0.04967326441297144,-0.07076783114635589,-0.019183054994880787,-0.026285365457308214,-0.025413095874241412,-0.010594701379674144,-0.0032975934949690585,-0.00948296579356836,-0.009822456132306843,-0.0030002140210718775,-0.009069020934830979,-0.01977048149226737
2024-06-11,-0.027576059703774015,-0.06692906380235737,-0.11735463426641381,2.6440697056403888e-05,0.004153152733064794,-0.003707441717943902,0.001566398034278786,0.0007652248122625507,0.005328928501575781,0.0013158802785964074,0.000855991953728688,0.00103076669235605,0.0012334864626413408
2024-06-13,-0.02357475994185048,0.017290606115878564,-0.043170383663149785,0.0021667175746088326,-0.009867263359068578,-0.008866147288969523,0.0046078657863755845,0.002848699371558403,0.008662335761726661,0.013439427922704845,0.001983336914765995,0.002309820556087719,0.01589896960353752
2024-06-17,-0.01132792333176097,0.009252480638280857,-0.03026734842486958,0.0059706900038467,0.0054275573312570005,0.018550637771164953,-0.00374317382774071,-0.0022632835076277697,-0.00043853473591317716,-0.002248228170773601,-0.0009643733084466326,0.0007164682097801874,-0.0010834764535795115
2024-06-20,-0.07774278280716472,-0.03730490782901589,-0.07251244542504451,0.021850486465099794,0.03252616900625039,0.04282037075395623,0.0028531254369125606,0.00979641314835908,0.0058019921924792744,0.001162196035429052,-0.00016909301331762602,0.005022928838168469,0.008406812386818653
2024-06-24,-0.08897709844355903,-0.04882677086106194,-0.030629149841102973,-0.012167769752909506,-0.030145118011686137,-0.04749971558659531,0.004913620898342051,-0.0016305444250646836,-0.002030222884305868,-0.00043476977317763736,-0.00044210301895601157,0.0001649942589424619,0.002294688684941571
2024-06-26,0.011440424277123709,0.013583256699115634,0.06348383494361223,-0.01466496432511203,-0.039584461488599405,-0.00999701512197439,-0.00457811848975676,-0.005526944031116722,-0.004387559907876864,-0.009594373605104144,-0.0019450137703078733,-0.006813871753225755,-0.020532498747979147
2024-06-28,-0.018168712104219636,0.004551999559468479,0.0359232875899781,0.011947596183110124,0.004736863414062694,0.011424068718580436,-0.010499525600747598,-0.002912625221280424,-0.003183263339940016,-0.008288061592266832,0.0011184617548113554,0.0008660013708617822,-0.017422282832201076
2024-07-02,0.014443767681676094,-0.01816503248032304,0.13064779123998188,-0.0018033976722196146,0.016566493135339335,0.009742741474449017,-0.0006272998971231535,0.001660273628132927,-0.005846768392357908,0.00756183261126912,-0.0003359899274073541,-0.0022729996759499266,-0.00606720907073941
2024-07-05,-0.09459125768745066,-0.1627572898990889,-0.15031748400020173,0.024819202810832632,0.039690177951707,0.05884315310850788,0.004971534057115418,0.005927624838089032,0.006401014925954077,0.008927938710485793,0.0036875287997979542,0.007879585709321372,0.026938290041967995
2024-07-09,-0.0016231530688918736,0.010067664462475385,-0.006006063448820272,-0.00995996860613967,-0.01080583312287648,-0.02396763884117127,-0.0036145935178178174,0.0016444081377788625,-0.0009026894682404888,-0.0016935287253545997,-0.0005373719341130062,-0.0006199755822254699,-0.004989670883213025
2024-07-11,0.010120038195019089,0.008209756504533872,-0.002595153097112682,0.01451489117990357,-0.022765795842815816,0.028979075303188363,0.010904857122854161,0.004573171552405172,0.009743395154002419,0.005143003750202417,0.003043053954623476,0.005248155230943202,0.015332236590810771
2024-07-15,0.10423242150891864,0.11361492925325835,0.16054232512071964,0.0017222793290595576,0.0014192112718838454,-0.01881660121344303,-0.0012747829792610467,0.0017425764770538279,-0.00026508504096577437,0.0005538467423315142,0.0016618498155861602,0.0011116986985115036,-0.00044502168589208215
2024-07-17,-0.02228018197268244,-0.05008978003329058,-0.03411770476168801,0.005296778277834837,-0.035235367491569455,-0.02974886261908086,0.0024429903297418743,0.0006268550846334465,0.005788739459925744,0.006151178642316785,0.0008544429863069315,0.003408771607307662,0.014792162372894952
2024-07-19,0.04316759559542572,0.046397451408579586,0.061475138921145145,-0.02340238475313157,-0.032827840990810875,-0.03463201388635263,-0.00878825146230416,-0.004101913516218667,-0.00781675308672822,-0.010402091412115138,-0.0008037074062978994,-0.005942753721993137,-0.004480687309529597
2024-07-23,-0.02417608676749799,-0.014190462085521622,0.05470783846829116,0.0007026146638298841,-0.02363741907251328,-0.0021922249912158928,0.004756158283786398,0.0016963742472869817,0.00014525860908953757,-0.0006698559610079497,-0.0002483799512941183,-0.0017615239477667495,-0.005309819178074578
2024-07-25,-0.014761941680783139,-0.0915638876414227,-0.03323470057302682,-0.025357485915826778,-0.002943910940404226,-0.07826183068613041,-0.009334693787028562,-0.004366341864050138,-0.0020987302996218204,-0.0033604469747369713,0.002120563463046263,0.0024820100442521733,0.012483241150613831
2024-07-29,0.01912775108467669,0.03381380785602572,0.08584580394102592,0.006035268862184313,-0.008537110463088027,0.010360163693540897,0.006148038382803214,0.001962994698875103,0.007737786151983214,0.010611463756161382,0.0013128346239629175,0.0049943757904400265,0.021147766755050184
2024-07-31,-0.036264272423795416,-0.020736229889821968,-0.06473605575665796,0.018097747374789575,0.022179272450559923,0.04145201231252031,0.0048936941866104125,0.004655867919477472,0.011354608912748844,0.005589869984268361,0.0025484057604875624,0.006498113296250394,0.015460325394958894
2024-08-02,-0.007432080868137611,-0.09833491773033537,-0.08778067386357723,-0.004281036665528538,-0.03683045886527668,-0.009974210287886389,0.006952841546546161,-0.0002982633410101177,0.025762456695167683,0.01751494288293502,0.00820961883669285,0.005546052991144606,0.04397115717900647
2024-08-06,-0.09222212268853551,-0.19953655761594571,-0.07841532630151701,-0.011783566052321127,-0.021071238545689645,-0.04404773885988807,-0.015515899189054187,-0.007260821134129836,-0.006608456183183047,-0.0035946940140748184,-0.001911361400754856,-0.0024513334887844686,-0.01000301152058249
2024-08-08,0.09145508469564094,0.07417722358678368,0.11939776561677261,0.014670145004081122,-0.023359931585742535,0.010482708805463216,0.0037700558644492826,0.007200573461161409,-0.011990793209142134,-0.008174329605498572,-0.0014406836074868463,-0.004999762398338914,-0.004145243154188918
2024-08-12,-0.0008927520039492681,0.03636962243046696,-0.11869339621176067,0.009629915559177384,0.020226449201662625,-0.003201889293960746,0.01157681343890191,0.006333647930402701,0.008709427170988864,0.010016224652927572,0.0019816910833178026,0.007389645726655936,0.019886807006261477
2024-08-14,-0.009459575731808464,-0.02949613733798411,-0.01987958571607329,-0.011361281974362345,-0.0069597425408229555,-0.027819026138859,0.007477272409557788,0.003632613382053929,0.00019330142342288085,0.010914630586955928,0.0015684275353018689,-0.0001592126233455871,0.006315161197035098
2024-08-16,0.0027272199212172456,-0.00797150954052082,-0.04533969678396844,0.0249361430544743,0.03253529313727011,0.053494460622047435,0.00206210653238244,0.0036989348730159747,-0.0028796708838768224,0.0002580604626827114,-0.0009280061235521495,-0.0028946593818681733,-0.002146874356776171
2024-08-20,-0.010086716362879933,-0.02532204775253235,-0.01945466861973802,-0.009892292083500835,0.022499445303828466,-0.004024120182468428,0.004488922463261701,-0.00023304588638714552,-0.0029248390353469027,-0.007316278596176129,0.0013958567933440966,0.007859121720708608,0.013636271720263705
2024-08-22,0.0407915357106339,0.014140041615349121,-0.04617964005614307,-0.009447966441515713,-0.018184686883598446,-0.025041795134201877,-0.0004151548896891054,-0.0013629944059909919,-0.00761192600737009,0.003896158057870358,0.0006624218369316103,-0.0012172463694470296,0.000289376722329723
2024-08-26,0.048374702761495456,-0.014271167953372278,0.06276735273780491,0.012575352872425349,-0.0015876251360713578,0.014626606134717335,0.013457687424898099,0.0052326552454892246,0.00308481959819721,0.004808621432654947,-0.0002613929877514174,0.002838326987643868,0.01753530492186243
2024-08-28,-0.06516069464067875,-0.06069563758444677,-0.11594960141780247,-0.008618153055893207,-0.012020851430934586,-0.018567685989790757,-0.002171201232334591,0.000867681917658601,0.0014074888904554,-0.004508652958916025,0.0004354315246770262,-0.00021587224494897683,-0.0071404768171338985
2024-08-30,0.0022700996456290474,0.012833965029342281,-0.04926197360156447,-0.002401120023154899,-0.004578337538987398,-0.013640868007891152,9.638620736454373e-05,0.001621354741280179,-0.0065812698514668855,-0.005628675899879524,-0.000745889547648377,-0.005191381067888837,-0.013865934061424534
2024-09-04,-0.010244836813337332,-0.056390960342158736,0.00853851680513356,0.005605658792544175,-0.03384354117919408,-0.009117565806730413,0.0015533409101754637,-0.0022122737281371624,0.02005570730893063,0.007780176751711066,0.004585921399437988,0.0042103733300293275,0.02654050437537274
2024-09-06,-0.07790039136920034,-0.10715502916379258,-0.11526419709790155,-0.0010293205959995382,-0.005964179043259104,-0.019001434423464497,-0.0032358690650596015,0.0006816465820227145,0.003941697653418829,0.003268261176485882,0.0022353079023459915,0.0020540495896362062,-0.00033576946885245217
2024-09-10,0.04047772477043346,0.039538109825947826,0.08818799273684363,0.010474157000795103,-0.00071858841875635,0.03564755952242098,0.010142413984603856,-9.311005860153311e-06,0.005477395141359194,0.004311826254284282,0.0024065313171258533,0.0034653678672160945,0.021514002842273353
2024-09-12,0.00401761518563205,-0.02299473073753469,0.012024819349249713,0.015281709020753854,0.02556629872567202,0.05580538355807095,0.0005653865128449976,0.002701051433317455,-0.0016449825201167788,-0.0037102407715563102,-0.0010617758950271223,0.0012209323663031455,-0.008993021130197735
2024-09-16,0.015039500676126496,-0.03148704089363785,-0.06136186282603924,0.012703972184071597,0.011273263986943043,0.03997225774064479,0.009938691137094748,0.0026372673017061128,0.0018455435151199994,0.0054441346998812135,0.0021762439582453737,0.002929267899596402,0.008065034704806085
2024-09-18,0.04475042368162907,0.05712595985513019,-0.0021999092076470245,-0.009723664090811464,0.0006779679801677306,-0.02986614246102143,-0.00274381176091545,0.0023278761874472222,-0.002899105546493313,-0.003302058061209005,-0.0009721006976740388,-0.004785655419037772,-0.014076042342112093
2024-09-20,0.023626889975625613,0.09638110321022479,0.04597372194961202,0.008950187130477325,0.003303596001070934,0.020335844960255155,-0.001824882120504722,0.0028219039441661547,-0.0020698816048644953,0.0007164774887526348,-0.00013857992821299388,-0.0011562539303131096,-0.015494848058673516
2024-09-24,0.02466517273770391,0.10412026183115333,0.009993827647592428,0.01257312493693109,0.02313609326308723,0.02324071159231791,-0.0025746858968488653,0.0018158543945242002,0.007344976582453819,0.00388567127796523,0.002215164904768042,0.0005130050071212333,0.0042801969665863734
2024-09-26,-0.02872605486111601,-0.035042660268293606,0.03762453573043496,0.001937677964187312,0.015969045721228273,-0.010719825224297418,-0.0010267996716767913,-0.0017127851096885901,-0.009528019030894171,-0.009213842134172864,-0.0017242146282408649,-0.003601040407993062,-0.015103268678407052
2024-09-30,-0.04287610134949392,-0.013247621474511674,-0.07615570605837477,-0.01819087985384532,-0.01362745894439292,-0.04702950568380783,0.004872735037044797,0.004304423617379795,0.0005334316855508928,0.003493075003765482,0.00047592809944313236,0.002162147810046481,0.002562592125536865
2024-10-02,-0.06110021069643608,-0.0882705067496898,-0.1482965897458392,-0.003863828503161559,0.01739843410915234,0.022402682398600746,-0.006389983282830474,-0.007288409884200839,-0.001019898880538047,-0.0005929894454478448,-0.0013928870679139362,-0.007034749368692758,-0.0009019441677065262
2024-10-04,0.002291115405998842,0.011881121260522015,0.009533400695306976,-0.0014855149530235662,-0.01375533513308188,0.015237107711554086,-0.004985686775092625,-0.0033381843562535363,-0.0133772492247715,-0.009421802877121176,-0.004349867202567943,-0.007187051005673149,-0.022815435508346974
2024-10-08,-0.0838870358739988,-0.028278323825112826,-0.06961258484763073,-0.020960361090964642,-0.014786726601398532,-0.08310899212618891,-0.003311870679739176,-0.006658117564881863,-0.015399651996594956,-0.013529590896930045,-0.002132795102755395,-0.0013135932201804082,-0.027717131660290818
2024-10-10,-0.050780809550215716,-0.022261346257779334,-0.04434157897085004,0.0038791117886452404,-0.008569235485162967,0.02671536856447288,-0.0038770372196396787,-0.003372841404270241,-0.004637573204978849,-0.004818756993249251,-0.00032969160733290484,-0.0011775431630189864,-0.008606331960058982
2024-10-14,0.09786606009713907,0.11566098530354632,0.14000788906710881,0.00019710696130532251,-0.0010549653370356864,0.010678400832356903,0.0032097245230871515,0.001140901213223646,-3.2750888414429706e-05,0.0009753850287186155,0.0006774567250063526,-0.0008274995097841824,-0.004310824460394
2024-10-16,0.023759792731662177,-0.03708651666343715,-0.0394317999937619,-0.0028983719645262734,-0.0011690008618552425,0.005435758022687889,0.0063787111416494045,-0.0016011325856947745,0.003976329331268808,0.005355927473607117,7.527825895184588e-05,0.0005956403428366357,0.015099374503525078
2024-10-18,0.022689549042848867,0.02795893740277959,-0.03563338264595483,0.015357682327440713,0.0017543616487612664,0.044859654256810454,-0.004857593293335484,0.0006735935100791575,-0.007523740968305018,-0.006819726262620262,-0.000832949997857213,-0.001338476297756337,-0.023888850121763915
2024-10-22,-0.022798475950900177,-0.025090833758233552,0.1446648651931733,-0.001189126186306488,-0.0075012573125705344,0.045115355679599886,-0.016727583768698047,-0.007022896221114576,-0.006656086725560426,-0.01955256925097848,-0.0006873355690073209,-0.005594117873668925,-0.013041916358374303
2024-10-24,0.05235013096800095,-0.025979110565572817,0.12108367172532604,-0.014584967449153614,-0.00982340583292491,-0.030136370651768808,0.0024373933616186694,0.002343163404068533,-0.0011523538833799459,0.0006742185931130526,-0.0013401914134943476,-0.002890110114522401,-0.004340441233945338
2024-10-28,-0.011244434110541601,-0.02458679006356554,-0.03141429705892095,0.0010083807200183654,-0.010397386808868949,0.01328025098282614,0.0007290474352086992,0.0004346260242876815,-0.0031401495916523244,-0.004854264231932439,-0.0010685633822461104,-0.0019340192908577107,-0.008243807529321506
2024-10-30,0.06253668092246391,0.03159935974559599,-0.07548625910725848,0.011257167426221744,0.021730588013873592,-0.0011822975261085952,0.0021165657050968437,-0.004949481007714312,-6.412488603979821e-05,-0.004997143682594533,-0.0012916501910802333,0.0037511287012240184,0.003904418891184195
2024-11-01,-0.06539040324542997,-0.11826187391854492,-0.11468009695975839,-0.0147951035609712,-0.0055495135859588785,-0.06117862467555744,-0.0140325937521681,-0.004560598189034473,-0.011982891280111997,-0.008513363355944898,0.0009602081389671794,-0.002637212517820479,-0.006688344772507848
2024-11-05,-0.012123261405859438,-0.05528844871709572,-0.042217636595535124,-0.001748392312736102,0.03097108004866996,-0.006578437312222175,0.010467865728736484,0.0034795692710816485,0.0008046621329391183,0.006351317508828669,-0.0013227220969938807,0.00230492355895698,0.0012922569262894638
2024-11-07,0.08335460526114338,0.1620336213339642,0.13264884537188287,-0.014490181681187583,-0.01795700464857808,-0.0515340917644171,0.006630502911478725,0.005565265202427133,-0.0016402428168006428,-0.002889251152851727,-0.0005857551049193121,0.0023388831065678604,-0.013030699147612776
2024-11-11,0.14611004423216728,0.13052339965889928,0.05954987969151354,-0.03421277811016208,-0.05306170387545904,-0.04291599638770258,0.0008879117727445965,-0.0016789759778385043,-0.002410293486206419,0.0014204374771595641,-0.001738465051575345,-0.004037115764104172,0.003451864586194733
2024-11-13,0.017676639683560102,-0.0548743148686119,-0.024132450730698266,-0.007796561805471766,-0.030067374244240296,0.003907152190712075,-0.008376402030422855,-0.004550135872818528,-0.004309565493564609,-0.015056669669585878,0.0001414068879403531,-0.004765556896581581,-0.02181990603927004
2024-11-15,-0.023318031057424034,-0.01347657904253392,0.00750724332520906,-0.007214906855232896,-0.012991909663027325,-0.02922881489543755,-0.008948834500791319,-0.004070650590902089,-0.005827571263473176,-0.0018968100604077596,-0.0024193344666299864,-0.0033197241681737384,0.0018562392628455088
2024-11-19,-0.011658294948114498,-0.010717127474484486,0.08497603635539061,0.017718512163875592,0.006155922455434244,0.028154104840451288,0.0018591927753006457,0.004576909382646188,0.008963288366660643,0.003788377821403721,-0.00037324706645981416,0.001240819862979442,0.006504036471033547
2024-11-21,0.09015784589611721,0.055823289115273206,0.07070842027503069,0.015513764381196102,0.003912005019140679,-0.016728326968136926,0.0020997920909367053,-0.00038324168202742107,-0.004358659633033167,-0.002468572386250714,-0.00066892862232103,0.0006709547481945882,-0.0035996671919133064
2024-11-25,-0.07848869537663614,-0.03063250996454843,-0.06679551328884321,-0.03364982709289566,0.0031858951494300033,-0.026600400001772155,0.006386994889826863,0.004636992293377969,0.009762693664793218,0.016007231992683005,0.002626705137113161,0.007072650331418505,0.029020981871086433
2024-11-27,0.010637709619710108,0.07964110439903029,0.05521476507909385,0.012131462132443874,-0.01831060772511166,-0.019853007453400986,0.0047634993655828435,0.003343746217850172,-0.0030104805963272665,0.0013425709418053591,0.0010715618609487788,-0.0008024199906006326,0.00640220992643792
2024-12-02,0.0097293492644495,-0.004057589359434789,-0.08499230164640874,-0.012086446758940422,-0.009822672378322652,0.002505127035721935,0.003128666767841008,0.0027607418793356552,0.004078582525012246,0.008397708419369543,0.0013424457122986318,0.0020270215635183678,0.02583070843067644
2024-12-04,0.07474917857248684,0.0451742427969366,0.02935044784528751,0.00514853492747361,0.012543038859278554,0.041108654846111266,0.0028014197472992722,-0.002308471881451719,0.003384445426026267,0.0033512032823290613,0.0004925719820733231,0.00412945586452601,0.013141842240599479
2024-12-06,-0.017616281803270527,0.015545104160635224,0.06320818189340231,-0.005786320615587905,-0.006931062777271403,0.005856983493556667,0.0027127235144306797,0.00010513402864340579,0.0006289788777312524,0.0018188573619866747,0.0010462734516823884,0.0008527591386997213,0.007399718526922644
2024-12-10,-0.061824582557390505,-0.14328342708922784,-0.1191831209427406,0.027527265546052344,0.017139369976767946,0.03543328095560487,-0.001092490302398099,-0.0014059427694232633,-0.006468032656045325,-0.0037161571111725116,-0.0001734178310883811,-0.002029938884427413,-0.006191232907281833
2024-12-12,0.017236278681638725,0.06459512013915206,0.0679901047692075,-0.0034697678471153686,0.0008033967244699923,-0.03154411027107682,-0.005516879431827364,-0.0016471986918132667,-0.002860094371675161,-0.014334092040556391,0.0001244909431960332,-0.005114022286662058,-0.027151216902735472
2024-12-16,0.02957784197077397,0.08232816689934547,-0.07909867530840498,-0.008801811273954928,-0.024464124703562497,-0.036660117690659605,-0.011729184160196825,0.001247227027355216,-0.008626895191880772,-0.0022342870691935213,-0.0001990316066629986,-0.0013756548404980635,-0.0008262137035074894
2024-12-18,-0.05797327641095154,-0.10340339305443681,-0.07766373159699069,-0.003918714864882228,-0.007816872993696636,-0.01808691936881652,-0.016031128249852814,-0.01110330374080606,-0.007607761009057767,-0.010990855945542654,-0.0019082625837776497,-0.008221568319222381,-0.004073802755310279
2024-12-20,-0.021719903628986025,-0.04238558648642266,-0.013152871424688725,-0.0118674660845213,-0.0004932331947269941,-0.010083618676792812,-0.00014326330461876015,0.0017946030000908662,0.004689845558771232,-0.0030625879763108675,0.0024391705103757816,-0.0011535343622907685,-0.012704238281917956
2024-12-24,-0.02198741311545003,-0.006747479953617595,0.037095148156382554,-0.012753544301069432,-0.006908360357680314,0.007708205574979133,-0.005213227210648581,-0.0012082094592613768,-0.006601784921812926,-0.004108025933150055,-0.0029882348441539128,-0.0013430735726434897,-0.011293018171994016
2024-12-27,-0.01197953168030376,-0.05230419582388815,-0.09307764777761918,-0.009928481643409696,-0.0048705356328456436,-0.01979822291605754,-0.00683372503656561,-0.004838220573524625,-0.0002425235306628107,-0.005915056013167319,-2.797902476315195e-05,-0.0033909257542686796,-0.02167358286714864
2024-12-31,-0.0007834043478165999,-0.02310755718004909,0.013995221699318869,0.007533747815854144,-0.013916267573689887,-0.02683707267722494,0.00014133322537639268,0.0007961329555824296,0.0029575213186025656,0.0030673113160021217,0.0013447141231569992,0.003413284576786018,0.007793128324274107
2025-01-03,0.02494952613917032,0.08395304965056945,0.15802418993780945,0.0020735581784658633,0.014028351242047968,0.02942989612975473,0.006656059852173022,0.004486312351365158,-0.001087781619489879,-0.0005578631200438139,-8.257373477513436e-05,-0.0010403373457283653,0.007048108631089988
2025-01-07,-0.00037636820678457576,-0.06351936707966443,-0.07353481282678742,0.007088549950269722,0.03319343731510803,0.027223753160995245,-0.007435217947000849,-0.005272553038284849,-0.006568684578385584,-0.007636171335246098,-0.0010969762060797916,-0.0024409599326323996,-0.019613261049761365
2025-01-10,-0.025153397798887988,-0.02111805188416733,-0.045074746201518204,0.02330053314347808,0.025767001017929843,0.015219434111205903,-0.004047106457709044,-0.002732299764577396,-0.0071754148720167945,-0.0037414919165418255,-0.0011773043473476397,-0.000787382426535122,-0.009390809985808816
2025-01-14,0.03812121188504296,0.013268897728462382,0.0007262480049637442,-0.011485306826089845,0.00034692869920451355,-0.03594681252500233,0.0033820911776274443,0.0029264914866590375,-0.0012114615686386568,-0.0013485307495004829,-0.0005046358901178409,-0.0001486782284557515,-0.0020652006163992616
2025-01-16,0.03756362314860016,-0.008187141645328053,0.12704189390164164,0.030797280927350446,0.010518015770254928,0.043565283458840316,0.007385242760704234,0.0068712421011050875,0.01684846036186525,0.013976155813851126,0.001187743998258496,0.006899486537790092,0.019342559251928966
2025-01-21,0.06383848008732346,0.022481251196311777,0.154788741407835,-0.0016800985481447107,-0.025563090580184803,-0.004400000451681706,0.009222031909351999,0.0023538407550410443,0.004285032347594552,0.006765825912407673,0.00024430265739413333,0.0019136705611194206,0.01344700758489729
2025-01-23,-0.037518769789359044,-0.002872504978760942,0.026921218067380633,0.006564824674188754,-0.01195323707447411,-0.02903975443379308,-0.0013433015336248807,-0.0010645205944170679,-0.004246374233833954,-0.008690028061860436,-0.0011434209955204452,-0.0008194008738185575,-0.012760893843261968
2025-01-27,0.005727960019515716,-0.0360262828249314,-0.15947111312300422,-0.021694954537964287,-0.02519867967495672,0.004355223020994807,0.0015981359772546978,0.0005372547481201462,0.010983005079417197,0.0031795108510039964,0.0016846397295909067,0.006245854252593757,0.011156809868724707
2025-01-29,0.008485215765947886,0.0032837775987436917,-0.04107610894118949,0.013319587012866787,0.019387509096063026,0.031147859939843377,-2.7280616658141186e-05,-0.003274972988462397,-0.0002746159155604384,-0.0013505220763630316,-0.0012354117447197462,-0.0007334391728335828,-0.0029348424322307386
2025-01-31,-0.024170730902103553,0.08684828305565018,0.029971877343859143,0.018160452913474658,0.007736967730971065,0.04780573008801083,-0.003997884666936956,-0.0009434011433384294,-0.0012309412598826576,0.000457593848754568,0.0014579478495730356,0.0017238807090592056,0.0027015397833014703
2025-02-04,-0.04218797844883365,-0.15538620777327636,-0.10800660073471412,0.013892284895155238,-0.0051875747673093865,-0.0009276392898277426,0.00048262720612374157,-0.0012406959271582016,-0.0016217664453535932,-0.001456186441413169,-0.0002459817243386036,-0.0010256818530974352,0.02170595354600751
2025-02-06,-0.035636468776934924,0.011132630818569213,-0.07166512696192104,-0.004462942191155715,0.022028751765729472,-0.005345893036869881,0.0028038450770094163,-0.00042339684407708376,0.004364731199907849,0.002630337571902965,0.00021410456674548142,0.0020430668201914673,0.015395410951826411
2025-02-10,0.015399309970759298,-0.005873440567821336,0.01909596099932101,0.016990818756121056,0.05644352946477913,-0.0014915972695467897,-0.0023561958279213566,-0.0016437594083741573,-0.0036348241885467707,-0.002969584383640876,-0.001775975851794199,0.0011011932598743003,-0.01267690052761821
2025-02-12,-0.022864588167767177,0.07372250968432063,-0.00793107028493295,-0.010455939511480316,-0.0055025611183260135,0.018728920822358795,-0.007011030103164073,-0.005617894222976157,-0.01028928522483431,-0.012867911033110094,-0.0018748530352113134,-0.008727344497759873,-0.02250485836995084
2025-02-14,-0.012194482012186902,-0.00246493063394711,-0.02030307212979815,-0.010910333612768287,-0.010747590726503017,0.0027098389293915746,0.009471357311473942,0.00389213291107409,0.010967126023962881,0.012472616522380327,0.002191932699430573,0.005332457032831945,0.02238775665904118
2025-02-19,-0.018867752746383144,-0.021778662691065848,-0.1718744391683245,0.011212217658234202,-0.026370879037556014,0.012718675530138616,-0.006935867019024543,0.0002441576767473331,-0.0025884977307280505,-0.0037575579018436145,-0.0007970795962593003,-0.0005965085445476682,-0.008065930658473176
2025-02-21,0.025054914318858486,-0.03017867260867952,-0.06432851844663377,-0.000397704120247421,-0.01414109361983702,-0.028934603578060297,0.006390728194376931,-0.0015760211019654532,0.005368724098760448,0.0015007469813876871,-3.5307506230370603e-05,0.0023959534154823145,0.033382925885889675
2025-02-25,-0.0892463304036243,-0.05561248084405056,-0.1768180570189364,-0.014026917691037805,-0.03409465323142255,-0.023989547027568975,0.008401678039102745,0.0032877874460627006,0.012053946203372672,0.012561421924048992,0.001357090402753339,0.00589088057010385,0.022619783623238507
2025-02-27,-0.03788728885711758,-0.06859276551786693,-0.07366763725451533,-0.006831013306486258,0.029846848158046425,-0.008076505735516548,0.0008590110330261501,-0.0029254004816684728,0.00019592740941892545,-0.0033385357488948868,-9.327454915958333e-05,1.3679899283625867e-05,-0.0016613548275994834
2025-03-03,0.06124070799221791,-0.09987358011828748,0.10073534004033746,-0.004946619567836227,-0.010555430485423943,-0.013142274579615632,-0.004965878750359701,0.0017286917490892764,0.009164967225239374,0.006596725864626725,0.001264154278395221,0.0077544486327570245,0.030323131606002914
2025-03-05,0.046121017288565824,0.04411932424723629,0.038116462798609294,0.0022219933690677367,0.043467963077049136,0.02299015257466118,0.00026847890112440117,0.0008616102725822953,-0.009325326122121093,-0.00616921514711712,-0.0010545085726104764,-0.01040694909677756,-0.020123189480340625
2025-03-07,-0.031476444361314276,-0.06237213876926484,-0.038619818006528306,-0.012785169176682515,-0.04458328992289355,-0.006933612086075876,-0.0028582903953521203,-0.0038705298257720004,0.000625646096663093,-0.005306330590425279,0.0004797918300015229,-0.00333441064391074,-0.012325401959517281
2025-03-11,-0.04312804996379339,-0.10211534291966182,-0.10925434272697161,-0.005290495684199495,0.023049637937515403,0.011941602698226802,-0.0031204128742986633,-0.0076081916706780975,-6.973206987969261e-05,-0.004308186347449013,0.0006719446019111837,0.0008943788323432264,0.0013207483135064119
2025-03-13,-0.03310856215747536,-0.024370168511344176,-0.06545577717943768,0.02518412012611179,0.032601390034874465,0.03485862709684109,-0.00013211091444880016,-0.006101143301653466,0.0002564997464240971,-0.00034664676993735496,-0.0001600668183527887,-0.0007384568143510742,0.005270361415393658
2025-03-17,0.038366822342959316,0.024521889808929193,0.039842200784522615,0.005889144971721879,-0.0016515715419315085,-0.0036245633275237337,0.0028879175538553026,0.00638423687914769,-0.004353754475421044,0.0005558515147606436,-0.0014314009610770094,-0.001549237457494866,-0.0004996046356735464
2025-03-19,0.06004124779187022,0.06563893004915065,0.07270348989302644,0.011911340129239832,0.0212359964789791,-0.016871004403670148,0.0028907177718083188,0.0058310813038183135,0.0012667140961586994,0.0077674988577707705,0.0011541124961025387,0.006539705355311292,0.0010737960495211096
2025-03-21,0.0003382765614319064,-0.01041934777638439,-0.019661704480437504,-0.013706736869786563,-0.001958296009058684,-0.019095866863782528,-0.003555033071757455,-0.001523050669524188,0.004656704516811972,-0.002837941263391653,0.0011515600737698017,0.0001927715889374549,-0.0019489619730532794
2025-03-25,0.03295262729425377,0.03584777780686954,0.10463116276322477,-0.004469042919359894,0.00890108962239499,0.019450052712311313,-0.0017920822826520872,0.0014519520145257004,-0.0044326945091891995,-0.0036795777180633304,-0.0015708397545647849,0.00039832767459121337,-0.005231830988489663
2025-03-27,-0.005471544601058509,0.018078568961397402,-0.03772458873209141,0.006790843837082526,-0.0075144320461119525,0.013748821620260452,-0.010201884518448575,-0.007557023267057519,-0.009897775553976735,-0.00590317997191183,-0.00036395765531268447,0.0024873792519571145,-0.017854964206595277
2025-03-31,-0.05150963715932277,-0.14216770417253644,-0.1557340031048442,0.031605299806514026,-0.027824731369121343,-0.01750265136770361,0.0021298108573088934,-0.00020701846951018583,0.014911148800962115,0.011412100237703077,0.002053060779192251,0.014652114592080693,0.03651601214159832
2025-04-02,-0.02292349696273571,-0.04838626461143169,-0.0815420320602151,0.0027070807409043506,-0.01061931749291052,-0.0003927101098215142,-0.0026411238554284915,0.0017643206656200111,-6.686738945024372e-05,0.004609689723898132,-0.0009334721707029323,-0.0017175399591069628,0.005059597009484624
2025-04-04,0.006793035939070158,0.013942639137159457,0.09732419476223209,-0.041436259221964505,-0.13293598814995503,-0.17159126599576968,-0.020162506291410823,-0.028279754539435892,0.011419114776245616,0.001987542953931586,0.0022740535774708865,0.0015232311421695096,0.005478345493630682
2025-04-08,-0.10229301912596145,-0.19612855895327225,-0.15832315313405024,-0.015274563446271611,-0.057303789680336135,0.010896003389044971,-0.024599572459269702,-0.013249992695409172,-0.01822763000381637,-0.03403653019475561,-0.0011946090024802297,-0.015605596313863492,-0.04806620876317195
2025-04-10,-0.013383048433353806,0.027524480090560743,0.04929257571421297,0.07197626300566326,0.05323649209487274,0.04381432372888839,0.008174941878212449,0.0046338809739974104,-0.007616897693181029,0.0022117896531890866,0.0001825000494638352,-0.005298382739303801,-0.02511804963907288
2025-04-14,0.04768480868285906,0.06592542653477501,0.18517864908311382,0.01239654420765858,0.06104230420376153,0.03877537502852995,0.011351795893025662,0.007073883292160032,0.0002368854101893296,0.0003583615027839687,0.0006301265973219965,0.004796842306500112,0.004272097724315126
2025-04-16,-0.020094488435383286,0.025684708995290385,0.0038964244306196848,0.025601555543801738,0.010677386358807597,0.018465351061908556,0.00038243080181770426,0.0005729168685495822,0.00320455776915212,0.010012535873076427,-8.9871613231071e-05,0.0013664547778367443,0.012606104918805743
2025-04-21,0.026147952191681242,0.0017085434567749563,0.00019294316503543074,0.02204688853201521,0.013466556899413012,-0.0020111320729591237,-0.012779171584981975,0.0008403313429044271,-0.006996566685304214,-0.017736039574347766,-0.0011452953217828692,-0.0008098227988550797,-0.02632237279959231
2025-04-23,0.054996694154430814,0.16006660240581522,0.13920430021856536,-0.03919465913907559,0.017856564505926212,0.03679155044515704,0.017899324905367667,0.010610568725304479,0.005203872865913433,0.006294132474371881,-0.0005180470760353362,0.006908674511094221,0.016598715776228585
2025-04-25,0.005618094733772883,-0.032906944832272536,-0.01421755589206269,-0.005844194127623534,0.006449901964515448,-0.012541837246246648,0.009502759316181544,0.007740345020712459,0.008940306755686243,0.014758736025886425,0.0008321212847819692,0.006341385993290713,0.010608534096131588
2025-04-29,-0.01090041524203781,0.003352310411997215,-0.05971570854410509,0.0005713649554025396,-0.008720175117241939,-0.0013833565935570235,-0.0016509690119183556,0.0013013911032119878,0.008564170519554076,0.0060318689496477226,0.001202199552973382,0.0034017827053907483,0.022553005065630273
2025-05-01,0.03981741093200462,0.02785408883327184,0.004157126490945205,-0.030534337852187482,-0.04995221379409387,-0.05208225578660698,-0.010023233263484067,-0.0035380964694200594,-0.008430708534543564,-0.010595563708965637,-0.0010758513653334502,-0.0031588000539560773,-0.018106733289066125
2025-05-05,-0.037303239595134416,-0.05197038706507061,-0.02097578938519943,0.03962485596074207,0.025273068822588327,0.008036107820079824,-0.0010261904402095647,0.0032178344405283713,-0.006388871896332136,0.003727046452521965,-0.0019144004439976604,-0.0037530273285054667,-0.013149962462008308
2025-05-07,0.01585247904829839,-0.014244362574989178,-0.022236108247931097,0.024727344578993907,-0.0018082422780240533,0.008682421212448771,0.006817057075681206,-0.0015128907325850352,0.006245302147339059,0.0026085298752858803,0.0009492340035615178,0.0027654761612256927,0.009617568065391937
2025-05-09,0.0616946399155761,0.2996730344837132,0.13008916724516056,-0.010806981560224872,0.005113583018890986,-0.006138389911879524,-0.003168077279497559,-0.0032596189621035203,-0.008711072111369424,-0.007943058849024215,-0.0023192378844936676,-0.0037786545762240296,-0.019063851072025344
2025-05-13,0.025554166372000815,0.12419512327492813,0.07902964484996766,-0.03713117508382759,0.020075427707348853,0.006192329647268056,0.004905576378574453,0.00952613692813628,-0.009033651885191459,-0.0014477365148969769,-0.0030843971284681376,-0.005689521416018898,-0.014445756422556407
2025-05-15,-0.006374438090694139,-0.060987532457199053,-0.08794370762617071,-0.008763646759527784,-0.011600114599891386,-0.008843406807814917,-0.001710779732093215,-0.0029153638988871026,0.002940373586578104,0.0026157726951962453,0.0005936845238713629,0.0006847158909247461,0.0016117507733898616
2025-05-19,-0.002165088988051022,-0.02145868504835986,0.03389431527378884,0.005260808948837495,0.011053855146859559,-0.003004322362118809,0.005984585324877204,0.0019405443853983985,0.002826803716553652,0.005447617108756944,-0.00020405213451872285,0.003864980945512928,-0.00211100696332677
2025-05-21,0.03646284397592593,-0.02939637654845384,0.05076586081707768,0.022100841467824654,0.0027841773171125876,0.04463044656982519,-0.010013018478485802,-0.007768433275084736,-0.010417207429981132,-0.011855526380289687,-0.0007803741157398152,-0.007227967180854945,-0.01975434057900578
2025-05-23,-0.04074934858223907,0.010579841168823838,0.01652941758720473,0.01893109462860728,0.0406280674166125,-0.0032362287735882836,0.0035915495357058394,-0.0006514529090273268,0.0014186798818842097,0.0041668766371472845,-0.0004773577429210763,0.002069290794439423,0.0032279172404889155
2025-05-28,0.0009450002836837871,0.06239370738064609,0.005618351239730996,-0.020713580921151963,-0.04176242392404257,-0.007826185907549181,0.004279121580084696,0.005018717503827791,0.0019576936735914274,0.01070247461611849,-0.0002586897262016281,0.001066840694885042,0.006678543198735473
2025-05-30,-0.03458856911062906,-0.046998941051763145,-0.08489382681444824,-0.00271668126547507,0.006378226201412292,-0.006048823524180752,0.0048526623140882335,0.00237325519470074,0.006903216694448495,0.008472246668496088,0.001405549784013616,0.005381474821113852,0.004771355337060534
2025-06-03,0.005116933164749536,0.04813252087425153,0.0007223957769028691,0.024413731939308292,0.04917545520055293,0.0592555822219007,0.003003957308867242,0.001600141432916466,-0.007413924916204632,-0.008183642033135288,-0.00227829031000109,-0.005942203478086908,-0.012516445486333449
2025-06-05,-0.016737090236222406,-0.05838862909846981,-0.0703708173934478,-0.003979036163728533,0.025320855064457897,0.03663270897104271,0.004666171690378613,-0.0012668842797457466,0.002664325957149768,0.01015817516700086,-0.0009988212506372423,0.0030011808885455305,0.022430680247200976
2025-06-09,0.08247805893984181,0.1366533947778536,0.13079058085189088,-0.0014606158429915994,-0.002616873037062189,0.021138506651460182,-0.0012965424395465033,0.001004916906691218,-0.0038236700800572485,-0.003394946241251159,-0.0009508728613670924,-0.004500523404244313,-0.0016540756602056034
2025-06-11,-0.01876427549213829,0.051574332666944556,0.005755922591921872,-0.0066524130448750935,-0.03938014369948947,-0.008846440697123528,0.004147075287904906,0.00011271871010263895,0.007118128528823415,0.0016626599101194298,0.0007073886205353616,-0.0009376729089349265,0.003606743986816348
2025-06-13,-0.018564212342166014,-0.053794444970715005,-0.06101187104258683,0.03246487452823235,-0.002781021474083164,0.0018639736462278222,-0.005985181830871353,-0.0035506044048330314,-0.0010265798044735187,-0.0012557129313455764,-0.0009242616834069222,0.0015413279785393586,0.0005882764624145012
2025-06-17,-0.007558270747175603,-0.029323608337750294,0.04465536078952555,-0.010804409368808327,-0.0219733021522567,0.039767415702195885,-5.8400395933540846e-05,0.001861458605731996,-0.002179122940579207,0.0013398615099807303,-0.0011026454624554355,0.005192739808340529,0.013011954085282936
2025-06-20,-0.0029170270440278725,-0.06709420004865402,-0.13043935814550664,-0.001994852557605842,0.01850853979200868,0.02659061860460465,0.002077958777035141,0.004358666323890547,0.003479898705173538,0.0054441430613697715,0.0018200809628836486,0.006836468096425543,0.001582442759845103
2025-06-24,0.027437678164284125,-0.012693722332624075,-0.018588103624376177,-0.02261253889224903,0.008701191307404998,-0.005778717625557777,0.008193168883253757,0.004013835175131599,0.009276648490535768,0.005332960283432212,0.0016657597225993425,0.0006604889060650675,0.014502739064682676
2025-06-26,0.021288767069601165,0.014588154594840913,0.017260220863708285,-0.0018745007478880487,0.04024899100089637,0.006507571046798,0.003852168876706288,0.003280925371956413,0.0018424025364258507,2.4333872385090896e-05,0.001131294695635216,0.001165216741783256,-0.0013232999053769358
2025-06-30,0.034382637428312365,0.028194616451343756,0.15782799857293406,-0.02619967297529925,-0.02215450708251114,-0.03280494210412678,0.003586599232134548,0.0028272817486335415,-0.0024773974700322524,0.0010711800053904126,-0.00011683803645599954,-0.0021752447257625367,-0.007307033592671631
2025-07-02,0.007197028645254171,0.03415023647449706,-0.026643820499018072,0.009924719568956158,0.017794158860521846,0.023280157025294793,0.0038254367521410714,-0.0025883870445052703,-0.0006594997329764252,0.0016519663441153457,-0.0009032023039303844,-0.0012765387408565374,0.001635227159579985
2025-07-07,-0.010721947944759207,0.015802650399639993,-0.042893519808786765,-0.002784622016850513,-0.03961510713757099,0.011226394939104956,-0.0027212366389226775,-0.0032077436476765707,-0.007299558121724862,-0.010628108907051445,-0.0020353434977568078,-0.003497382430115414,-0.016200224927237637
2025-07-09,0.027943112975406737,0.08215577375105151,0.04607405497309362,-0.005588715696090687,0.08397483332173014,-0.013269196094765599,0.0020307760085777134,0.0009997575756757,0.0019162920563440232,0.00011705907495953346,0.00048080933108852065,0.0028457030560432137,0.004851764611200043
2025-07-11,0.05602234817094201,0.10339414636310118,-0.010199588006468786,0.018390711189074697,0.005325448374995045,0.06526094533331558,-0.006175587246302534,-0.0026675689843031333,-0.005292194685065635,-0.0061374446288809895,-0.0005068829629916962,-0.0033868473588076634,-0.013934426097460852
2025-07-15,-0.02460573394589007,0.010881436010208419,0.06503686520902796,-0.008294750893363194,0.0016009556770592488,-0.008747946262392607,-0.005072747365331151,-0.006825163352762051,-0.006642506430855115,-0.007244248013102276,-0.00015157212607771944,-9.742532117669195e-05,-0.01568580212425002
2025-07-17,-0.010528297327568544,0.06790924078485373,0.08593323331017028,0.01308577241130944,0.006503900333019905,0.020458574929304477,0.002102514143149927,0.003729966669167815,0.003165122474612806,0.008231430979755736,0.0007009135179448636,0.0010371952668296195,0.002511165500877529
2025-07-21,0.004659400801099424,0.08777216370689628,0.12222802230031923,0.01870645679292133,0.017181027526544542,0.03518821930154986,0.009307013626017532,0.003931551276193152,0.005250685184744038,0.010774374104004692,0.002181162043789979,0.006860185855696973,0.015455665847692406
2025-07-23,0.01390725137868358,-0.06879357796588668,-0.04330082906451024,-0.019325255675956172,0.03995137785992546,0.0010595702689000326,-0.0007914114430620706,0.001202034027372676,-0.0032463252418110855,-0.004206842378836029,-0.0010686012387361669,-0.008237720432609473,0.0008759815089517984
2025-07-25,-0.016023452578613637,0.04785391743465756,0.02227237852273587,-0.02111084853326517,-0.014794246668634044,-0.042984550548405026,0.0022756851708532343,-0.0009210553657056124,-0.0018490449546688182,0.0018323666155344856,-0.0010019118721523404,0.0027792513088953944,0.005762252071565561
2025-07-29,0.0280272669813226,-0.011897746649819609,-0.018917020458776405,-0.008302201704126728,-0.02871349472082937,-0.027738366460665815,-0.0011374559882071766,-0.004797971832104912,0.00439474666100396,0.008408017115824272,0.0015478332769582734,0.005808615905119671,0.004108946647346741
2025-07-31,-0.018444774435909934,-0.028049033780364413,-0.07308967810381103,-0.007449045745592207,-0.2571423191790239,-0.05177087482441071,-0.00027014489293832283,-0.0019483598523671389,-0.003617394123902559,-0.005913296394794313,-0.0014116810890456074,-0.00765782494587341,-0.01437334753012762
2025-08-04,-0.021010112809783106,-0.005888626283073951,-0.038564446850096204,0.017742372887612337,0.005414606668186467,0.009192964011552448,0.009997168252127632,0.004041223225857114,0.01619146798406628,0.00655317531840279,0.0039631793023274355,0.009311710687071598,0.02681395399405714
2025-08-06,0.027342199403328108,-0.05039704355109141,-0.010133654377897486,-0.010724327571011088,-0.021040533331733044,0.02146289951971462,-0.0002592484735110481,-0.003177144127751651,-0.0047929082053120835,-0.0007524790451752161,-0.0006813065847381949,0.0067967914982026145,0.0013017381163096366
2025-08-08,-0.031861039516453395,0.07345536422408541,0.02777225121161013,0.02607954328494287,0.022634893974175452,0.02245999946362491,-0.0031018488567799854,4.9789835081632595e-05,-0.00014650670490240578,-0.0060190932539178335,-0.001717403238399548,-0.00186145699696401,-0.01822375900781218
2025-08-12,0.04207252348703928,0.16782709283492686,0.045179604909884055,-0.03564266335448398,0.019223249200476508,-0.010153135468129567,-0.0033220927355488675,0.0035112728320388148,-0.0025585743458050544,-0.0018393371799699187,0.0007169743168564862,-0.0008563093476506175,-0.004800754680338494
2025-08-14,-0.029088024800382594,0.003373135694996948,0.013906106883874999,-0.007691643542365893,0.002090081481497542,0.004128575684689483,0.00157346691994257,-0.0029545570723712444,-0.0004492711051918518,0.0011668842514076943,8.959755794282363e-06,-0.0002074791359633171,-0.004756926070621686
2025-08-18,-0.03391541228100647,-0.05707720755639911,-0.0733726247423535,-0.007061957918717037,0.003837705706080426,0.004893320443779538,-0.00010596379073922743,-0.002271002624183893,-0.0013183599313516389,-0.0017166415217780232,-0.00017913342097030548,-0.0025328444457663048,-0.009008296510999938
2025-08-20,-0.04700139933622669,0.022537238946644392,0.031206147059149036,0.004771851449604476,0.00795367766284303,-0.0021034933405547204,-0.00496265766588649,0.0019794184256742135,0.0010535633113624588,0.0041194876675393274,0.0004956145495512954,0.003826647956590517,0.008062793095452313
2025-08-22,0.055839607568559185,0.10136933426333715,0.11391372206298504,0.007604028678413399,0.01257259251949395,0.03434372240189683,0.0009357214368281583,0.0036257240268042163,-0.0006966773602763371,0.0007609712678211308,0.0004348369308310486,0.004785113449565736,-0.0017276806232622267
2025-08-26,-0.06130621664054951,-0.056957749798589155,-0.023206166453819885,-0.0070032309955575,0.008390729899729537,-0.014055605869351815,-0.00582139616284859,0.0016206860822016497,0.0021078805368513246,-0.0034022119584217916,-0.0001418322232081972,0.0009228129812774947,-0.0002469786797047388
2025-08-28,0.019835646429234702,-0.057830359607373136,0.10115843356441596,0.01675519387803993,6.341755547968706e-05,-0.0027252495081526856,0.009039862895261897,0.00025838627933021585,0.0019235788927029355,0.005190529533541127,-0.00026942619780973747,-0.0015362894328473783,0.005639517521087391
2025-09-02,0.0038704267428408146,-0.07727168360459111,-0.012806093454958395,0.042305987449980105,0.011762366308571345,0.036552715211641426,-0.00693870791613107,-0.006221553128730944,0.0005658285740917802,-0.006813603385734888,0.0011606683118116864,-0.0036206406942517894,-0.0075556481679310995
2025-09-04,0.016976831461344506,-0.03047964054466682,0.021633063155087034,-0.0014668786467681898,-0.022427930601960994,0.003831754061845577,0.010703740498322584,0.0021253310379217624,0.007891300405920666,0.013149089032612053,2.3594283296770853e-05,0.0030197907835892695,0.032288004953492794
2025-09-08,-0.0007615573986500535,-0.010228839697689916,0.053186967567257055,0.0207107187411082,0.017315949671453928,0.01859605640298455,0.00755610700117977,0.0016063995163000202,0.010593547589735042,0.008623857207075399,0.0014185619184170712,0.007841655788887406,0.03438375782202436
2025-09-10,0.010672386758485933,-0.010532773024011337,0.06732897762266021,0.00022336918873505163,0.008965561210058143,-0.017217602953255112,0.003677341013056579,-0.0012482417811761164,-0.0018830631954034316,0.0015329716979144644,-0.0013980238434451555,0.00016759681832461673,0.011136793531477451
2025-09-12,0.030169586915105844,0.07781493666870133,0.0896536891538314,0.0001683524157829366,-0.019473661792690868,0.038584200652586,-0.0016091357453173441,-0.0018110573421965058,-0.0014828989548330786,0.008911963472400128,0.0011053990308197439,-0.002374451055185349,0.013281606321574562
2025-09-16,0.006734751367221353,0.01937818108617887,0.03189887332941796,-0.0036986330698491783,0.01886848752977443,0.023645402682424564,0.0035312045857565544,0.00044944335721110737,0.004101398604967112,0.0016772681019036157,0.00045741241234053013,0.002480307274293163,-0.0009370682712276819
2025-09-18,0.0047232335727809644,0.039593011914357004,0.06611839805148215,-0.019026223292371275,-0.022268839411803437,-0.021373164324182327,-0.00570459529010784,-0.0015615771495625956,-0.005513856890454812,-0.002767753878862511,-0.0007852724175405394,-0.0017577153467643468,-0.011675034897838032
2025-09-22,-0.07014068103998422,-0.114049141630615,-0.17658473136338843,0.01891517478792842,0.004250243080570617,0.05287001730942714,0.0021972555745309553,0.0002521646763266423,-0.00632143686025763,-0.0016821304108115497,-0.0009447935233157946,-0.0048548302917091725,-0.007754814685238102
2025-09-24,-0.004358683557674447,-0.03478781132943898,0.0024066266783727697,-0.011938141546274213,0.05119680446403335,-0.011623550646417687,0.006264767172408318,0.00019503876539609007,0.0001933581597062889,-0.0007465150809636686,-0.000699332950703654,-0.0006118191273177196,0.013872660224989673
2025-09-26,-0.016580259171257154,-0.008841347023935998,-0.01450540218768281,0.00790550438687457,-0.0019070477487367812,0.0239314925302075,-0.0027266407016874666,0.001033808590788977,-0.00429611827829599,0.0075609762634138745,-0.0004772167139581384,-0.0029500246484709934,0.0006305959222826826
2025-09-30,0.023575790219949634,0.06023368426629186,0.007214708711003635,0.00362332884505176,-0.003810896465745728,-0.008907272185987093,-0.000792368950987691,0.0005234989163931205,0.0025388321893695595,-0.0016208912931035082,0.00031387973829777175,0.0007125888979070279,0.003703479213479656
2025-10-02,0.047734182701642154,0.05252397755455526,0.08618379579710017,-0.006885010354910463,0.03182394076080082,-0.03163606183036364,-0.004486602484485558,-0.002163135975705508,0.0021544035245843925,0.011518262897308468,0.0010593008329699025,-0.0018346499117359932,0.0034135349308342814
2025-10-06,0.03687917060039751,0.0398883593745557,0.009522294417070648,0.02778911573451448,0.017735230404173415,0.04187380806239292,-0.0010247922763151178,-0.0018140533645100848,0.00018056952552744816,-0.0020392687714248436,-0.00021902966158984273,-0.004252652416492437,-0.005463335505836411
2025-10-08,-0.015874868977798866,-0.02448927838995306,-0.023577318686946964,0.022552603386159345,-0.019973352188631686,-0.006009816141508998,0.00040637619810322535,-0.0024338980866881973,0.001348648372440379,0.002200700111870495,0.0005329890919747845,0.0051381444694928065,0.009223895600054856
2025-10-10,-0.07085497108694291,-0.1661694823609057,-0.22556452032998855,-0.010134748129976317,-0.04647941323207554,-0.035703447701475495,-0.004107354018790784,-0.01070333026070279,0.004927263517671286,0.0010408363047303283,0.0012128934470342335,0.00044603799570441544,0.013116690583371865
2025-10-14,-0.006820723844644495,0.0661010513405304,0.09835331878390755,0.02771262762742832,0.012782982360103386,0.06462085950019232,0.0021851660306592717,0.004840893245369168,0.0010942406950423269,0.007393157124340841,0.0005635534560291117,0.0036505409577467147,-0.002485865259263023
2025-10-16,-0.050099556286181846,-0.011106600321555131,-0.0807240530417488,0.03757264577676089,0.0009033286505864876,0.047784361034459176,0.005280979227462556,-0.0009190128349464849,-0.0025311769059842507,-0.002119778414553462,0.0008577767266128209,0.0035458614839097295,0.014990450414617076
2025-10-20,0.021541980275139753,0.011121176629318812,0.04565545920422369,0.011130638800388577,0.005518136779946541,-0.03314922426509276,0.004296486354056996,0.006121228543280595,-0.0017989946172315154,0.0006471258674723653,-3.134328289888799e-05,-0.0006286971904157072,0.0005268990203851484
2025-10-22,-0.027963616511317336,-0.07302943552437668,-0.04012352427806116,-0.07118749704270806,0.0056338177778982815,-0.09216468846684114,-0.0005806629022862425,-0.002607613382308267,0.004782879184760225,0.0025269420646228443,7.046337840635296e-05,0.005379975506413448,0.012307676934405237
2025-10-24,0.008541398023642146,0.03757091295826144,0.11583144821026566,0.015814291553699848,0.02395206413476856,0.05721112641015958,-0.001835125470120949,0.008023754421162741,-8.875941095256353e-05,0.005494787324494957,-0.0005436915822033612,-0.006238514836175733,-0.010826755976315388
2025-10-28,0.004442906581717768,0.0002490144397945381,0.014987573110945852,-0.0402191407517821,0.00903092406386594,-0.02629878856194481,0.00884378252088893,0.0011402998931722597,0.0016474317173247252,0.0012810716638372458,-0.0004924091984627366,0.0003138940380827892,0.009179707010717629
2025-10-30,-0.05830802833585783,-0.05271534948302051,-0.042384161782175904,0.004970517366839719,-0.024588827527973936,0.00369964032013528,-0.005901937439948769,-0.0074645579417044325,-0.006124067903022381,-0.007820943521040846,-0.0015587987318245481,-0.008965879917063988,-0.01569751632737381
2025-11-03,-0.011278610746263733,-0.02880541033733494,-0.12277558183673253,-0.009965270550703419,-0.04652101298386971,-0.010610451505848141,0.0020634005439892442,-0.004990114634282492,-0.002603942771505635,-0.012883049838394329,-0.0004403961271753779,0.0009180481858697596,-0.006335498694949648
2025-11-05,-0.05514467187973533,0.02187561012141074,-0.023522558332827136,-0.030155777082304686,-0.03091039415840154,-0.0074338690132088655,0.0005645530503193561,0.001651899846374485,-0.005490396180618327,-0.0009526221617501798,-0.00038615555061793146,-0.002386331015665976,0.004222138923065923
2025-11-07,-0.021106456836207876,-0.01244174338862587,-0.029742412792346604,0.012439486377393366,-0.015756385922767877,-0.007961451770475077,0.00643253985569464,0.002374459957175353,0.00614602081421572,0.003065638980727926,0.0015614117676427406,0.0033489953913234016,0.012905840234795109
2025-11-11,0.00811191498466893,-0.03226710506054474,-0.025123585095525314,0.020886374008333715,-0.0029211942722837322,0.049876867554341786,0.0023194441734365554,0.00191577394550146,0.004519647597458917,0.00611978014819602,-0.00042492802345069037,0.003921245922874901,0.0069038489713382336
2025-11-13,-0.02609345432028322,-0.051929113522459304,-0.05345770662424654,0.021299035410409686,0.00182895959063615,0.057575840177041,-0.007290051005309,-0.006307234074706813,-0.004000108660508881,-0.006254560988564491,-0.0015553685406291162,-0.0033317533469236753,-0.0034629694948647956
2025-11-17,-0.08886737425431135,-0.028177191568845086,-0.2150699343784381,-0.02965336319863929,-0.02583310445499382,-0.05550713746500421,-0.008335120176917819,-0.004000659034852508,-0.001823301519306598,-0.0053510002036412365,-0.00033421071511828554,-0.0005580738378741224,-0.0034091694193697773
2025-11-19,-0.004099598627430858,0.01986971908829571,0.031273499926784326,-0.0059980341317650895,0.00890872619120066,-0.007107247932050165,-0.0035936681296797027,0.002562907694690613,-0.0016082438085700127,-0.0028315937205722853,-0.00045820823735764644,-0.00018811451608552888,-0.008835148089301048
2025-11-21,-0.06925657123251262,-0.09476643613706484,-0.08834447387989211,-0.0008505154423773255,0.027975395930048715,-0.039386118814721024,-0.0034261650648834386,0.000237200971447376,0.00463500229336718,0.002698547445714786,0.0013700326518733736,0.005296264360080989,0.0053549340888801415
2025-11-25,0.0448454277841223,0.11365593334767904,0.09458550002285873,-0.0018424822833996626,0.051263314172142055,0.015113908108023523,0.006550618586605659,0.002320176332250545,0.003905268558855062,0.000642024431745802,0.0007989745396541944,0.00019325986456257766,0.010749040233153435
2025-11-28,0.050041770034606255,0.04921917388524511,-0.029862001653596416,0.008065244096201057,0.044680951223683735,0.08488990427634897,-5.7585828644928254e-05,-0.0015213602544303223,-0.0005549819763346875,0.0028949104254318873,-0.0010600503451754753,-0.0015461412746207036,0.00345049182125462
