period,bonds:EMB,bonds:HYG,bonds:IEF,bonds:LQD,bonds:SHY,bonds:TIP,bonds:TLT,commodities:GC=F,commodities:HG=F,commodities:SI=F,dow30:AAPL,dow30:AMGN,dow30:AXP,dow30:BA,dow30:CAT,dow30:CRM,dow30:CSCO,dow30:CVX,dow30:DIS,dow30:DOW,dow30:GS,dow30:HD,dow30:HON,dow30:IBM,dow30:INTC,dow30:JPM,dow30:KO,dow30:MCD,dow30:MMM,dow30:MRK,dow30:MSFT,dow30:NKE,dow30:PFE,dow30:PG,dow30:RTX,dow30:TRV,dow30:UNH,dow30:V,dow30:VZ,dow30:WMT
2025-01-02,0.0006277603097259998,-0.00032281549647450447,-0.002194924163632095,-0.002642038234625943,-0.0029797653696732596,-0.0012351360637694597,0.0042165289632976055,0.023898095823824406,-0.002983551239594817,0.04451262019574642,-0.03636363614350557,-0.030299892649054527,0.016183065250515938,-0.014616318978369236,-0.011012167437002063,-0.03135573863983154,-0.004426372819580138,0.0100924635771662,-0.0075068234000355005,-0.010360666550695896,0.0013597931247204542,-0.004099179175682366,-0.003536219126544893,-0.002235480409581214,-0.027413961477577686,-0.0015267448034137487,-0.008214043686166406,0.0033670105040073395,0.034068421460688114,-0.005856853676959872,0.036352542228996754,-0.014789634384214878,0.00027520302683115005,-0.003604169934988022,-0.0008673949632793665,-0.0027357141952961683,0.020925052696838975,-0.013204874005168676,0.0027505022007972,-0.006617040140554309
2025-01-06,-0.015513163321884349,-0.006222311872988939,0.006497884925920516,0.01421462744474411,-0.009071180640603416,-0.006542844697833061,0.028711247257888317,-0.021896047750487924,0.03002065047621727,-0.18081071227788925,0.028455031104385853,0.00991298258304596,0.02468464197590947,-0.04543345607817173,-0.018445037654601038,0.07600658340379596,-0.017488349345512688,0.06218324555084109,0.08318177703768015,-0.03208229877054691,-0.05966320401057601,0.033507662621559575,0.023329010233283043,-0.06769579195679398,-0.6542650684714317,0.03730983892455697,-0.013939435593783855,-0.10630148369818926,-0.10217912518419325,-0.01697328919544816,0.09297945816069841,0.046377042308449745,-0.006113891489803791,-0.08124525845050812,-0.10057998169213533,-0.08002817467786372,-0.023854663711972535,-0.09730376256629825,-0.06729416362941265,0.013605020008981228
2025-01-08,0.005774494726210833,0.006808735313825309,0.000670024543069303,0.005956645589321852,-0.0002958893310278654,0.0036742048105224967,0.0036567709175869823,-0.006454584887251258,0.00039306003600358963,-0.06144767478690483,-0.010942542692646384,0.03742806240916252,-0.037734364392235875,0.021259733010083437,-0.029031907208263874,-0.009916214738041162,0.04461420839652419,-0.0324331009760499,-0.051647561602294445,-0.05613863468170166,-0.0422374985209899,-0.0052386862225830555,-0.009441678412258625,-0.010205540806055069,0.011187480296939611,-0.021452309811138548,-0.0008653877303004265,-0.08831364940851927,-0.06253996398299932,-0.06468738336116076,0.0012769359163939953,-0.057050745002925396,-0.06151058152318001,-0.00840205792337656,0.04592573456466198,0.04080240521579981,-0.022291474044322968,0.008115941658616066,-0.03096001921221614,0.039360152557492256
2025-01-13,-0.00166127469856292,-0.0012609977566171438,-0.0015266572590917349,-0.003410444362089038,-0.00032602716237306595,-0.0005343639058992267,0.00016724294982850552,-0.05709244683384895,0.006623058579862118,-0.09200672432780266,-0.01170622231438756,0.025667056441307068,0.016923148185014725,-0.04353366978466511,0.041859748773276806,0.0035112882032990456,0.000838178355479613,0.014025660580955446,-0.006294686114415526,0.03377154725603759,0.021136980038136244,-0.00414479011669755,0.0004469247069209814,-0.008677124744281173,0.03188503533601761,0.036306656897068024,0.014654850587248802,0.0036301661748439074,-0.0032433439046144485,0.023893816396594048,-0.00910614151507616,0.012027911958284676,-0.012761842692270875,0.015319254132919014,0.02041810634545982,0.010252430569380522,0.07814653590321541,-0.009171905694529414,0.01567221526056528,-0.013382929610088468
2025-01-15,0.0059958393685519695,0.001991981640458107,0.003446275368332863,0.00691369129344821,-0.0042047942988574505,0.003436821047216654,-0.007402090355753899,0.007448265329003334,0.028032468631863594,0.13645348697900772,0.018296198919415474,0.05789707927033305,0.0695798397064209,-0.02527375565841794,-0.0035659819841384888,-0.005088034085929394,-0.028074032627046108,0.012946553528308868,0.15326073433971033,-0.008952595293521881,0.06846037972718477,0.025704270228743553,0.02632724680006504,0.0012019434943795204,0.02478157076984644,0.03524780087172985,-0.009107496123760939,-0.033585330471396446,0.08055526809766889,0.0075423684902489185,0.012115966528654099,0.028101307922042906,0.03381283534690738,0.012078760599251837,-0.014735185541212559,-0.0003324374556541443,0.003058680216781795,-0.01434873603284359,-0.014000301714986563,-0.0320664681494236
2025-01-17,-0.004901653155684471,-0.004670887428801507,-0.005915455752983689,-0.006748188519850373,-0.0057508525205776095,-0.005249087349511683,-0.013798171072266996,0.01561432343441993,-0.018554008100181818,0.05524137243628502,0.030162799172103405,0.17490418255329132,-0.033949772361665964,-0.14543834142386913,0.0015646079555153847,0.1793963871896267,0.004439014475792646,-0.08103125728666782,-0.016836461145430803,0.016642880626022816,0.1422700397670269,0.003864095750031993,0.001797562523279339,0.019354889169335365,0.3773478716611862,-0.018427036702632904,0.009242869447916746,0.010440501384437084,0.012243597768247128,-0.04257038235664368,0.03318215440958738,-0.0806460827589035,-0.01199076371267438,0.016907922457903624,-0.00017069699242711067,-0.015500662382692099,-0.0387146930443123,-0.015526439528912306,0.004682985600084066,-0.016604993026703596
2025-01-22,-0.008911133743822575,-0.007637236500158906,-0.009188771480694413,-0.009091075975447893,-0.006841483744210564,-0.007717664004303515,-0.010555086191743612,-0.0017775450833141804,-0.024676818400621414,-0.008900187443941832,0.000163370743393898,-0.0010472442954778671,0.026178316213190556,0.000587725080549717,-0.01262629241682589,0.030944906175136566,0.011814290191978216,-0.010848874691873789,-0.007751977303996682,-0.02796550653874874,-0.0037401628214865923,-0.020949204452335835,0.07994119171053171,-0.004281156230717897,0.02619044901803136,0.001424292684532702,-0.016904050018638372,0.051431766245514154,0.0032275309786200523,-0.011678637471050024,0.03387856716290116,0.03957332856953144,-0.03053071489557624,0.013604658655822277,-0.01675753155723214,0.009927865117788315,-0.013282475527375937,-0.004515009073656984,-0.0024463654262945056,-0.0005995433311909437
2025-01-24,0.0031460935715585947,0.0024650938576087356,0.003560307086445391,0.0025789831997826695,0.001957337197382003,0.0034935649018734694,0.007118084700778127,0.0026988054160028696,-0.002172698954382213,0.00860267085954547,-0.0035850436543114483,-0.012690829578787088,-0.0053377896547317505,-0.03504231385886669,-0.006997269578278065,-0.018700469052419066,0.0021706039551645517,-0.020208341302350163,0.014137704856693745,-0.0024177674094971735,-0.001703331246972084,0.027830582519527525,-0.01856517837222782,-0.002499212045222521,-0.026340898126363754,0.0006647286936640739,0.008181883371435106,0.03377956454642117,0.007591513334773481,-0.0008612284436821938,-0.0012033311650156975,-0.0029088319279253483,0.0048564382595941424,-0.0041677558328956366,-0.013632029760628939,0.0008725003572180867,0.057374765165150166,0.00856551481410861,0.011682095937430859,0.014673200901597738
2025-01-28,-0.013654995331307873,-0.0004064100212417543,-0.010205838822002988,-0.016005276702344418,0.006951808885787614,0.00021852715872228146,-0.09014537086477503,-0.002887609414756298,-0.026324893813580275,-0.08215313125401735,0.008870363235473633,-0.0819073161110282,0.014109220588579774,0.05692844744771719,-0.05123387183994055,0.048664893954992294,0.014700879342854023,-0.04375576740130782,-0.07787321973592043,-0.0698454612866044,0.024949320126324892,-0.03620730806142092,-0.04843928851187229,-0.04085248336195946,-0.008549796417355537,0.05170211661607027,-0.06680231541395187,-0.07893565436825156,0.10442669119220227,0.03901055408641696,0.041584597900509834,-0.03574538230895996,-0.07623428804799914,0.028073158115148544,0.034841522574424744,-0.005934387911111116,-0.05904804216697812,0.09863236620731186,0.010180898010730743,-0.0688423610990867
2025-01-30,0.004952720599249005,0.002165098558180034,0.00684166606515646,0.006221182411536574,0.005146436975337565,0.004668307490646839,0.012420748127624393,0.03817114979028702,0.03585751913487911,0.06872080266475677,-0.025188821367919445,-0.012632970698177814,0.015777092427015305,0.05819316580891609,-0.0629267618060112,-0.04763701744377613,0.030501346103847027,-0.007923902943730354,-0.048115748912096024,-0.08026946894824505,0.02110870648175478,-0.011612486094236374,0.03615700453519821,0.12117411568760872,0.0014985501766204834,-0.019686666782945395,-0.0020303986966609955,0.004675545205827802,0.007670477032661438,0.005925138480961323,-0.063681835308671,-0.016640476882457733,0.0014482028782367706,-0.015237238723784685,0.028317516669631004,0.023255402455106378,-0.05505175422877073,0.02587364101782441,-0.042417533695697784,0.023990771733224392
2025-02-03,-0.0005242149345576763,-0.005335985217243433,-0.00031115650199353695,0.00019339716527611017,-0.004770679515786469,-0.001060593407601118,0.015234275255352259,0.005606910213828087,0.010493529960513115,0.009802463930100203,-0.023009585216641426,0.019084752071648836,0.0029890905134379864,0.000461996765807271,-0.010277396067976952,0.009656619746237993,-0.1321617984212935,8.158804848790169e-05,0.004204472992569208,-0.04778217291459441,-0.01669371174648404,0.0021561626344919205,-0.004597107879817486,0.02461820701137185,0.03973774262703955,-0.0059101899387314916,-0.005525021115317941,0.006480605807155371,-0.01836887700483203,0.015530638862401247,0.004883244633674622,0.0007721781730651855,-0.10336461383849382,0.012474582064896822,0.00919709401205182,-0.006443675607442856,0.036126441322267056,0.0076173716224730015,0.01988258631899953,0.015358242206275463
2025-02-05,0.0038415658054873347,0.001622991287149489,0.006548424833454192,0.0059137786738574505,0.0008417142671532929,0.005107954784762114,0.01713520393241197,0.006651848671026528,0.02150328375864774,-0.025116014934610575,-0.021165766404010355,0.06315908109536394,0.01151324575766921,0.03662464302033186,-0.010764642618596554,-0.006699972786009312,0.015943105332553387,-0.01477034529671073,-0.0453889574855566,-0.008746114559471607,0.0008801966905593872,0.0032040011137723923,-0.009722296614199877,-0.0036360541125759482,-0.01090971753001213,0.00420250603929162,0.0005376311019062996,0.0016827154904603958,-0.0019783060997724533,-0.014245002530515194,0.001247193431481719,0.2593497969210148,0.022553871502168477,0.008641696069389582,0.00484420417342335,-0.01320247258991003,-0.03192007914185524,0.011105808313004673,0.0010698046535253525,-0.0011854711920022964
2025-02-07,0.0028883880004286766,0.0031100884079933167,0.00377710722386837,0.0018940139561891556,0.005436227889731526,0.003584797028452158,-0.0022557536140084267,0.00343082332983613,0.05179709382355213,0.06355294352397323,0.023906532675027847,-0.01981735462322831,0.08476466778665781,-0.01920003117993474,0.07857763953506947,0.007492649368941784,-0.007746697869151831,0.03799079870805144,-0.08023962937295437,0.09670865116640925,0.09157678135670722,-0.010823548305779696,0.02831810712814331,0.05635659769177437,-0.09936130419373512,0.000910966657102108,0.0263287085108459,-0.020718789601232857,-0.0013496000319719315,-0.06093901861459017,0.1067800847813487,-0.0635839644819498,-0.005706250434741378,-0.014636248350143433,-0.006179762538522482,-0.07284519355744123,-0.0016128267161548138,0.007808351540006697,0.004752247710712254,-0.027389923110604286
2025-02-11,-0.004554087558062747,-0.0006927759968675673,-0.0028407842328306288,-0.0024611153785372153,-0.0004869087424594909,-0.0006427096377592534,-0.0065439851096016355,-0.0009691966988611966,-0.023416946816723794,-0.005137605796335265,0.020386801450513303,0.005627475387882441,-0.002783146745059639,-0.0022082452778704464,-0.005831049056723714,-0.008713409311894793,-0.006289292767178267,0.010544877492066007,-0.0032928057480603456,-0.001609472674317658,-0.005974153697025031,0.0047113936161622405,-0.009661162737756968,0.024052803870290518,0.05447625182569027,0.013471212703734636,0.045332036388572305,0.005561646888963878,0.0015166556695476174,0.0014999777704360895,-0.003923737443983555,0.0036007205490022898,-0.013348875574592967,0.010677056154236197,0.0052565233781933784,-0.0007260123966261744,0.0009115142675000243,-0.0009088500955840573,0.012009946978650987,-0.004853074293350801
2025-02-13,0.02331854123622179,0.01821991801261902,0.021538755390793085,0.025693854317069054,0.013453422696329653,0.019977252930402756,0.03561273775994778,0.020401543006300926,-0.07895294111222029,0.08763547788839787,0.028358175419270992,0.03718831017613411,0.010002835188060999,0.016951213125139475,0.005790880881249905,0.048992494121193886,0.07445070333778858,0.00593547523021698,-0.006448263069614768,0.006334909005090594,0.0007433026112266816,0.025020096451044083,-0.007083433563821018,0.005641360767185688,0.20183801651000977,0.018831106135621667,0.03164839278906584,0.0385871771723032,0.003689279197715223,-0.017788926139473915,0.009729294339194894,0.06098868325352669,0.01088207820430398,0.031600131653249264,-0.01159348152577877,-0.013453164137899876,-0.03050444135442376,0.047523027285933495,0.02461562491953373,0.025913442485034466
2025-02-18,-0.0037832060479559004,-0.0007352747488766909,-0.005229275324381888,-0.003940031514503062,-0.0007128783472580835,-0.003085016389377415,-0.016560192219913006,0.0177619862370193,-0.018667080905288458,0.022369354497641325,0.01638540648855269,0.005175916070584208,0.0059452628483995795,0.003120737965218723,0.0013071569264866412,0.003826051950454712,-0.004772096406668425,0.005407762597315013,-0.007313817855902016,0.033252755645662546,0.017611095565371215,-0.017223697621375322,0.025899596395902336,0.00806778494734317,0.13179054111242294,0.012020023074001074,0.0018872824730351567,-0.011256892117671669,0.0014381969813257456,0.011099934577941895,-0.003356362460181117,0.060574104893021286,-0.006602900335565209,0.015615795622579753,0.008568346034735441,0.0005622943863272667,-0.02793426625430584,0.00836210313718766,-0.0016883006319403648,-0.0033683034125715494
2025-02-20,-0.0028707257006317377,-0.002603633503895253,0.007454011822119355,-0.0006996805313974619,-0.004538230052276049,-0.001472968840971589,0.001592261716723442,0.012322892434895039,0.016485077794641256,0.009140640962868929,-0.021152785047888756,0.0030326135456562042,-0.025170136708766222,-0.05079254321753979,-0.011319272685796022,-0.003973908722400665,-0.008048080606386065,0.0006198231130838394,-0.00760494964197278,0.030173320323228836,-0.045972466468811035,0.10269318940117955,-5.584210157394409e-05,-0.009142830152995884,0.13616861402988434,-0.07166439108550549,-0.0004961903323419392,0.007910318905487657,-0.022226488683372736,0.04819781705737114,0.003466605208814144,0.009316109120845795,0.011359976808307692,0.02108910121023655,-0.007817895151674747,-0.008373305201530457,-0.022434294689446688,-0.013580924365669489,0.0696019409224391,-0.06779301352798939
2025-02-24,-0.0028617727803066373,-0.0026432141894474626,-0.0034939313773065805,-0.003361091483384371,-0.0031965915695764124,-0.0025062733329832554,0.002234820742160082,-0.006438220152631402,-0.009507684502750635,0.033124751411378384,0.0017134444788098335,0.04467486031353474,-0.0032370546250604093,0.07659889943897724,0.002060964470729232,-0.022895867936313152,-0.005383508745580912,-0.014420382678508759,0.004239093512296677,-0.03559234365820885,0.009443568240385503,-0.013993298634886742,0.01846164371818304,0.008775430032983422,-0.027229434344917536,-0.016709699761122465,-0.024056178517639637,0.0066810124553740025,0.000113318907096982,0.015774451196193695,-0.016372005455195904,0.03274697996675968,0.005410999059677124,-0.005521171260625124,-0.04173451289534569,0.015926102176308632,-0.02857728861272335,0.020180163672193885,0.0294748954474926,-0.0018106158822774887
2025-02-26,0.0034952091373270378,0.001596182570210658,0.0029645869362866506,0.0023224120814120397,0.0005850864836247638,0.0005497721140272915,0.009845091495662928,-0.0027460111305117607,0.025044191628694534,0.00012639444321393967,-0.0053587257862091064,-0.056126050651073456,0.009586359825334512,0.009941015392541885,-0.031612501188647,0.10819274187088013,-0.038504862459376454,-0.04676167108118534,-0.012563488446176052,0.04300470743328333,-0.001044105738401413,-0.022492626681923866,-0.03561985492706299,-0.03318042913451791,-0.027245547622442245,0.005607006125501357,0.03635107260197401,-0.02075552057067398,-0.022458684165030718,0.02875664457678795,-0.0013424125500023365,-0.018362899776548147,-0.005961461458355188,-0.008186230959836394,0.021753290930064395,-0.014379278305568732,0.034517343156039715,-0.003933937769033946,-0.005118496250361204,-0.05374362040311098
2025-02-28,0.011781018227338791,0.007244224427267909,-0.0012383596040308475,0.006924297194927931,0.007039751741103828,0.006411041831597686,0.021406658925116062,-0.009398529306054115,0.01845010556280613,0.0876459851861,0.020261332858353853,0.010125729953870177,0.03566456399857998,0.04410542780533433,0.0636082449927926,-0.01526288315653801,-0.0023504109121859074,-0.006086589768528938,0.041043996810913086,0.08866610378026962,0.07031164318323135,0.043116552755236626,-0.01915998850017786,0.012071891454979777,0.16647053696215153,0.015690849162638187,-0.0763463843613863,-0.031187911983579397,0.05622297152876854,-0.02395906299352646,0.02204940188676119,0.06361855799332261,0.1119655966758728,-0.01401844248175621,0.011316956952214241,0.019785547628998756,0.023126613348722458,0.036341167986392975,-0.11110768048092723,-0.007907385006546974
2025-03-04,-0.0013029933325015008,-0.0004408594541018829,-0.0038692771340720356,-0.003969096811488271,-0.0005981319627608173,-0.00434602698078379,-0.013257076672744006,0.006425283994758502,-0.010714323667343706,0.0016504438244737685,-0.010591839207336307,0.006298708496615291,-0.03507804125547409,-0.03313827142119408,-0.01677946763811633,-0.11354960687458515,-0.002384759718552232,-0.00786466634599492,-0.03363034006906673,-0.012996333825867623,-0.037514673080295324,-0.0210973366338294,-0.019861906941514462,0.01735282363370061,-0.06389012321596965,-0.03813849273137748,-0.031085919006727636,0.003410502220503986,-0.04594489652663469,0.0007412601262331009,0.004865666589466855,-0.046299939043819904,-0.018152321921661496,-0.014539630326908082,-0.037914374843239784,-0.018177098827436566,0.016068722179625183,-0.020055004861205816,-0.02377779985545203,-0.07889085821807384
2025-03-06,-0.00043951859697699547,0.0013904816005378962,0.003947356774006039,-0.0009215380996465683,0.006304500624537468,0.006179643329232931,-0.02910901652649045,-0.0012798983079846948,-0.09566169395111501,-0.05937412707135081,-0.03855864400975406,0.016556136775761843,-0.026795294135808945,-0.043959228321909904,-0.01608456950634718,-0.030783910304307938,-0.0015528067015111446,0.01789842452853918,-0.008159587159752846,0.00034420471638441086,-0.05296196974813938,-0.004616885911673307,0.04650563886389136,0.01353751216083765,-0.0036607494112104177,0.00327182374894619,0.012597376480698586,0.005084294825792313,0.019507649820297956,0.01449810154736042,-0.07155901845544577,0.03658200695645064,0.03413423243910074,0.031120998843107373,0.006220675073564053,0.016705116257071495,0.056949758902192116,-0.023753965739160776,-0.016282908618450165,-0.00897601991891861
2025-03-10,-0.0024754139594733715,-0.003038910566829145,0.005087875295430422,0.0009183574002236128,0.0015784354181960225,0.0028703423449769616,0.006001569796353579,0.004988034721463919,-0.014191192109137774,0.0210745045915246,-0.059685857966542244,0.014216318260878325,-0.05868941731750965,-0.055031257681548595,-0.0035314206033945084,-0.020223449915647507,-0.045316796749830246,0.009114133892580867,-0.018628820776939392,-0.008652699878439307,-0.0661443043500185,-0.009580002631992102,0.005362908123061061,-0.0052343932911753654,-0.015113865956664085,-0.09544712677598,-0.004157108312938362,-0.014111808268353343,0.011120808776468039,0.02824999298900366,-0.033008704078383744,-0.012657864950597286,-0.005300988093949854,0.010723974439315498,0.004875129379797727,7.6118012657389045e-06,-0.04643776826560497,-0.010516244219616055,0.004327324219048023,-0.0435783177963458
2025-03-12,0.004856540996115655,0.006079939426854253,0.001142250606790185,0.0020154647063463926,0.003372793784365058,0.0029074837220832705,-0.0017836764454841614,0.007329421117901802,0.017904686275869608,-0.021846206858754158,-0.03098207153379917,-0.009585266932845116,0.005241440609097481,0.03175377659499645,-0.006042914930731058,0.029896656051278114,-0.012232990236952901,-0.004604312591254711,-0.04174385778605938,-0.019210996106266975,0.051395902410149574,-0.007886970648542047,-0.005108923185616732,-0.03991725528612733,0.05130610289052129,-0.0112995863892138,-0.029761473648250103,-0.022844688268378377,0.041101738810539246,-0.01382195227779448,0.014176072552800179,-0.005116005428135395,-0.00446810107678175,-0.0240522101521492,0.015717715141363442,-0.013534617610275745,0.01893843151628971,0.021663602674379945,0.0018653087317943573,-0.051425015553832054
2025-03-14,0.01273437263444066,-0.0051983012817800045,-0.021758268121629953,0.01289176952559501,-0.016930836951360106,-0.00981650804169476,-0.04402794875204563,-0.013006348861381412,-0.08333525899797678,0.029099193401634693,0.008866310119628906,-0.06506731570698321,0.018293995410203934,0.07109058555215597,-0.043812220916152,0.056803757324814796,0.003597029484808445,0.0051734559237957,0.13738031312823296,-0.09585785306990147,0.0680154412984848,0.03605267498642206,-0.004777189344167709,0.05365151073783636,0.06431043427437544,0.0022943448275327682,0.08258478349307552,-0.020306667778640985,0.012723563238978386,-0.02016027260106057,0.01888979598879814,-0.10140086617320776,0.02200315147638321,-0.035666640382260084,0.11295447451993823,-0.1602750327438116,-0.10340299177914858,0.012665179558098316,-0.1332433708012104,-0.07096576411277056
2025-03-18,-0.008446131716482341,-0.010682417778298259,-0.006578893051482737,-0.004402231192216277,-0.008677365258336067,-0.006612453376874328,-0.0029333290876820683,-0.02136743627488613,-0.017881606705486774,0.006619226187467575,-0.015050476882606745,-0.0011979970149695873,-0.013437319081276655,-0.04814845183864236,-0.0459027960896492,0.007396093104034662,-0.010796882212162018,-0.004015169106423855,-0.0007457912943209521,-0.0028572604060173035,-0.007641259056981653,0.005852377973496914,-0.012147091096267104,0.025568850338459015,2.903863787651062e-06,-0.004380452912300825,-0.018703535199165344,-0.027842504670843482,-0.023969867266714573,0.0014707010122947395,-0.024730967357754707,-0.0030422923155128956,0.0010212846100330353,-0.02672217320650816,0.03700657142326236,-0.02652754168957472,0.051574401557445526,-0.01032014167867601,0.010729413945227861,-0.028248563408851624
2025-03-20,-0.01320984517224133,-0.011663270881399512,-0.005825518514029682,-0.012812014552764595,-0.006475133413914591,-0.006401136284694076,-0.008009467914234847,-0.017847269191406667,-0.012472567497752607,-0.02010423829779029,-0.02445107465609908,-0.02909358823671937,-0.013859587372280657,-0.016775439376942813,-0.029615779407322407,-0.061538997339084744,-0.0010522124357521534,-0.04233234701678157,-0.026736277155578136,-0.041612040251493454,-0.008275527507066727,0.001997758634388447,-0.013268214650452137,-0.06433840841054916,0.14256887789815664,-0.02348338722367771,0.04522243561223149,0.03127812664024532,-0.034388165920972824,-0.0065289889462292194,-0.02374208951368928,-0.028400897979736328,-0.00844653631793335,-0.021509512327611446,0.06302409991621971,0.11116958921775222,0.011844185180962086,-0.017987603321671486,-0.0397079992108047,0.19020962063223124
2025-03-24,-0.0023794762673787773,0.0008549757767468691,-0.007560688303783536,-0.007241426734253764,-0.0017089403991121799,-0.0035220691934227943,-0.01575251342728734,-0.015782461035996675,-0.0662625222466886,-0.03438454010756686,0.0012543713673949242,-0.06125536514446139,0.04614452086389065,0.03255825024098158,0.03363257646560669,0.044432222843170166,0.01302817021496594,-0.009855398791842163,0.003958981949836016,0.03596968739293516,-0.0021530501544475555,0.12128843739628792,0.0039925710298120975,0.07778551056981087,-0.0065807277569547296,0.06852246820926666,0.03147607482969761,-0.04020526265958324,0.014307999052107334,0.028246304020285606,0.02772087510675192,-0.010955012636259198,0.0010657249949872494,0.008529539685696363,0.010541380848735571,0.0017835088074207306,0.027477950497996062,0.03157882718369365,0.024021824821829796,0.08113142848014832
2025-03-26,0.0018537016585469246,-0.003830317233223468,0.0013844340573996305,0.000999694224447012,-0.005755662044975907,-0.004199603805318475,-0.007074250665027648,0.013705041201319546,0.05264984769746661,-0.01774312660563737,-0.021919965744018555,-0.015638854587450624,0.02238290850073099,-0.24585666693747044,0.043601099867373705,-0.033346230164170265,0.012528841267339885,-0.01059277355670929,-0.005431965459138155,0.0063373001758009195,-0.020519418467301875,0.01309508946724236,-0.018558865878731012,-0.019539640401490033,-0.06207149848341942,-0.006428783264709637,0.017639815981965512,0.021675147290807217,-0.02472082246094942,-0.001308240694925189,-0.013013066549319774,-0.1084184842184186,-0.05925597343593836,0.011889353394508362,-0.013911494053900242,0.09548853989690542,0.007532950025051832,-0.016581211355514824,-0.01802246831357479,0.005864232778549194
2025-03-28,-0.0073871895438060164,-0.004814900574274361,0.009271042654290795,-0.007277803961187601,-0.0007869871333241463,0.007045674370601773,-0.039148926734924316,0.00551780522800982,-0.010314637329429388,-0.01034633256494999,0.02370036393404007,-0.003933810628950596,-0.06552072800695896,-0.03423254075460136,-0.02188922557979822,-0.03166641644202173,-0.025005985982716084,-0.02901960047893226,-0.011933732777833939,-0.02147019957192242,-0.042543547227978706,-0.02344786375761032,-0.02108441642485559,-0.012129742419347167,-0.10251079872250557,-0.034551773220300674,-0.027339893393218517,0.030139749869704247,-0.004000209271907806,0.01539675728417933,-0.02932178578339517,-0.041932245483621955,0.004416715819388628,-0.007210309384390712,-0.015962795820087194,-0.006675313459709287,-0.0034230861347168684,-0.04862747900187969,-0.00377344258595258,-0.008858342422172427
2025-04-01,0.009507834445685148,0.007020849268883467,-0.0006640085484832525,0.0034339078702032566,0.0008017329964786768,-0.0037704359274357557,0.007367018144577742,-0.0018545601051300764,0.004884472960839048,-0.010382008273154497,-0.0004718541167676449,-0.0034522581845521927,-0.005312343593686819,0.02495600376278162,0.016726216534152627,-0.06694234162569046,0.06562488805502653,0.00932635786011815,-0.06956262607127428,0.03094532061368227,-0.04489463800564408,0.0024617426097393036,0.03252449072897434,-0.006870215758681297,-0.2019433956593275,-0.01085427263751626,0.024125314317643642,-0.009986923076212406,0.07406510459259152,-0.04092487320303917,0.09522425010800362,0.04079506918787956,-0.022255880758166313,0.03138722601579502,0.0258467688690871,-0.021061174280475825,-0.06647038203664124,0.014271298423409462,-0.012333153106737882,-0.12652539741247892
2025-04-03,-0.007530763046815991,-0.023671526461839676,0.008034880505874753,-0.0012570954422699288,-0.0011572465300559998,0.002961555030196905,0.009374726098030806,-0.014392285607755184,-0.04052680218592286,-0.0813091779127717,-0.08880247548222542,0.12364686466753483,-0.08850231021642685,-0.11696634162217379,-0.05894022062420845,0.18237711489200592,-0.06881594471633434,-0.05850270576775074,-0.09209652151912451,-0.09933993965387344,-0.10700730327516794,-0.12227189913392067,-0.048971627838909626,-0.0259245908819139,-0.1344387922435999,0.03815482556819916,0.041187127120792866,0.018425241112709045,-0.016239814460277557,-0.007339217467233539,-0.04745360650122166,-0.1773775853216648,-0.013340514153242111,0.01199499610811472,-0.15522370859980583,-0.06899431813508272,0.05449386313557625,-0.029666480608284473,-0.04471513628959656,-0.025033194571733475
2025-04-07,-0.016962624562438577,-0.00997348700184375,-0.012767998035997152,-0.03608966805040836,-0.0005111909849802032,-0.01283167616929859,-0.05504627153277397,-0.01728535210713744,-0.047704864758998156,0.020342827774584293,-0.08737773075699806,-0.09193112887442112,0.007869668072089553,0.055375486612319946,-0.023778334259986877,0.14508061110973358,0.04841664154082537,-0.04236140102148056,0.033464913023635745,-0.014949080534279346,0.06524290516972542,-0.038309395080432296,0.022770985960960388,0.013441229239106178,0.05155433714389801,0.02457463974133134,-0.04625101014971733,0.003947760909795761,0.01846983004361391,-0.017271244432777166,-0.009447324089705944,0.004280079156160355,-0.02416260354220867,-0.03978496044874191,0.020646293880417943,0.009955894201993942,-0.004316958016715944,0.01155255432240665,-0.0010016979649662971,0.017270945478230715
2025-04-09,0.03796488605439663,0.021356030367314816,0.007467677816748619,0.02703183237463236,0.007854563533328474,0.014142102794721723,0.012556650210171938,0.044042279943823814,-0.023716370575129986,0.11853636801242828,0.1697203926742077,0.01364767923951149,0.17441775649785995,0.10148680955171585,0.06137704849243164,0.20277944952249527,0.0993989147245884,0.1319485604763031,0.14147145301103592,0.077360138297081,0.0644623450934887,0.08284970745444298,0.033199187368154526,0.06791065353900194,0.17603246215730906,0.15597525238990784,0.01940442342311144,0.025149588473141193,0.12952060997486115,0.009883582592010498,0.10653458349406719,-0.0351138636469841,0.05917924828827381,0.06028537452220917,0.13400297611951828,0.06899743154644966,0.1185140535235405,0.1003844402730465,0.03475210256874561,-0.030490092933177948
2025-04-11,-0.00035728001967072487,-0.004765547811985016,-0.00956406770274043,-0.0041022259392775595,-0.005730232689529657,-0.0035416611353866756,-0.023896908853203058,0.017100272700190544,0.03834363631904125,0.03953668661415577,0.05798821151256561,0.012197142466902733,-0.11136506870388985,0.004539588466286659,0.004924175329506397,-0.03347139563993551,0.002326258458197117,-0.061265754979103804,-0.24916084669530392,0.025829927995800972,-0.006656787358224392,-0.11826203373493627,0.02242005243897438,0.02159297652542591,-0.010979333892464638,-0.09399799630045891,0.005511878058314323,0.006206616759300232,0.009586089290678501,0.024204378481954336,0.0068692173808813095,-0.03950674063526094,0.010800669901072979,0.01636267639696598,0.005409148521721363,-0.004075304386788048,0.004581151530146599,-0.022884659469127655,0.08643789403140545,-0.23431065119802952
2025-04-15,0.004955190699547529,0.0048093670047819614,0.009975087130442262,0.007197373663075268,0.0025547787081450224,-0.0003919394875993021,-0.00017861113883554935,0.009610941633582115,-0.011248042770603206,-0.01009311992675066,-0.03997791791334748,0.0033223244827240705,-0.009417210705578327,-0.034772301092743874,-0.0635476540774107,-0.0388795908074826,-0.026112379506230354,-0.017659882083535194,-0.018141957465559244,-0.047377344220876694,0.004960260121151805,-0.02060258761048317,-0.027801635209470987,0.11454406287521124,-0.05992976017296314,-0.021017008926719427,0.047166867181658745,-0.022156202234327793,0.00873707514256239,-0.014712891541421413,0.038066473323851824,-0.011338781332597136,0.025625279173254967,-0.01668496523052454,-0.004134825896471739,-0.0067742743995040655,-0.024164871778339148,0.004147775936871767,-0.01305905869230628,-0.02988101076334715
2025-04-17,0.0024293293245136738,0.0058117135195061564,-0.003960904432460666,-0.0022488361573778093,-0.00045215251157060266,0.0011751365382224321,-0.009196133294608444,-0.005365394812542945,-0.03671456500887871,-0.03231896832585335,0.021053406409919262,-0.024983531795442104,-0.09916144609451294,0.03911031503230333,-0.0027576694265007973,-0.0011979173868894577,-0.08489841967821121,0.020817514276131988,0.024076463538222015,0.009318253956735134,0.016560424119234085,0.01152315828949213,0.022604566998779774,-0.29431092680897564,0.09385702200233936,0.022386479191482067,0.020886479411274195,0.015617103781551123,0.00461877731140703,0.010589085519313812,-0.009936897084116936,0.04155406798236072,0.007925548823550344,-0.016554206609725952,-0.0005624934565275908,0.015119413379579782,-0.24120778404176235,-0.0031819534488022327,0.02476751897484064,0.023815062828361988
2025-04-22,0.007617797236889601,0.00023410632275044918,0.00022682000417262316,0.0012241506483405828,-0.00015356630319729447,0.0031645630369894207,0.004810061771422625,-0.0011734329746104777,0.04793294705450535,-0.00036298949271440506,0.03422265424160287,0.01443834905512631,0.017406810075044632,-0.03423089534044266,0.023870239267125726,0.07625415921211243,0.0035423031076788902,0.04434998892247677,0.038698114454746246,0.060279730707407,0.0157774705439806,0.012802890501916409,0.018729739589616656,0.0028582047671079636,-0.009294383227825165,0.004479903727769852,0.022353113628923893,-0.1182330772280693,0.07096803467720747,0.0238618366420269,0.026823350228369236,0.059300849214196205,0.017119369469583035,0.03341795038431883,-0.11144488584250212,0.0475317754317075,0.061194860842078924,0.030222259927541018,0.0076856783125549555,0.029450277099385858
2025-04-24,0.014244312886148691,0.01268798392266035,0.004877076018601656,0.0093521848320961,-0.00023876014165580273,0.0037984296213835478,-0.011759928427636623,0.026926083490252495,0.029131866758689284,0.029722512001171708,0.09492553770542145,-0.04478131094947457,0.05512423254549503,0.048619380220770836,0.07694469764828682,0.02203863114118576,0.04442663211375475,0.05558648705482483,0.08835761435329914,0.09694556705653667,0.05993151478469372,0.01263720402494073,0.13028141669929028,-0.04906068369746208,-0.35916973650455475,0.04989773686975241,-0.02020453941076994,0.04100993974134326,0.06691746041178703,-0.10220809001475573,0.09785924106836319,0.0576681699603796,0.05535760335624218,-0.01637446880340576,-0.04363580793142319,0.020783310290426016,0.002144058234989643,-0.11736267944797873,0.09249791549518704,0.017914604395627975
2025-04-28,-0.000775465159676969,0.005486344161909074,0.006473048590123653,0.006414476316422224,0.010242057265713811,0.007374587934464216,0.0008637849241495132,0.02343399077653885,-0.019546538474969566,0.003848114767606603,-0.01799807231873274,-0.02207923401147127,-0.0034299857215955853,0.03339723963290453,0.0002182477619498968,-0.0021980376914143562,-0.0030139717273414135,0.01599549502134323,0.005554946139454842,0.006911637960001826,0.012068637879565358,0.007398752146400511,0.016749642323702574,-0.0406720619648695,0.024386142380535603,0.006173210451379418,-0.007268793415278196,0.008683633583132178,0.007140356581658125,0.013126507867127657,0.007483733934350312,0.0038516237400472164,0.009813585318624973,-0.0024117697030305862,-0.013498203596100211,-0.002066320739686489,-0.018080153735354543,0.016203366685658693,0.0169588765129447,0.007972206803970039
2025-04-30,-0.007970363833010197,-0.007709146477282047,-0.024975321255624294,-0.01874985359609127,-0.006790402811020613,-0.013169300742447376,-0.06513798423111439,0.048492169473320246,-0.08489739336073399,0.08934618346393108,-0.018619209993630648,-0.0040695518255233765,-0.04363959585316479,-0.053623964078724384,0.023208575323224068,-0.07574534392915666,0.041172887198626995,-0.07914428040385246,-0.011793137760832906,-0.0396902272477746,-0.019636689452454448,0.061369501519948244,-0.025593670550733805,-0.030497435480356216,-0.001829422079026699,-0.010691821575164795,-0.026231829775497317,-0.02088771015405655,0.016303067794069648,-0.009927124716341496,0.07828587014228106,-0.07479838654398918,-0.02261446602642536,0.04549717472400516,-0.06899752910248935,-0.028948239516466856,0.019733253866434097,0.013123971410095692,-0.0950821302831173,0.14007176645100117
2025-05-02,-0.00499223149381578,0.0007336921989917755,-0.008714183466508985,-0.004514126107096672,-0.0039153313264250755,-0.007192624034360051,-0.012862069299444556,-1.263059675693512e-05,-0.014996613375842571,0.0006906511262059212,-0.06528327986598015,-0.010517603950574994,0.025811979547142982,0.02592456992715597,0.00795542448759079,0.02631451655179262,0.02989273052662611,0.01560456003062427,-0.006132414564490318,0.05253385775722563,0.03831509314477444,0.04232204891741276,0.009811893105506897,0.010646590031683445,0.024782185442745686,0.04022032581269741,0.003058480331674218,-0.00863683526404202,0.041680539958179,0.00186354253673926,0.018566999584436417,0.029753444017842412,0.009868772933259606,-0.005372222745791078,0.04172072000801563,0.026949302293360233,0.07846154097933322,0.006240436807274818,0.0018488159403204918,-0.016074775718152523
2025-05-06,-0.004673933144658804,-0.003303455130662769,0.0015065516345202923,-0.007389657432213426,0.0019068906549364328,0.002506075019482523,-0.027538509806618094,0.054271651431918144,0.012152800802141428,0.07544796355068684,0.14029583230149,-0.04153825342655182,-0.04148260224610567,-0.0824287657160312,0.011477929539978504,-0.02361440984532237,-0.008488596649840474,-0.04794786073034629,0.08194454718613997,-0.08767704293131828,-0.08183558098971844,-0.05158377951011062,-0.03331992030143738,0.007671034793020226,-0.09763552621006966,-0.056084892712533474,-0.03320621378952637,0.009020433528348804,-0.07461220026016235,-0.023460162803530693,-0.011461813002824783,-0.06165585108101368,-0.04738053027540445,-0.01844744780100882,-0.018418235471472144,-0.010742688784375787,-0.14827156625688076,-0.008295273641124368,0.005116882734000683,-0.03695576544851065
2025-05-08,0.012132131028920412,0.00373360572848469,-0.004177991999313235,0.009278444107621908,-0.005356435663998127,0.0005509434267878532,0.016378170810639858,-0.028633091365918517,0.0296104671433568,-0.004903139779344201,0.11180641502141953,-0.07904882542788982,0.045740678906440735,0.005975194275379181,0.05995961092412472,-0.0995568297803402,0.06708217249251902,0.010270885890349746,0.053156621754169464,0.11628863587975502,0.05233043618500233,0.006152221234515309,0.0011878816003445536,0.02055914280936122,0.03216545237228274,0.015614798525348306,-0.027853812091052532,-0.028140836395323277,0.0742957815527916,0.12294996157288551,0.03922196198254824,0.06419489393010736,-0.04725009761750698,-0.043074714951217175,0.013591516762971878,0.004028723808005452,-0.018586029298603535,0.03617541445419192,-0.008845292497426271,-0.008101430721580982
2025-05-12,0.004380473867058754,0.008479651529341936,-0.007781049236655235,-0.001588975967024453,-0.0032214518869295716,-0.009224268142133951,-0.010749876033514738,-0.04262779047712684,-0.008474688977003098,-0.11992537975311279,-0.01376432552933693,0.1600719317793846,0.3170733004808426,0.017308841925114393,0.3624352067708969,-0.018894601613283157,0.029892367776483297,0.017937742173671722,-0.03258267417550087,0.25609347596764565,0.10325117781758308,0.03615225991234183,0.09628351405262947,0.016455962788313627,0.008724411949515343,0.2616365775465965,-0.015539383981376886,0.0607550535351038,0.051387985702604055,0.05564742675051093,0.10773262940347195,0.11233047023415565,-0.005705215036869049,0.01894084131345153,0.013180482666939497,-0.007686168421059847,-0.0063790567219257355,0.1420851442962885,0.03802122548222542,-0.0010912661964539438
2025-05-14,-0.008962539490312338,-0.010060740169137716,-0.00825137784704566,-0.009582721628248692,-0.005237248493358493,-0.005522339604794979,-0.011166439391672611,-0.022852585185319185,-0.019681768026202917,-0.02423387998715043,0.06843611062504351,-0.00010971352458000183,-0.011812089942395687,0.001862427219748497,0.07560313399881124,-0.01691051758825779,-0.012470938730984926,-0.025228478480130434,0.009401038754731417,-0.02099853800609708,0.008311029057949781,-0.001813981682062149,-0.007249585585668683,-0.007490102434530854,-0.22943784669041634,0.00544201722368598,-0.0016118318308144808,-0.00333806243725121,-0.045781178399920464,-0.04661943996325135,0.013826062437146902,-0.015142906922847033,-0.041605525417253375,-0.008990953210741282,-0.003972542996052653,-0.0057588000781834126,-0.0006802277639508247,-0.00360999460099265,-0.011566920205950737,-0.004453715868294239
2025-05-16,0.0036472800420597196,0.000930259469896555,-0.005758362909546122,-0.0022025303915143013,-0.002286535658640787,-0.001469452166929841,-0.0046544428914785385,-0.019542822148650885,-0.03358202055096626,-0.013628744054585695,0.0003895610570907593,0.021198258735239506,0.009137471381109208,-0.04661405715160072,0.021825456991791725,0.0014476318610832095,-0.012065150309354067,0.0039534729439765215,0.0014667678624391556,-0.010649533942341805,0.022037751972675323,-0.007469662930816412,-0.03245524503290653,0.006949064350919798,0.020465726498514414,0.012792294670362025,0.016504766885191202,0.02035955199971795,0.026681155432015657,0.025050299242138863,-0.0005042760167270899,0.013863874599337578,0.014273698441684246,-0.008025927934795618,-0.01644669601228088,-0.02182452753186226,0.06858734088018537,-0.0007690866477787495,0.01581132272258401,-0.005137551575899124
2025-05-20,-0.0006271302700042725,0.0001475067692808807,-0.00035766547080129385,-0.0015094380360096693,0.0010421778933960013,-0.0005496115190908313,-0.021310973446816206,0.016714282799512148,-0.006005154689773917,0.01317278342321515,-0.013747054617851973,-0.0022694571525789797,-0.011180402478203177,0.007531092967838049,-0.013141074683517218,-0.001197659526951611,-0.006980165897402912,-0.011715839384123683,-0.003690717276185751,-0.02149455063045025,-0.011111547704786062,-0.005239742808043957,0.001071335980668664,-0.013828665018081665,-0.004237338434904814,0.0024741156958043575,-0.002421140670776367,-0.005780399776995182,-0.008538885042071342,0.00798242469318211,-0.0016963914968073368,-0.03274750057607889,0.01882125996053219,0.00571152800694108,-0.02935265020641964,-0.0024232781725004315,0.008841698989272118,-0.01986385346390307,-0.003457658691331744,0.0006838501431047916
2025-05-22,0.012794767273589969,-0.02131506707519293,0.023784398566931486,0.014175723306834698,-0.005914100969675928,0.00601725303567946,0.012683406006544828,0.14744443725794554,0.09626500820741057,0.049709818325936794,-0.05798219423741102,0.1173470951616764,0.05217240238562226,0.06102449132595211,0.16341005731374025,-0.10272520687431097,0.02890883502550423,-0.03772068372927606,-0.01324161421507597,0.6167624730151147,-0.11123858764767647,0.0025524673983454704,0.12236732058227062,0.02799609024077654,0.29019467113539577,-0.08076030598022044,-0.03197153098881245,0.01650709705427289,0.0923213236965239,0.27867042645812035,0.10324639454483986,-0.26086387038230896,0.4266946613788605,0.06014438159763813,0.023723273538053036,0.20096255451790057,0.0652075968682766,0.10919630975695327,-0.040426733903586864,0.014724358916282654
2025-05-27,0.0048666580114513636,1.4670658856630325e-05,0.0007709644269198179,0.010386265348643064,-0.0038563014823012054,-0.0009283232502639294,0.03558220621198416,-0.012303478084504604,-0.02337503433227539,-0.01829333510249853,0.007070507854223251,0.024288628716021776,0.021698155906051397,-0.022752941120415926,0.012864877469837666,0.005167616531252861,0.02186187356710434,0.023853044025599957,0.002580557018518448,0.021079731173813343,0.01973903551697731,0.012907803989946842,0.08161242119967937,0.016903648152947426,0.011934706941246986,0.006888599134981632,-0.010926438073511235,-0.006982341641560197,0.08138428907841444,0.0035976985382148996,0.017070983536541462,0.03369314596056938,0.003177710808813572,0.00648769736289978,0.035040780901908875,0.059073152020573616,-0.010175849660299718,0.010526012629270554,0.0044195763766765594,-0.002154909074306488
2025-05-29,0.018632308579981327,0.014529902720823884,0.018900825176388025,0.018377623986452818,0.016433411394245923,0.01819262793287635,0.023576412349939346,0.021459844894707203,-0.06742008891887963,-0.03657566662877798,-0.28656757227145135,0.049809640273451805,-0.06802603136748075,0.05507096275687218,0.00047241104766726494,0.22874478623270988,-0.025713234674185514,-0.4133111694827676,-0.005536586977541447,-0.36848391965031624,-0.12775767501443624,0.020099967427086085,0.054005916928872466,0.006553275976330042,-0.08290373906493187,-0.030238167149946094,0.005199555307626724,-0.0014196354895830154,-0.034941877238452435,-0.05804704246111214,0.062242722837254405,-0.2508760066702962,0.11904870346188545,0.045005942694842815,-0.015407335013151169,-0.09821370523422956,0.3781396648410009,-0.14699689717963338,0.022775436285883188,-0.04113610472995788
2025-06-02,-0.00117903744103387,-0.0009212347358698025,0.003142637899145484,-0.0019498243927955627,-0.003121692454442382,-0.00036915182135999203,0.008089265786111355,0.03584781475365162,0.045169989578425884,0.06456444412469864,0.03301240876317024,0.012239291216246784,-0.0032606669701635838,-0.02565215900540352,-0.012049359502270818,-0.01436412031762302,-0.01055279653519392,0.02054757811129093,-0.00115501438267529,-0.022006640443578362,0.013479867950081825,-0.003244634484872222,-0.00697355845477432,0.005557448603212833,-0.04826017748564482,-0.03305349336005747,0.01529058429878205,0.000796641455963254,0.0008578002452850342,-0.07911988021805882,0.012064365204423666,0.020320344483479857,-0.0027828163001686335,-0.014845811063423753,0.004806743236258626,-2.951943315565586e-05,0.04099679831415415,0.04813510546227917,0.002176782232709229,0.06801887229084969
2025-06-04,-0.003861628705635667,-0.0050921025685966015,0.0005874386988580227,-0.001178897451609373,-0.004050846444442868,-0.0024092320818454027,0.008403790183365345,-0.001069642137736082,0.0070466771721839905,-0.005477938684634864,-0.0011696915607899427,0.04754431825131178,-0.01733353454619646,0.0729096862487495,-0.002360800950555131,-0.009001448284834623,-0.024422948219580576,-0.030597777105867863,-0.011168710771016777,0.011418096721172333,-0.02312093786895275,-0.014075965736992657,0.03961883578449488,-0.05653417727444321,0.004750124178826809,-0.004373231437057257,-0.0009122700430452824,-0.009652945213019848,-0.07937385234981775,0.02701561339199543,-0.008642919594421983,0.07017291057854891,0.01659788633696735,0.006719333119690418,0.02493536565452814,-0.02322107832878828,0.0031012524850666523,0.009527802933007479,-0.019583672285079956,-0.03221130836755037
2025-06-06,-0.0008550523780286312,0.010050088472780772,-0.016072160564363003,-0.009965812088921666,-0.00655835191719234,-0.014769499190151691,-0.03294996730983257,0.01628507673740387,0.04889289848506451,-0.010822257958352566,-0.08735415898263454,-0.11105549428611994,0.013857562094926834,-0.009805002249777317,-0.08226289041340351,0.04717887006700039,0.05149858072400093,0.06574279628694057,-0.12231202609837055,0.04603258613497019,-0.04509531054645777,0.038378140423446894,0.05474481172859669,-0.04828953556716442,-0.05942013091407716,-0.050469860434532166,-0.01798145892098546,-0.10959446104243398,-0.01760044787079096,0.011328145395964384,-0.11783397849649191,0.021620227955281734,-0.016512637957930565,-0.017597318161278963,0.13956015308212955,0.01504852483049035,0.06353778392076492,-0.10402601305395365,-0.034668643958866596,-0.18894470110535622
2025-06-10,0.00919217336922884,0.0062444875948131084,0.005044222227297723,0.005759337916970253,0.0033379222732037306,0.003799720056122169,0.008474499685689807,-0.012659762054681778,-0.023205981124192476,-0.026305797044187784,-0.011181517038494349,-0.0070265065878629684,-0.08816934516653419,0.18983582220971584,-0.03660574520472437,-0.17350834980607033,0.0028420602902770042,0.0017452966421842575,0.06612634286284447,0.01166977733373642,0.001964119030162692,0.019770377315580845,-0.029717545490711927,0.01762860151939094,-0.013616330921649933,-0.003323324490338564,0.0043253053445369005,-0.032373170368373394,-0.019499181304126978,0.023169078631326556,-0.08558183209970593,0.07780345715582371,-0.007061933167278767,0.004194301553070545,0.0195434782654047,-0.013063195860013366,0.00531479436904192,0.01429613190703094,0.01363784889690578,-0.06515820743516088
2025-06-12,0.005489987437613308,0.011445643729530275,0.01512485183775425,0.009796109516173601,0.02132503828033805,0.020088663324713707,0.009182576090097427,0.04850294254720211,0.08860269095748663,0.04402828181628138,-0.13309276895597577,0.00029584579169750214,0.19984890590421855,-0.07193945720791817,0.13463215716183186,-0.02597199846059084,0.1768557382747531,0.06680622790008783,0.03202168457210064,0.04216686636209488,-0.01272406813222915,-0.026352744549512863,-0.052397615974768996,-0.02402028674259782,0.05885011935606599,0.021522971394006163,0.014106786111369729,-0.009286847431212664,-0.031711773946881294,-0.004684802144765854,-0.00615296233445406,-0.058700277004390955,0.02914306800812483,0.028272646013647318,-0.04070119606330991,-0.007079659029841423,-0.1233316957950592,-0.02880892064422369,-0.023158040829002857,-0.003232652321457863
2025-06-16,0.0026468565920367837,0.003561729798093438,-0.002682359889149666,-0.000216728076338768,0.0014260565440054052,0.00016536889597773552,-0.017113076522946358,-0.008646546164527535,0.0064283127430826426,0.004245065152645111,0.011525550624355674,0.0026984746800735593,-0.02899201773107052,0.008412780473008752,-0.008402959443628788,-0.007923513650894165,0.02346196467988193,-0.02664319472387433,0.0145204474683851,-0.03360014595091343,0.02460327628068626,0.0025741728022694588,0.0006552637205459177,0.018040087772533298,0.010011011734604836,0.021760596660897136,-0.022980800829827785,-0.012828989885747433,0.005741262808442116,-0.002134863520041108,0.010309780715033412,0.02392854238860309,-0.004173936555162072,0.005283904494717717,-0.08750903187319636,0.007865983294323087,-0.0035305600613355637,0.008973478572443128,-0.010381117695942521,-4.209077451378107e-05
2025-06-18,0.007917123206425458,0.010085738031193614,0.00862393289571628,0.009218370309099555,0.008966219902504236,0.013332790229469538,0.031455649295821786,0.009520660736598074,0.017803361639380455,0.0025185728445649147,0.013369504362344742,0.007127266260795295,-0.08143714163452387,-0.180386358872056,-0.0937715913169086,-0.018381372094154358,0.0010617752559483051,0.004132270347326994,-0.08854930638335645,-0.0690450519323349,-0.1353760790079832,0.003546108491718769,-0.06925169349415228,0.009141319780610502,0.15941938757896423,-0.14447189308702946,0.002669649664312601,-0.0006343508139252663,-0.09288182621821761,0.021396104246377945,-0.15927722537890077,0.00037594791501760483,0.0035636108368635178,-0.0069768235553056,-0.009158181957900524,0.0208671415457502,0.0031547769904136658,-0.04933773260563612,0.004265905357897282,0.07045270502567291
2025-06-23,-0.01887080748565495,0.0040479053277522326,0.027241270057857037,0.009924720507115126,0.008392524207010865,0.0006498314323835075,0.04046400939114392,-0.002699174452573061,-0.09295962029136717,0.04340967908501625,0.13444145466201007,-0.03012258931994438,0.04754699440672994,0.021360051818192005,0.0573703870177269,0.17737912200391293,0.17527417838573456,-0.08071632124483585,0.15599471097812057,-0.20603539049625397,-0.0744308065623045,-0.02803059294819832,-0.04175899550318718,0.057623373344540596,-0.4210869073867798,0.019352965522557497,0.022023494355380535,0.058986837044358253,-0.08340530283749104,-0.1509093651548028,-0.044959453865885735,-0.16423006355762482,-0.07138580782338977,0.11931515298783779,0.058428524527698755,0.02226948458701372,-0.18153103720396757,-0.06202417518943548,0.010074461344629526,-0.07322195544838905
2025-06-25,0.02088754571741447,0.025820294860750437,0.019443368539214134,0.017829177668318152,0.019144281635817606,0.019634158059488982,0.020435726386494935,0.0001738090068101883,0.029006829485297203,0.07018699962645769,0.10345499077811837,0.03519002068787813,0.0830339455860667,-0.03552338294684887,-0.013528026407584548,0.06075718905776739,0.036089287139475346,0.06953100021928549,-0.012220917269587517,0.006171310320496559,0.03181319497525692,0.023532092105597258,0.07850668672472239,0.013066407293081284,-0.06342421658337116,0.05487188696861267,0.018185065127909184,-0.0015658736228942871,-0.0025112302973866463,0.042915414087474346,-0.1011452847160399,0.09164723288267851,0.05080633331090212,-0.0076450686901807785,0.03380700224079192,0.016944076865911484,0.06042241957038641,0.011116908863186836,-0.00810899119824171,0.04376135254278779
2025-06-27,-0.00324166938662529,0.0010626877774484456,-0.0044420938938856125,-0.007934455410577357,0.0004433102149050683,-0.002088039997033775,-0.014234722126275301,-0.06422720663249493,-0.006898814463056624,-0.20951546356081963,-0.010848875215742737,-0.024010448716580868,0.03791292384266853,0.061141319340094924,-0.18986302893608809,0.006246771430596709,-0.010992943774908781,-0.005876828683540225,-0.04599719448015094,0.0655417051166296,-0.041444174479693174,0.010578119894489646,-0.15802328940480947,-0.01801038021221757,0.14078492391854525,-0.028809367679059505,-0.03660896513611078,0.018426169408485293,-0.005760227330029011,0.009672026615589857,0.009949096478521824,-0.12496992945671082,0.049849952571094036,-0.02590096741914749,0.005854718387126923,-0.011267035850323737,-0.046986037865281105,0.009955725399777293,-0.0925344848074019,0.006025674752891064
2025-07-01,-0.008847572025842965,-0.009693134925328195,-0.016535563278011978,-0.007698651985265315,-0.01532945642247796,-0.013708271901123226,-0.009569794172421098,-0.02336814533919096,-0.10565124219283462,-0.05899886693805456,0.009371891617774963,0.037277987226843834,0.09728291537612677,0.1765481852926314,0.06760350288823247,-0.056712291203439236,-0.04210198763757944,-0.07262481190264225,0.016889410093426704,0.0622610654681921,0.05114197137299925,0.02923853136599064,0.008080439642071724,-0.03822166845202446,0.20885545387864113,0.03537358820904046,0.028017939068377018,-0.0032812785357236862,-0.011066149920225143,0.06647736951708794,-0.02936921827495098,0.017552179284393787,0.09370636940002441,-0.009349486790597439,-0.02357973251491785,-0.01953282067552209,0.17779187113046646,-0.023766651866026223,-0.0118952551856637,-0.04141349159181118
2025-07-03,-0.0074129600543528795,-0.008521999057848006,-0.0032719678711146116,-0.005619368050247431,-0.010235516238026321,-0.010880021494813263,0.018368644174188375,-0.010621802881360054,0.0032987231388688087,0.0389077365398407,0.05286642396822572,-0.04716352978721261,0.018390977755188942,0.09121328592300415,0.011014498304575682,0.048117777332663536,-0.014174150303006172,0.005759744672104716,0.02110919263213873,0.010024440474808216,0.042437600903213024,-0.00960147357545793,0.017408267129212618,-0.06901536975055933,0.0357902180403471,0.055390143766999245,-0.0029583419673144817,-0.01101277966517955,0.14487223979085684,0.0021762289106845856,0.028034880757331848,0.0893956869840622,0.04425632650963962,-0.011442140908911824,0.007624165154993534,0.016899101436138153,-0.0007877901662141085,0.07730785757303238,-0.010062262648716569,0.028661994729191065
2025-07-08,-0.0038167305756360292,0.0015198070323094726,-0.003597705392166972,-0.005346828838810325,-0.002245518611744046,-0.002867841103579849,-0.0032653585076332092,-0.010918349726125598,0.10575466975569725,-0.014122982509434223,-0.0027896507817786187,0.008380347397178411,0.06219569034874439,-0.002686483843717724,0.07917478075250983,0.1490808967500925,0.04248755844309926,0.03469603369012475,-0.012992389034479856,0.04978021327406168,0.03679296746850014,-0.000304446934023872,-0.00277682370506227,-0.010507398983463645,0.06841922784224153,0.006430830806493759,-0.013723882380872965,-0.011290248949080706,0.035797128453850746,-0.00484516890719533,-0.022667592391371727,-0.03234787564724684,0.021634165197610855,-0.02192654274404049,-0.010503592435270548,-0.013348991284146905,-0.04736459627747536,-0.005999784450978041,0.0016533606685698032,-0.023929941933602095
2025-07-10,-0.003418307635001838,-0.006081377621740103,0.0026741866022348404,0.00018266028200741857,0.00060603569727391,0.0034473533742129803,0.004053114273119718,-0.005079765454865992,-0.0017028097063302994,-0.04457478038966656,0.07766987336799502,0.011618202552199364,0.0794363971799612,-0.026187039678916335,-0.0026152189821004868,-0.014580462127923965,0.04351330175995827,-0.0709763509221375,0.07361618615686893,-0.03159699868410826,0.0730124656111002,0.008109144400805235,-0.0032941154204308987,0.1526421131566167,0.06654978170990944,0.09427445381879807,0.005522974650375545,0.0054070111364126205,0.05147138424217701,0.007604891899973154,-0.003839040524326265,-0.004562227986752987,0.013892884366214275,0.016101517714560032,-0.09614724398124963,0.03254551696591079,0.04278462938964367,0.06372765311971307,0.0029600736452266574,0.021665723994374275
2025-07-14,0.00013782185124000534,-0.003603717021178454,-0.00025624854606576264,-0.006491652369732037,-0.0024895293754525483,-0.003950970014557242,-0.01794430217705667,-0.016812267946079373,-0.011564996559172869,-0.047948470804840326,-0.09396240767091513,-0.01827808003872633,-0.012001896742731333,-0.05420525744557381,0.13299908794579096,-0.03396200994029641,-0.024078617803752422,-0.08392884209752083,0.13486549071967602,-0.14205483719706535,0.11221149004995823,0.030256603655288927,-0.044661376625299454,0.01630281377583742,0.03956289915367961,-0.0003991653211414814,-0.003883473575115204,0.02838763827458024,0.052172327414155006,-0.03248169901780784,0.05815931397955865,-0.01235914882272482,-0.06271857395768166,-0.02955462411046028,0.017989516723901033,-0.0018630533013492823,0.060720459558069706,0.009065201506018639,0.05360433057649061,0.032687933184206486
2025-07-16,0.016820143966469914,0.02636565058492124,-0.005875181406736374,-0.005274973576888442,-0.006268946221098304,-0.0030242353677749634,0.052377440966665745,0.07340431120246649,0.17164197470992804,-0.011607048392761499,0.15565559454262257,0.036279802210628986,-0.013146408833563328,-0.17154618937638588,0.1361773181706667,-0.06134242611005902,0.10015919059515,-0.019242506008595228,0.018077752087265253,0.20299980649724603,-0.006951768882572651,-0.012457903008908033,0.029174742754548788,-0.15489159803837538,-0.2291121380403638,-0.06139196292497218,-0.00815121061168611,0.0295669287443161,-0.019732016138732433,0.12006391491740942,-0.014990028459578753,0.13581144250929356,0.10635743290185928,0.028788875322788954,0.15483975876122713,0.050739774480462074,-0.03840004256926477,-0.039147088304162025,0.039097857268643565,0.05512848007492721
2025-07-18,-0.0013428493402898312,-0.0008279999019578099,-0.0027752199675887823,-0.003078371868468821,-0.0019725686870515347,-0.0026842239312827587,-0.0067236077738925815,0.00328454258851707,0.016755953198298812,0.013178662862628698,0.07526663271710277,-0.0037190308794379234,-0.023840602254495025,-0.0003666086122393608,0.06866833847016096,-0.011623595841228962,0.013767039170488715,-0.0168717997148633,-0.05667429231107235,0.09813517797738314,-0.014617180451750755,-0.026282432838343084,0.02197539946064353,-0.04750740621238947,0.030923010781407356,-0.02844675537198782,0.0039994725957512856,0.021577240899205208,-0.007327178493142128,0.0018922872841358185,-0.0023712452966719866,-0.01438051089644432,0.0057319882325828075,-0.003138663712888956,-0.0008583517046645284,0.014695428777486086,-0.058491285890340805,-0.03212502924725413,0.005566285457462072,0.00025703880237415433
2025-07-22,0.004414397641085088,0.008352505741640925,0.0005623837932944298,0.001777016557753086,-0.0016981869121082127,-0.0017536391387693584,0.003548242151737213,0.013580713421106339,0.04289770592004061,-0.000902264378964901,0.02670612372457981,0.051864104345440865,0.032540688989683986,-0.008292555576190352,0.05322316475212574,0.012992809992283583,-0.009764294140040874,0.021579563384875655,0.016504041850566864,0.09644510224461555,0.02388081792742014,0.017496744636446238,0.028081444557756186,-0.012708946596831083,-0.010486085957381874,0.014499208540655673,-0.007306054001674056,0.012772510992363095,0.01360525656491518,0.030512620229274035,-0.014615542721003294,0.06084846705198288,0.04051602026447654,0.03309863992035389,-0.02048734948039055,0.008433436509221792,0.005969288758933544,-0.0010780429001897573,0.007622044766321778,-0.0022710745688527822
2025-07-24,-0.0028250039758859202,-0.0023047953145578504,-0.00502515840344131,-0.004449216416105628,-0.0016910519916564226,-0.0023929408052936196,-0.008471063221804798,0.04654920659959316,0.04883706266991794,-0.008946045767515898,-0.008320768945850432,-0.004318842198699713,-0.0005379529320634902,0.02678108960390091,0.002280718879774213,-0.15308053197804838,-0.006035727681592107,0.0815494917333126,-0.006855420768260956,-0.19180176418740302,0.0035407720133662224,-0.010435472941026092,-0.0736271720379591,-0.14269186556339264,-0.03606843203306198,-4.724186146631837e-05,-0.004319647327065468,-0.01791549799963832,-0.010608987184241414,-0.017645923304371536,-0.01638546958565712,-0.03948369063436985,-0.011820833169622347,0.004572849255055189,-0.01798778586089611,-0.013407139107584953,-0.09287379682064056,-0.008005144773051143,0.0662860949523747,0.010799424722790718
2025-07-28,-0.009670173283666372,-0.012302153161726892,-0.006162958685308695,-0.0051674507558345795,-0.0014686922077089548,-0.0016338342102244496,-0.004619903978891671,0.02319052116945386,-0.08336478471755981,-0.07201212178915739,-0.028122583345975727,-0.019145207363180816,-0.048842758405953646,-0.01754993200302124,-0.02735966315958649,-0.039048945996910334,-0.018087617121636868,-0.06142708007246256,-0.06241790670901537,-0.01950994459912181,-0.03236513212323189,-0.0027489946223795414,-0.013722385978326201,0.018702693283557892,-0.16284879011800513,-0.032520278939045966,-0.017552927020005882,-0.0024078257847577333,-0.024380872026085854,-0.008790081832557917,-0.03208828694187105,-0.02280077338218689,-0.019178049522452056,-0.015486306976526976,0.13445684732869267,-0.046515680849552155,-0.019061178201809525,-0.06353070214390755,-0.02545184548944235,0.0009146860102191567
2025-07-30,0.0029496386414393783,3.078230656683445e-05,-0.0018220692873001099,-0.0011616498231887817,0.0012082434259355068,-0.0015875217504799366,-0.00893727014772594,-0.01326802559196949,-0.023915767669677734,-0.03424481488764286,0.06985652726143599,0.0018315389752388,0.005426356568932533,-0.007930796477012336,0.02591249067336321,-0.020081525668501854,-0.02097351010888815,-0.04860083758831024,-0.06950261653400958,-0.08701609075069427,-0.04872116062324494,-0.0333747323602438,0.04621106036938727,0.040923723950982094,-0.047539778519421816,0.03479261603206396,-0.012066654628142715,-0.003925123251974583,-0.0677083171904087,-0.05340147390961647,0.001691031502559781,0.09304182790219784,-0.05780317634344101,-0.039376818574965,-0.020177310332655907,0.02120820665732026,-0.01896475814282894,0.06181812344584614,-0.003566583851352334,0.026287912391126156
2025-08-01,0.0025283241411671042,0.0013813370496791322,0.01283020805567503,0.008368361799512058,0.0038562489207834005,0.00639250926906243,0.00774033460766077,-0.005814842879772186,0.017693778034299612,0.027385042048990726,-0.025189237436279655,0.024066836573183537,-0.01028613280504942,0.020133428944973275,-0.05131651647388935,-0.009514736011624336,-0.012023339280858636,-0.00022895517759025097,-0.030653106048703194,-0.041429879143834114,-0.0053323544561862946,0.011691590771079063,-0.01714412961155176,-0.0327491844072938,-0.03908408898860216,-0.005194300785660744,0.005998777225613594,-0.0015473002567887306,-0.02446904592216015,-0.005733718164265156,-0.06382032856345177,-0.007436328043695539,0.005863631376996636,0.010212958324700594,-0.0003045252524316311,-0.014312442392110825,-0.06457491219043732,-0.00952377449721098,-0.01485551637597382,-0.016395001206547022
2025-08-05,0.009672977961599827,0.006876904924865812,0.002109927765559405,0.007957749417982996,0.0008962020801845938,0.004226204997394234,0.010681092506274581,-0.010871926322579384,0.0014129579067230225,0.013276439014589414,0.03348558722063899,0.0009673568420112133,0.03437712835147977,0.05503334663808346,0.025221583899110556,-0.00359371118247509,-0.0002823853865265846,-0.02704855613410473,-2.140086144208908e-05,0.029931556899100542,0.016914553474634886,0.02303365897387266,-0.04399068944621831,0.0022359751164913177,0.014479883015155792,0.0016284715384244919,0.00027801189571619034,-0.0055509814992547035,0.03406222444027662,0.0015904735773801804,-0.0056354692205786705,-0.04353952221572399,0.06366913579404354,-0.019288509851321578,-0.020095661748200655,0.018793245777487755,0.05080144293606281,0.011613325215876102,-0.024488503579050303,0.020266545470803976
2025-08-07,-0.003761709900572896,-0.012021915754303336,-0.018045092467218637,-0.013924127793870866,-0.0007809412200003862,-0.0007095359032973647,-0.032360378885641694,0.05111947236582637,0.0013494300656020641,0.007790474221110344,-0.015728682279586792,-0.019125551705656108,-0.07844814448617399,-0.03355309274047613,-0.0906925369054079,-0.06650044023990631,-0.01640757918357849,-0.006040740525349975,-0.09487281925976276,0.10215983260422945,-0.07070815842598677,0.059381966246291995,-0.09112422540783882,0.0695633115246892,-0.1357211396098137,-0.0230489419773221,-0.003788381814956665,-0.0069567455793730915,-0.08629831811413169,0.09758570417761803,-0.01037676353007555,-0.028932145796716213,0.12122728209942579,-0.009524138178676367,-0.044969945651246235,-0.026987950317561626,-0.011686588637530804,-0.09277625195682049,-0.031171513721346855,-0.03620941285043955
2025-08-11,0.012292260071262717,0.0148011464625597,0.02273845369927585,0.02290908503346145,0.011386505328118801,0.027906522154808044,0.01573789620306343,-0.006656695157289505,-0.017826402094215155,0.00523931160569191,0.046186311170458794,-0.027092269621789455,0.0012212740257382393,-0.054202484898269176,-0.038421209901571274,-0.02556095039471984,0.006119433790445328,0.002299625426530838,0.012453271192498505,-0.0918166134506464,-0.020379793597385287,-0.03264038113411516,-0.010479191842023283,-0.09273139201104641,-0.03223961964249611,0.005807715700939298,-0.011606700718402863,0.0274237971752882,0.024412788450717926,-0.08610080648213625,-0.027834739012178034,0.001331112813204527,-0.10592671483755112,-0.019857152365148067,0.0048097093822434545,-0.07647312059998512,-0.23501445353031158,0.008770129876211286,-0.06919689261121675,-0.06433600501623005
2025-08-13,0.004234804306179285,0.001316240057349205,0.01491579762659967,0.01064296206459403,0.008308277931064367,0.013101704651489854,0.02092092577368021,-0.008895314764231443,-0.031120525673031807,0.01499170158058405,0.014309571590274572,0.07843201607465744,-0.030410677194595337,-0.023734603077173233,-0.0333038626704365,-0.004928659647703171,-0.008110315538942814,-0.008024097420275211,0.018639253918081522,0.0815357081592083,-0.047086821869015694,0.03738908190280199,0.022943703457713127,0.01780126942321658,0.33005110546946526,-0.03366266004741192,0.0025221218820661306,0.011715466622263193,-0.023590161465108395,0.03776799701154232,-0.02683965116739273,0.01593836396932602,0.0327277947217226,-0.014379167463630438,-0.018967481097206473,-0.024232501164078712,0.03458529757335782,0.013547657523304224,0.037735397927463055,-0.026321145240217447
2025-08-15,-0.00792582583380863,-0.0045679109753109515,-0.00882040779106319,-0.004972223658114672,0.0026921796379610896,-0.0010691131465137005,-0.006465097423642874,-0.0029484316328307614,-0.02100637974217534,-0.024487767601385713,0.13718411745503545,0.024120510555803776,0.010544192511588335,0.06814548186957836,0.03812559321522713,-0.010938849300146103,-0.02476206049323082,-0.00316774845123291,0.03182288073003292,-0.002926891203969717,-0.026874779723584652,0.0507320452015847,-0.00820211146492511,-0.01519684586673975,0.014981619082391262,-0.035216862335801125,-0.0076400055550038815,-0.0055771032348275185,0.057629989460110664,0.01217108778655529,0.028917556628584862,0.03996477369219065,0.07822318433318287,-0.0048852888867259026,-0.0023751484695822,-0.05907133314758539,0.1411738358438015,-0.04257902898825705,0.015277400612831116,0.01642478909343481
2025-08-19,-0.0006502594333142042,-0.0014746524684596807,0.0028896043077111244,0.0012278491049073637,-0.0004908526607323438,-7.568742148578167e-05,0.007120584370568395,-0.020802156999707222,-0.07192159164696932,-0.061660369858145714,-0.061077164486050606,0.011516384314745665,-0.0005828754510730505,-0.025243284180760384,-0.05712972581386566,0.019446635618805885,-0.005666986806318164,-0.009272013558074832,-0.033979461062699556,-0.12659535091370344,-0.007146298885345459,0.03346077725291252,0.0004939594073221087,-0.004662953782826662,0.029611807316541672,0.0020586983300745487,0.016070427605882287,0.005318933865055442,0.19994111731648445,-0.04335707612335682,-0.030467495322227478,-0.008204506477341056,0.009848122717812657,0.016010586987249553,-0.012561138486489654,0.01191275054588914,-0.023252935148775578,-0.03105074359336868,0.011238027596846223,0.014209574088454247
2025-08-21,-0.004125857027247548,-0.007971696555614471,-0.0052758262027055025,-0.007716011954471469,-0.006780452444218099,-0.0033827551087597385,0.002783689647912979,-0.03013527230359614,0.03172593156341463,-0.06420235894620419,0.014679206535220146,0.011312108021229506,0.022820767131634057,-0.0026442264206707478,-0.031162466388195753,0.03615062381140888,0.02763606992084533,0.007698160596191883,-0.0173310455866158,-0.02535797841846943,-0.05793369235470891,0.01414720993489027,0.0028938957257196307,0.011705170385539532,0.13424838543869555,-0.0378937222994864,0.0026140512200072408,-0.003568487532902509,0.020515532232820988,0.012385948561131954,0.02545580267906189,-0.03473718883469701,0.012857039459049702,-0.015325971879065037,-0.04949736304115504,-0.06719721481204033,0.016739272512495518,0.029704253771342337,0.032547616749070585,-0.008157189935445786
2025-08-25,-0.005409844219684601,-0.006075412267819047,-0.007751077180728316,-0.008267974713817239,-0.0047160347166936845,-0.004501959192566574,-0.01687652780674398,-0.006474244626588188,0.15230171801522374,0.024021158926188946,-0.1930955247953534,-0.13097849860787392,0.03718748036772013,0.016653302125632763,-0.019371414091438055,-0.014315703883767128,-0.01849370007403195,0.022985401301411912,0.049291365779936314,-0.0118286176584661,0.03209887444972992,-0.013701604213565588,4.823971539735794e-05,-0.028772758319973946,0.10189859475940466,0.03960948158055544,0.02653498202562332,-0.08077083225362003,0.00014821067452430725,-0.05473180301487446,0.014323754701763391,0.011774067766964436,-0.022311292123049498,-0.016141622327268124,-0.01682750317559112,-0.03211655095219612,-0.03752305544912815,0.009244726272299886,0.024308505468070507,-0.05926952697336674
2025-08-27,-0.005199192091822624,-0.0027902431320399046,-0.0021495299879461527,-0.003662345843622461,-0.0033722961670719087,-0.001775684766471386,-0.005179548170417547,0.002694059396162629,-0.012495344039052725,-0.0012566393706947565,-0.009137086570262909,-0.0165154249407351,0.0017587416805326939,-0.0006676132325083017,-0.004069548333063722,0.04729541018605232,-0.0032951580360531807,0.00785026466473937,0.02268726611509919,-0.07131309062242508,-0.0030651725828647614,-0.032773203565739095,-0.009329304564744234,0.014022152405232191,-0.10393465682864189,-0.0016509690321981907,0.006845709751360118,-0.010305115021765232,-0.00428165981429629,-0.015228087548166513,-0.012991718016564846,0.004930820781737566,-0.06761903315782547,0.01095780823379755,-0.0064621479250490665,0.0008349097333848476,0.07648866530507803,-0.006353691918775439,-0.01943306066095829,-0.0007387539080809802
2025-08-29,0.001145775313489139,0.0015758827794343233,0.0019928677938878536,0.0012363046407699585,0.004491891770157963,0.0023910944582894444,-0.015682453755289316,0.02647969499230385,0.014920402085408568,0.02258516219444573,-0.02394062583334744,0.006515861488878727,0.004851186648011208,-0.009930184809491038,-0.044563617557287216,1.7204321920871735e-05,-0.010511456523090601,0.0025097737088799477,0.007845422951504588,-0.00021117739379405975,-0.015709951985627413,-0.007444187067449093,-0.009548400295898318,-0.005572425434365869,-0.08213781379163265,-0.0011779872002080083,0.009586913976818323,0.004290358396247029,-0.026993528939783573,0.009482316905632615,-0.011668221559375525,-0.009827298810705543,-0.00527549721300602,0.010747527121566236,-0.013174215098842978,0.003962361020967364,-0.07279817573726177,-0.005988866090774536,-0.009198679123073816,0.007247057976201177
2025-09-03,0.0004629390314221382,0.0004654626827687025,0.0010998360812664032,0.00288210017606616,-0.002741269359830767,3.635627217590809e-05,0.012386273127049208,-0.0010893186554312706,-0.01823355327360332,-0.004310574382543564,0.014579374343156815,-0.020407721400260925,-0.022312524728477,-0.016075062565505505,0.05806799931451678,-0.01763124205172062,0.029358304920606315,-0.013473373837769032,-0.0016804849728941917,0.014156607910990715,0.006750357890268788,-0.01577596925199032,-0.011426766403019428,0.01871443260461092,-0.0475624855607748,0.014219514734577388,0.0016147795831784606,0.004917006241157651,-0.010981348808854818,-0.041979651898145676,0.017279863386647776,-0.05306931771337986,-0.01165694696828723,-0.012103822431527078,0.034844363457523286,0.023985030129551888,-0.02586882747709751,0.0029280332382768393,0.03259521350264549,0.020780451595783234
2025-09-05,0.031448918394744396,0.04393780429381877,0.018842927645891905,0.040320579428225756,0.02444652351550758,0.02740441355854273,0.026035932824015617,0.09504519123584032,-0.0034526443341746926,0.12739449925720692,0.06566659529926255,-0.11599255166947842,0.03228351194411516,-0.15752464439719915,-0.14332914259284735,0.00162460096180439,-0.12140225991606712,0.019559822976589203,-0.07486975844949484,-0.036816252395510674,-0.05830965377390385,-0.11047287844121456,-0.021374640055000782,0.021675836760550737,0.1887397770769894,-0.09616740047931671,0.0848570610396564,0.02367977611720562,-0.0717420500004664,-0.049730826169252396,-0.1596577726304531,-0.1174501795321703,0.14645822625607252,0.0872481563128531,0.015929928980767727,-0.08583420049399137,-0.10740082152187824,-0.13377240300178528,0.09994714194908738,0.1033780500292778
2025-09-09,0.002035566372796893,0.0010666775051504374,-0.0007737877313047647,0.00035542401019483805,0.0003535254509188235,-0.0009846165776252747,-0.0030452043283730745,0.019469469552859664,0.06681005307473242,-0.1489451378583908,-0.019543038681149483,0.0024192023556679487,-0.057539523812010884,-0.049134279135614634,-0.005683754105120897,0.011848908616229892,-0.013685125857591629,-0.022257717791944742,-0.14343447145074606,-0.0027255755849182606,-0.040071163326501846,-0.008260784670710564,0.0012446451000869274,-0.016180435195565224,-0.2733147437684238,-0.08143842406570911,0.00423339125700295,0.0002275938168168068,-0.04647459276020527,0.00839683786034584,0.013134977372828871,0.00739595340564847,0.002764736069366336,-0.00013360497541725636,-0.033056601881980896,-0.1054941238835454,0.06284596584737301,0.00953943794593215,0.006211796775460243,-0.04340250120003475
2025-09-11,0.007090399274602532,0.008892124285921454,0.007505468209274113,0.008229212602600455,0.004526550823356956,0.00767476879991591,0.004736708011478186,0.005810820613987744,0.023615225218236446,0.015415067318826914,-0.15192800108343363,0.011003505904227495,-0.049552103504538536,-0.08564131334424019,0.024215901736170053,0.004188534803688526,-0.05534541327506304,-0.01727736950851977,0.12703779619187117,-0.0236671045422554,0.03009669855237007,0.0032922979444265366,-0.029331326484680176,-0.16779071791097522,-0.023283473681658506,0.1322457455098629,-0.0035603076685220003,0.0004981826059520245,-0.012176532298326492,0.025554904714226723,-0.04687987011857331,-0.11681561544537544,0.0065740314312279224,-0.020151088945567608,-0.023956838995218277,-0.014553094282746315,-0.04204690270125866,-0.15420087054371834,0.07271999213844538,-0.00634089857339859
2025-09-15,0.00024725240655243397,-0.005911350948736072,0.00385550525970757,0.00048256199806928635,0.0010621650726534426,0.000815904582850635,-0.02528094919398427,-0.07716747187077999,0.28629550989717245,0.01101968390867114,-0.05089539382606745,-0.02816910156980157,0.10505178943276405,-0.107231312955264,0.022473460994660854,0.029004069278016686,0.00040652742609381676,0.1746905145701021,0.042250490514561534,-0.17397527769207954,0.09930178616195917,0.038307141865516314,-0.237198869115673,0.054087971337139606,0.0269214971922338,0.0940818153321743,-0.03255648026242852,0.01279157679527998,0.09916028194129467,-0.09929042588919401,0.027585462667047977,0.07381557376356795,-0.007429315708577633,0.02683464577421546,-0.07407515309751034,-0.003817304503172636,0.22906632162630558,0.0024867443135008216,-0.019832782447338104,-0.040587943978607655
2025-09-17,0.0072551973280496895,0.0016373140970245004,0.0033965916372835636,0.008661092608235776,0.0021415251248981804,0.0028250826871953905,0.01607544277794659,-0.03441319253761321,-0.021401774138212204,-0.0005964078009128571,0.029815376037731767,0.008574952837079763,0.0364521499723196,0.022356277448125184,0.033598107285797596,0.016338745364919305,0.019713259302079678,0.01936158607713878,0.021604853216558695,0.006560685578733683,0.025329232215881348,0.02894729934632778,0.009231583215296268,0.01686872076243162,0.024448642507195473,0.021866371855139732,0.016763847321271896,0.008147582411766052,-0.005975513719022274,0.003240105463191867,-0.000739005277864635,0.02700472343713045,-0.004105880856513977,0.02551386598497629,0.013809812953695655,0.018232031259685755,0.29901286819949746,0.020700550638139248,0.014184451662003994,0.010957538848742843
2025-09-19,-0.0076890934724360704,-0.006267541990382597,-0.004577488376526162,-0.006626720889471471,-0.005700037989299744,-0.006654142460320145,-0.004437065217643976,0.013194442261010408,-0.000174578744918108,0.013045017141848803,0.02489381516352296,-0.06212058663368225,-0.00824779481627047,0.09392438231225242,-0.007536509016063064,-0.002362801693379879,-0.008981400169432163,-0.02333280211314559,-0.01625975640490651,-0.03268869733437896,-0.005779248080216348,-0.010933608282357454,-0.01059323363006115,-0.001367705874145031,-0.03951629204675555,-0.0017005717381834984,-0.006354369543259963,-0.0017539523541927338,0.003956756088882685,-0.014206310297595337,0.013440477196127176,-0.022484142798930407,-0.011618082411587238,-0.013695245143026114,0.007381725939922035,-0.008146796375513077,0.008174361195415258,-0.020558840595185757,-0.00986206391826272,-0.0189711288549006
2025-09-23,-0.025357483886182308,-0.006122747377958149,-0.03346711420454085,-0.03299064887687564,-0.011460016365163028,-0.03791608428582549,-0.04382417118176818,0.03825395740568638,-0.05681191897019744,0.04051533807069063,0.02010291488841176,-0.008993599563837051,-0.03285884752403945,0.027605509385466576,-0.021326516289263964,-0.03719487600028515,-0.02105631004087627,0.07503209635615349,0.045690210768952966,0.17775159794837236,0.00630834378534928,0.04258534172549844,0.008192631765268743,-0.06348452577367425,0.004114644601941109,-0.013858044345397502,0.016476444900035858,-0.011161832488141954,0.0012647397816181183,-0.021332917269319296,-0.029307368211448193,-0.01291979243978858,0.1626045210286975,0.047580070327967405,-0.012550894636660814,0.011885119194630533,0.006727660074830055,-0.044164206832647324,-0.01119427103549242,0.007417670451104641
2025-09-25,0.00491718971170485,0.005864636041224003,-0.003259396879002452,0.0036380745004862547,0.005649478989653289,0.0036594575503841043,-0.008069455623626709,0.020361755043268204,0.0008002817630767822,0.02023851964622736,0.05838723108172417,0.006913844496011734,-0.02916600147727877,0.0027897795662283897,-0.022954492829740047,-0.0003104656934738159,0.056815107353031635,0.06363391224294901,0.03741365671157837,-0.023575253784656525,0.02784484322182834,-0.07649982813745737,0.009696243330836296,0.05285645928233862,0.013975471258163452,0.045183202157204505,-0.004946591332554817,0.006232147570699453,-0.04853353090584278,-0.041923170909285545,-0.03518035123124719,0.02568827196955681,-0.06343263387680054,-0.011875082505866885,0.025803997181355953,-0.07481375057250261,-0.03476842865347862,-0.01668670866638422,0.018113254103809595,-0.014293684856966138
2025-09-29,0.006210624356754124,0.003534192219376564,0.007736725965514779,0.009202297776937485,0.0002565595423220657,0.00528581056278199,0.023163395933806896,-0.015932870097458363,0.039388745091855526,-0.011946078389883041,-0.10390753578394651,-0.02405677759088576,0.0020909332670271397,0.1020138617604971,0.013537910650484264,0.07724187849089503,0.007305447092221584,-0.009281223639845848,0.020311929285526276,0.0336754044983536,-0.06830295035615563,-0.1599347172304988,0.005116774780617561,-0.003346427343785763,-0.0006792731583118439,-0.0012765152278007008,0.005513276519195642,0.004367362707853317,0.01971450448036194,0.014429151662625372,0.022440802305936813,-0.0018189779948443174,0.0046923033078201115,0.00018590781837701797,-0.029091680189594626,0.019200596027076244,0.007625683210790157,0.0482805585488677,-0.030306528322398663,0.04274123010691255
2025-10-01,0.005160590051673353,0.006373104406520724,0.0025595194310881197,0.0003035934641957283,0.00025013345293700695,0.001665257863351144,-0.020530330250039697,0.006793086780817248,0.041771967895329,0.0213740867911838,-0.0025823626201599836,0.04806584678590298,-0.009929739753715694,-0.013838455313816667,0.05542447930201888,-0.036518079694360495,0.043679088819772005,-0.017869704868644476,0.01485105324536562,0.02768610091879964,0.05116955563426018,-0.009850895963609219,0.00512562517542392,0.006692425347864628,0.083701366558671,0.001876319758594036,0.0004040580242872238,-0.03339334297925234,0.02188509749248624,0.05790102947503328,0.04040389275178313,0.08500520884990692,0.057774826884269714,0.0093061369843781,-0.00013563496759161353,-0.029648334253579378,-0.22259203623980284,0.03352062404155731,-0.013974093832075596,-0.032058075070381165
2025-10-03,0.002306509471964091,0.0011583049781620502,0.000301973894238472,0.0010095282923430204,0.002013273275224492,0.00015185645315796137,-0.004323827568441629,0.008709581103175879,0.007902037352323532,0.034123748540878296,-0.026162295369431376,-0.02534071553964168,0.012817037699278444,-0.002972124610096216,0.009502867702394724,0.006011851830407977,0.002565549249993637,-0.02437541726976633,0.003337153233587742,-0.01579064456745982,0.011688185390084982,-0.0037095077423145995,-0.015008722431957722,-0.008143502287566662,-0.03279004152864218,0.00900853076018393,0.01395060308277607,0.008529485668987036,0.00010303629096597433,0.0001243713777512312,0.005259365774691105,-0.05531081184744835,0.005102946422994137,0.0015755268977954984,-0.004826320946449414,0.012521548196673393,-0.6088336501270533,0.0690169408917427,0.0066036287462338805,-0.0010697415564209223
2025-10-07,-0.00024279230274260044,-0.004180727293714881,0.0005355691537261009,0.0011981555726379156,-0.002583710418548435,0.0006445865146815777,-0.00035408977419137955,0.002917748875916004,-0.0009825695306062698,-0.00962353590875864,-0.01002733310451731,-0.021479859948158264,-0.004109710454940796,0.0341449249535799,-0.03296609129756689,-0.010504615493118763,-0.00033273675944656134,0.017377765383571386,-0.005020020296797156,-0.07785937562584877,-0.002599084749817848,0.010225183330476284,0.010934312194876838,0.003704192116856575,0.06477761827409267,0.00813956605270505,0.0073177379090338945,0.002925703418441117,-0.0026176772080361843,-0.004210071638226509,0.021824851632118225,-0.021961756981909275,0.00012221978977322578,0.010994927259162068,0.03317063418217003,0.030080536380410194,0.05077194981276989,0.03618810046464205,0.0028507839306257665,0.024262241553515196
2025-10-09,0.009407153469510376,0.006799258291721344,0.007073484361171722,0.007093610940501094,0.010537191461480688,0.007822477025911212,0.0011953095672652125,0.01035027764737606,0.027727373875677586,-0.01936947926878929,-0.009086149744689465,0.020342293893918395,-0.042046303511597216,-0.034926348365843296,0.013116122223436832,-0.04431851580739021,-0.009948455262929201,0.010037962347269058,0.01737263798713684,-0.047104790806770325,4.654005169868469e-05,0.04155130125582218,-0.005269410088658333,-0.01773143419995904,-0.06649263389408588,0.02307991310954094,0.007131767924875021,0.008263878524303436,-0.025794501416385174,0.030582782812416553,0.06154892174527049,-0.028995360247790813,-0.014775164425373077,0.010290110018104315,-0.02005326747894287,-0.027331016957759857,0.11449154652655125,-0.011415230110287666,-0.039140570908784866,-0.02164352871477604
2025-10-13,0.005106592318043113,0.0043087254744023085,0.0010568205616436899,0.0036946635227650404,0.0018687237170524895,0.0028230594471096992,0.00032812589779496193,0.03371123387478292,0.05154925002716482,0.06667206226848066,0.0008068792521953583,0.00867355358786881,0.007841590791940689,0.020111900754272938,0.11778164468705654,-0.02325296588242054,-0.00621019653044641,0.02109075873158872,0.010722375242039561,0.03748979954980314,0.012406017631292343,0.008481870638206601,0.010785408085212111,-0.06878143409267068,-0.004041634500026703,0.011623087339103222,-0.004334823344834149,0.011263162596151233,0.009978095069527626,-0.0028704593423753977,-0.008367463480681181,-0.0025800615549087524,-0.0011398252099752426,-0.013926130020990968,0.00814597844146192,0.0018421591958031058,0.012546462705358863,0.017430812469683588,-0.001632539788261056,0.0003658703062683344
2025-10-15,0.013369675492867827,0.012285132892429829,0.003696608473546803,0.01380132231861353,0.003922265343135223,0.007969878701260313,0.022795841796323657,0.013719359412789345,0.19258885201998055,0.10759077407419682,-0.039740812964737415,-0.03984931856393814,-0.03577560093253851,-0.08439934882335365,-0.02206489723175764,-0.0989840803667903,0.05641548614948988,0.03270160173997283,0.06459244573488832,0.04628181364387274,0.1026657591573894,-0.006406675209291279,0.09163095615804195,-0.05951099842786789,-0.1200719065964222,0.09909925982356071,-0.03311167983338237,0.017415005015209317,0.042762482073158026,0.07582193100824952,0.05917650574701838,0.16749609261751175,0.04873031424358487,0.006277304142713547,-0.005831274203956127,-0.10311891883611679,-0.0017588103655725718,-0.009888663422316313,0.03157299663871527,0.026405861601233482
2025-10-17,0.0009128798847086728,0.0016746458131819963,0.0011358449701219797,-0.0008368282578885555,0.004028794362966437,0.0017069620080292225,-0.0023131644120439887,-0.035617245361208916,-0.013342291582375765,-0.04328485019505024,0.050647320225834846,0.05938647221773863,0.0802922360599041,0.08484476897865534,0.011948764324188232,-0.008764633210375905,0.02019921177998185,0.0004456806927919388,0.013044601771980524,0.061209901818074286,-0.020168304443359375,0.01578041212633252,0.013579876045696437,0.12219554930925369,-0.14210323197767138,-0.011896317591890693,0.01315802475437522,0.01341767655685544,0.12052024155855179,0.07609432470053434,0.000977629330009222,0.03265921398997307,0.0699012279510498,0.008244540076702833,-0.00016968883574008942,-0.0007727695629000664,0.0010295339889125898,0.023545761592686176,0.003707611933350563,0.0025759758427739143
2025-10-21,-0.006585456780157983,-0.009317163960076869,-0.006063371663913131,-0.007671501240110956,-0.007591759480419569,-0.005788658279925585,-0.0032648183405399323,-0.09862612187862396,-0.026131519116461277,-0.26316238939762115,-0.00691667222417891,-0.01443968340754509,-0.004685398191213608,0.11986606242135167,-0.020201981998980045,0.027443235740065575,-0.02074174233712256,-0.049050355795770884,0.012677185237407684,-0.002299915999174118,-0.009354166220873594,-0.00306295370683074,0.00686260312795639,-0.021636114455759525,-0.008538383000995964,-0.01600806601345539,0.031183237209916115,0.00035926501732319593,0.07859161775559187,0.007115528918802738,0.0018845685990527272,-0.0585048021748662,0.0039038551039993763,-0.02634260873310268,0.08608356863260269,0.024561568163335323,-0.029878075467422605,0.0002629058435559273,-0.020977134816348553,-0.01635950757190585
2025-10-23,-0.0038037330377846956,-0.001627197489142418,-0.0066737772431224585,-0.008712113951332867,-0.005380205519031733,-0.006103415973484516,-0.0037168520502746105,-0.02072068117558956,-0.07160201109945774,0.061365244910120964,-0.004362194333225489,0.005642516538500786,-0.016452635638415813,-0.0032898522913455963,0.0030479952692985535,-0.09398787561804056,-0.04210373852401972,-0.005594620015472174,-0.00453087332425639,0.10194678232073784,-0.03072604350745678,-0.043285018764436245,-0.020238712430000305,0.0004171198233962059,-0.19879240542650223,0.03230455471202731,-0.021578279323875904,0.006018451415002346,-0.009466711431741714,-0.009161940775811672,0.0054144869282026775,0.027137011289596558,-0.029475818388164043,-0.019543027061445173,-0.009805826470255852,-0.06784926005639136,-0.046023626578971744,0.0037201530067250133,-0.033803845290094614,0.019216333515942097
2025-10-27,0.015465612523257732,0.010273476829752326,0.005300591699779034,0.0014910708414390683,0.007440664398018271,0.00942257174756378,0.020400614710524678,-0.018183333799242973,-0.0471014678478241,0.008936751633882523,-0.06099766306579113,-0.03556466894224286,0.008170380722731352,-0.032916062977164984,-0.06585090048611164,0.10673074214719236,-0.00279814749956131,-0.03465549775864929,0.0652015432715416,0.06850467622280121,0.05053908238187432,0.028380540665239096,0.056907652877271175,0.04150263965129852,0.3469228297472,0.006807871628552675,0.02015119232237339,-0.04198935255408287,-0.08391823212150484,0.009255585726350546,-0.048283787444233894,0.20369331212714314,-0.0818936014547944,0.017598156351596117,0.0111070207785815,0.04210588685236871,-0.22894292138516903,-0.02410110319033265,0.060946869663894176,0.09697001799941063
2025-10-29,-0.027501436416059732,-0.02614347031340003,-0.031470583751797676,-0.028952131513506174,-0.024987090029753745,-0.029780433047562838,-0.023593762889504433,-0.04596385685727,0.2952576223760843,-0.055994557216763496,-0.03376052784733474,-0.04128576267976314,-0.016285120509564877,-0.062499240040779114,0.11794567480683327,-0.026606700383126736,-0.04894438199698925,-0.015200202818959951,-0.15201223362237215,0.061884380877017975,-0.19643589481711388,0.023572221398353577,0.11812674859538674,0.09623012132942677,-0.45948689710348845,-0.02164979325607419,0.0019435621798038483,-0.05570410843938589,-0.004429275169968605,-0.18428746005520225,-0.056032784341368824,-0.043364979326725006,0.01711877901107073,-0.023812977597117424,0.03092991653829813,0.17708359647076577,-0.16512015089392662,-0.0003900453448295593,-0.027865519747138023,0.0015384922735393047
2025-10-31,0.000551345874555409,-0.0016801207093521953,0.0029595880769193172,-0.0051129505736753345,-0.0016948379925452173,0.002338807680644095,0.006396582815796137,0.012887731194496155,-0.03695036191493273,0.020585764199495316,0.007759973173961043,0.03267781808972359,0.012193894945085049,-0.008370085153728724,-0.005031670909374952,0.013566357316449285,-0.005262090591713786,0.027864678064361215,0.0006837942637503147,0.0063422732055187225,0.010733418283052742,0.000674594019073993,-0.003836986143141985,-0.020115979947149754,0.0029562078416347504,0.011298920027911663,-0.008544712560251355,-0.02245356421917677,0.00453596017905511,0.0037022472824901342,-0.02020646585151553,-0.005986026721075177,0.022454168647527695,3.8022175431251526e-05,-0.00019779754802584648,-0.004972302122041583,0.07938598562031984,-0.01816948689520359,0.04295041970908642,-0.013247989816591144
2025-11-04,0.005399880814366043,0.006405159874702804,0.0015306873247027397,0.0034595754696056247,0.006936810736078769,0.003640411887317896,-0.004762453958392143,-0.006955817807465792,-0.017986235674470663,-0.007393602281808853,0.009953305125236511,0.02025264990516007,-0.013925045263022184,-0.029030730482190847,-0.028044573962688446,-0.04164576344192028,-0.07419143430888653,-0.004796688910573721,-0.006200520787388086,-0.11342205479741096,0.013017551507800817,0.005222600419074297,-0.0033353625331074,-0.020107960794121027,-0.026718832552433014,0.007296742493053898,0.011845121160149574,0.015817427542060614,-0.024865305982530117,0.03293886035680771,-0.02200180757790804,-0.04748298227787018,0.005079464986920357,-0.010274975560605526,-0.025560003705322742,0.024058908224105835,0.0004900246858596802,0.038631612434983253,-0.040495540015399456,0.0040425932966172695
2025-11-06,0.004793128347955644,0.002643326355610043,0.008059342624619603,0.007984520867466927,0.002503375755622983,0.00404837541282177,0.011929224478080869,0.0028760271961800754,-0.0011614847462624311,-0.005397401982918382,0.0036612896947190166,-0.030245096422731876,0.019331969029735774,-0.024323377292603254,-0.01559726195409894,-0.03327453322708607,-0.009119001217186451,0.00260908342897892,-0.016483710147440434,0.03913885913789272,0.014032331760972738,0.01142638549208641,-0.008489516796544194,0.053652508184313774,-0.022015304304659367,0.0031327048782259226,0.012216649949550629,-0.02897673472762108,0.003289699088782072,-0.012533117085695267,-0.030232555232942104,-0.04382190783508122,-0.027112850919365883,0.015711441868916154,0.010652422439306974,0.003796194214373827,-0.09808525815606117,-0.01943608932197094,-0.011919151991605759,0.004696982447057962
2025-11-10,0.007354793604463339,0.009217737009748816,0.004377666744403541,0.00594707764685154,0.005479657149408013,0.005903421217226423,0.004895724938251078,-0.015270201489329338,0.042921578511595726,0.0503930002450943,-0.008303691167384386,0.013580110156908631,-0.004092935938388109,-0.029715898330323398,0.011234135366976261,0.0017076176591217518,0.027042170986533165,0.009778838604688644,0.017342574894428253,0.039886973798274994,0.03004744928330183,-0.002989958389662206,0.00543086975812912,0.06581355072557926,-0.1351711479946971,0.015555162448436022,-0.007048665342153981,-0.00849365908652544,0.014493077993392944,0.02221175329759717,0.014816581271588802,-0.01359205786138773,0.002511696773581207,-0.015005678869783878,-0.007219390943646431,-0.039993259124457836,-0.007942424155771732,-0.011220462154597044,0.0012163720093667507,0.00212118704803288
2025-11-12,0.0035357712768018246,-0.0012834719382226467,-0.008503695571562275,-0.0021916182013228536,-0.005325730802724138,-0.009732437320053577,-0.010634099133312702,0.04288656450808048,-0.010810315608978271,0.22463568672537804,-0.005827278830111027,0.024887015111744404,0.04834610037505627,0.03283624758478254,-0.029003776609897614,0.009164344053715467,0.01871821191161871,-0.03578132763504982,0.02939944714307785,0.09636809397488832,0.057804349809885025,-0.026758525520563126,0.02520599076524377,-0.004620272200554609,-0.03588589114951901,0.02409974578768015,-0.015348027693107724,-0.0021790440659970045,0.04721957631409168,-0.06889708247035742,-0.0012542339973151684,0.05228387750685215,-0.03777102008461952,-0.01454487955197692,0.0495418356731534,-0.019468947750283405,0.19223225489258766,0.003500069840811193,-0.023697739001363516,-0.016999389976263046
2025-11-14,-0.0006510849925689399,0.0004860628687310964,-0.0021769649465568364,-0.0029747895314358175,0.001121973677072674,-0.0008764832164160907,-0.0071606822311878204,-0.021714321803301573,-0.010775922797620296,-0.04587541660293937,0.001448196591809392,0.0022791410447098315,-0.02204058668576181,-0.0018070496735163033,0.0003332379856146872,0.00955372815951705,0.005948527017608285,0.014724050997756422,-0.016270362655632198,-0.007142019632738084,-0.02134356228634715,-0.021291115321218967,0.0027044533635489643,-0.0009800211992114782,-0.010834439715836197,-0.019358264340553433,-0.0010739484569057822,-0.0020918932859785855,-0.020792071241885424,0.0007373435946647078,0.013389319239649922,-0.028105435252655298,-0.027868937293533236,-0.0006800126284360886,0.02009602263569832,-0.0008861511887516826,-0.031738351623062044,0.03154677525162697,-0.0003022639430128038,-0.00046032649697735906
2025-11-18,-0.0007587617437820882,-0.00019643775885924697,0.0012095037382096052,2.8885522624477744e-05,0.0004689824127126485,0.000736639805836603,-0.0042455565999262035,0.01622353366110474,0.09954082779586315,-0.09933830983936787,0.08995911230886122,-0.08090636553242803,-0.028079349431209266,0.09478765167295933,-0.009855413343757391,-0.015450844075530767,0.07984719891101122,-0.019393929978832603,-0.024403586518019438,0.022516128607094288,-0.05310498201288283,-0.0625242437236011,0.017595019191503525,-0.1303575150668621,-0.011454364750534296,0.005520265083760023,0.012742129154503345,-0.0014634171966463327,-0.06338962749578059,0.03727810876443982,-0.03266795119270682,-0.004371092189103365,0.012601836118847132,-0.0015589892864227295,-0.010975231416523457,0.007744808215647936,-0.02233637450262904,-0.1475263275206089,0.0069837807677686214,-0.007330184802412987
2025-11-20,-0.004206898622214794,-0.0023813442094251513,0.0008700878825038671,-9.106029756367207e-05,-0.0008602657471783459,-0.0011197594285476953,0.0024613089626654983,-0.00803020317107439,-0.014207041822373867,-0.014221133198589087,-0.013498014770448208,-0.021911665331572294,-0.00519897835329175,-0.03954241145402193,-0.007525512017309666,-0.0153493732213974,-0.04050085740163922,-0.010848877020180225,-0.019114358467049897,-0.025537006556987762,-0.019285893999040127,-0.009031071327626705,-0.014753371593542397,0.004676258773542941,-0.050895532593131065,-0.02000837796367705,-0.0012857780093327165,0.0025869705714285374,-0.013457995490171015,-0.0021614661091007292,-0.02205021260306239,-0.022652957122772932,-0.02554455678910017,0.0063288467936217785,-0.000879848375916481,0.007032082881778479,0.01301504299044609,-0.004711883491836488,-0.013650562148541212,0.057215025182813406
2025-11-24,0.0009501809254288673,0.0020886497222818434,0.0011940934928134084,0.0027924830792471766,-0.0007025585873634554,-0.0002464306598994881,0.006334273377433419,0.0026305057108402252,-0.010418679565191269,0.0075553926872089505,0.010994309093803167,-0.012232235167175531,0.004544916562736034,-0.006182805402204394,0.015431367792189121,-0.005117580178193748,0.0024173895362764597,-0.0016512603615410626,-0.024860414676368237,-0.04979347251355648,0.020994965685531497,-0.02761555416509509,-0.015135279390960932,0.027660838793963194,0.2424926981329918,-0.0014479898018180393,-0.007335923379287124,-0.02110305894166231,0.006794811692088842,0.025291549507528543,0.0006749306339770555,-0.03893953748047352,0.004238953115418553,-0.03010323061607778,0.01697287242859602,-0.009032056434080005,-0.0028926990926265717,-0.0004956135526299477,-0.031180860474705696,-0.00026685185730457306
2025-11-26,-0.004204172641038895,-0.0044746993808075786,-0.004219277936499566,-0.0017707787919789553,-0.005359127317206003,-0.003084166208282113,-0.0008158101700246334,0.014153174590319395,0.055351268500089645,-0.030082155019044876,-0.0015413525979965925,0.016980239190161228,-0.020134283928200603,-4.861503839492798e-07,0.018164286389946938,-0.038234081119298935,-0.0019979707431048155,-0.028555138502269983,-0.00425838481169194,0.011945772916078568,0.014174980577081442,0.004759793169796467,-0.027645356953144073,-0.015599578153342009,0.03556903637945652,0.0647959653288126,-0.0008583045564591885,0.038806079886853695,-0.007159189786761999,0.08603642042726278,0.00667312927544117,0.0019832514226436615,0.039587404346093535,-0.003233034978620708,0.02618082705885172,-0.00980779412202537,0.0245377104729414,-0.023597541730850935,0.006386605091392994,0.0025214236229658127
