Date,EEM,GLD,SPY
2022-01-03,44.62496566772461,168.3300018310547,451.8751220703125
2022-01-04,44.470767974853516,169.57000732421875,451.7237548828125
2022-01-05,43.74515914916992,169.05999755859375,443.0497131347656
2022-01-06,43.94470977783203,166.99000549316406,442.6335144042969
2022-01-07,44.343788146972656,167.75,440.8835144042969
2022-01-10,44.343788146972656,168.25999450683594,440.3349609375
2022-01-11,45.368717193603516,170.2899932861328,444.345703125
2022-01-12,46.12153244018555,170.74000549316406,445.5469665527344
2022-01-13,45.46848678588867,170.16000366210938,439.4079895019531
2022-01-14,45.450340270996094,169.6699981689453,439.5876770019531
2022-01-18,44.643104553222656,169.38999938964844,431.8027648925781
2022-01-19,44.83358383178711,172.0800018310547,427.319091796875
2022-01-20,45.09660720825195,171.64999389648438,422.5894775390625
2022-01-21,44.44356155395508,171.08999633789062,414.2938232421875
2022-01-24,43.817726135253906,172.02999877929688,416.05316162109375
2022-01-25,43.73609924316406,172.5800018310547,410.9736022949219
2022-01-26,43.18281936645508,169.7899932861328,409.9425964355469
2022-01-27,42.683963775634766,167.60000610351562,407.91827392578125
2022-01-28,42.892574310302734,167.10000610351562,418.0491027832031
2022-01-31,44.29843521118164,168.08999633789062,425.5785827636719
2022-02-01,44.5705451965332,168.22999572753906,428.4542236328125
2022-02-02,44.497989654541016,168.83999633789062,432.6163024902344
2022-02-03,44.026344299316406,168.60000610351562,422.4476318359375
2022-02-04,44.13518524169922,168.86000061035156,424.4339904785156
2022-02-07,44.04448318481445,170.11000061035156,423.0718994140625
2022-02-08,44.470767974853516,170.6300048828125,426.55291748046875
2022-02-09,45.16917037963867,171.2100067138672,432.7959289550781
2022-02-10,44.8698616027832,170.55999755859375,425.02056884765625
2022-02-11,44.189605712890625,173.80999755859375,416.6396789550781
2022-02-14,43.88121795654297,174.74000549316406,415.2774658203125
2022-02-15,44.83358383178711,173.0800018310547,421.97467041015625
2022-02-16,45.16010284423828,174.86000061035156,422.4476318359375
2022-02-17,44.634033203125,177.25,413.42352294921875
2022-02-18,44.189605712890625,177.1199951171875,410.74658203125
2022-02-22,43.56376647949219,177.49000549316406,406.3385925292969
2022-02-23,43.05583572387695,178.2899932861328,399.1307373046875
2022-02-24,42.16696548461914,177.13999938964844,405.1373291015625
2022-02-25,42.946990966796875,176.5500030517578,414.0762023925781
2022-02-28,42.384647369384766,178.3800048828125,413.01678466796875
2022-03-01,41.822303771972656,181.6199951171875,406.7264404296875
2022-03-02,41.894859313964844,179.72999572753906,414.2086486816406
2022-03-03,41.3053092956543,180.8000030517578,412.14654541015625
2022-03-04,40.470855712890625,183.67999267578125,408.7979736328125
2022-03-07,38.956146240234375,186.41000366210938,396.74700927734375
2022-03-08,39.08312225341797,191.50999450683594,393.73895263671875
2022-03-09,40.18967819213867,185.82000732421875,404.2953796386719
2022-03-10,39.43686294555664,186.39999389648438,402.4698486328125
2022-03-11,38.61148452758789,185.08999633789062,397.3523254394531
2022-03-14,37.67726516723633,182.3000030517578,394.44842529296875
2022-03-15,37.7316780090332,178.88999938964844,403.12249755859375
2022-03-16,40.770164489746094,180.00999450683594,412.0614013671875
2022-03-17,40.56155776977539,180.88999938964844,417.2165832519531
2022-03-18,41.14204025268555,179.3000030517578,421.786376953125
2022-03-21,40.507137298583984,180.6699981689453,421.6629943847656
2022-03-22,41.24181365966797,179.36000061035156,426.5970764160156
2022-03-23,40.969703674316406,181.80999755859375,421.1031799316406
2022-03-24,41.18739318847656,183.1300048828125,427.4510498046875
2022-03-25,40.860862731933594,182.3800048828125,429.53857421875
2022-03-28,40.996917724609375,179.05999755859375,432.5938415527344
2022-03-29,41.695316314697266,179.13999938964844,437.9454040527344
2022-03-30,41.5774040222168,180.5800018310547,435.2411804199219
2022-03-31,40.951568603515625,180.64999389648438,428.542236328125
2022-04-01,41.631832122802734,179.5,429.7568054199219
2022-04-04,42.36650848388672,180.3699951171875,433.4383239746094
2022-04-05,41.58647155761719,179.24000549316406,427.9634704589844
2022-04-06,41.04227066040039,179.66000366210938,423.6841125488281
2022-04-07,40.71574783325195,180.33999633789062,425.8189697265625
2022-04-08,40.75202178955078,181.47000122070312,424.680419921875
2022-04-11,40.24409866333008,182.3699951171875,417.4216613769531
2022-04-12,40.11711883544922,183.77000427246094,415.875
2022-04-13,40.6431884765625,184.64999389648438,420.6382751464844
2022-04-14,40.11711883544922,184.0399932861328,415.4005432128906
2022-04-18,39.98107147216797,184.61000061035156,415.5713195800781
2022-04-19,39.781524658203125,181.82000732421875,422.2798156738281
2022-04-20,39.54570007324219,182.7100067138672,421.9666442871094
2022-04-21,38.7838134765625,182.05999755859375,415.6567077636719
2022-04-22,38.43914794921875,180.2899932861328,404.2514953613281
2022-04-25,38.15797805786133,177.0500030517578,406.5951843261719
2022-04-26,37.323524475097656,177.32000732421875,394.8197937011719
2022-04-27,37.75889205932617,175.97999572753906,395.9300537109375
2022-04-28,38.30309295654297,176.92999267578125,405.9309387207031
2022-04-29,38.43914794921875,176.91000366210938,390.9294738769531
2022-05-02,38.384727478027344,173.6300048828125,393.28265380859375
2022-05-03,38.665897369384766,174.08999633789062,395.0854797363281
2022-05-04,39.08312225341797,175.8000030517578,407.1170654296875
2022-05-05,37.64097595214844,175.1300048828125,392.6469421386719
2022-05-06,37.12398147583008,175.4199981689453,390.30328369140625
2022-05-09,36.053707122802734,172.8800048828125,377.8067626953125
2022-05-10,36.22603988647461,171.4199981689453,378.6796875
2022-05-11,35.972084045410156,172.82000732421875,372.6639709472656
2022-05-12,35.73625564575195,170.1699981689453,372.27496337890625
2022-05-13,36.72489929199219,168.7899932861328,381.17523193359375
2022-05-16,36.579776763916016,170.39999389648438,379.6286315917969
2022-05-17,37.47771453857422,169.3300018310547,387.437744140625
2022-05-18,36.579776763916016,169.4199981689453,371.8194885253906
2022-05-19,37.1602668762207,171.91000366210938,369.542236328125
2022-05-20,37.314449310302734,172.02999877929688,369.7035217285156
2022-05-23,37.59562301635742,172.8300018310547,376.6206970214844
2022-05-24,36.94257736206055,174.1300048828125,373.7457275390625
2022-05-25,37.12398147583008,173.0800018310547,377.0477600097656
2022-05-26,37.7044677734375,172.75999450683594,384.5816650390625
2022-05-27,38.139835357666016,172.85000610351562,394.02276611328125
2022-05-31,38.67497253417969,171.13999938964844,391.81195068359375
2022-06-01,38.402862548828125,172.22999572753906,388.6427917480469
2022-06-02,39.064979553222656,174.35000610351562,396.0438537597656
2022-06-03,38.43006896972656,172.5800018310547,389.5441589355469
2022-06-06,38.63868713378906,171.82000732421875,390.730224609375
2022-06-07,38.75659942626953,172.94000244140625,394.478271484375
2022-06-08,38.96521759033203,172.77999877929688,390.1894226074219
2022-06-09,38.043174743652344,172.22999572753906,380.9095458984375
2022-06-10,37.622406005859375,174.5399932861328,369.8648376464844
2022-06-13,36.30521011352539,169.92999267578125,355.82177734375
2022-06-14,36.80830383300781,168.57000732421875,354.7496032714844
2022-06-15,37.29310607910156,170.77000427246094,359.80694580078125
2022-06-16,36.14970779418945,172.69000244140625,347.8988342285156
2022-06-17,36.28691482543945,171.27000427246094,348.64874267578125
2022-06-21,36.872337341308594,170.6300048828125,357.42547607421875
2022-06-22,36.21373748779297,171.30999755859375,356.77752685546875
2022-06-23,36.32350540161133,170.25999450683594,360.27490234375
2022-06-24,37.18334197998047,170.08999633789062,371.7293701171875
2022-06-27,37.22907638549805,169.89999389648438,370.3094787597656
2022-06-28,37.000396728515625,169.6199951171875,362.7430114746094
2022-06-29,36.85404586791992,169.49000549316406,362.4476318359375
2022-06-30,36.68024444580078,168.4600067138672,359.50286865234375
2022-07-01,36.45156478881836,168.32000732421875,363.3052673339844
2022-07-05,36.168006896972656,164.75,363.99139404296875
2022-07-06,35.94846725463867,162.13999938964844,365.2207336425781
2022-07-07,36.67109680175781,162.22999572753906,370.6906433105469
2022-07-08,36.67109680175781,162.3000030517578,370.3857421875
2022-07-11,35.692352294921875,161.42999267578125,366.15460205078125
2022-07-12,35.55514144897461,160.8300018310547,362.9145202636719
2022-07-13,35.472816467285156,161.60000610351562,361.00860595703125
2022-07-14,35.15266036987305,159.3300018310547,360.13189697265625
2022-07-15,35.335609436035156,159.00999450683594,367.01226806640625
2022-07-18,35.582584381103516,159.16000366210938,363.98187255859375
2022-07-19,36.168006896972656,159.5399932861328,373.81634521484375
2022-07-20,36.01249694824219,158.0399932861328,376.19873046875
2022-07-21,36.42412185668945,160.27000427246094,380.0296325683594
2022-07-22,36.05823516845703,160.6699981689453,376.503662109375
2022-07-25,36.18629455566406,160.22999572753906,376.961181640625
2022-07-26,35.90273666381836,160.0399932861328,372.5012512207031
2022-07-27,36.57048034667969,161.6699981689453,382.1737976074219
2022-07-28,36.725982666015625,163.63999938964844,386.96722412109375
2022-07-29,36.552181243896484,164.10000610351562,392.6086120605469
2022-08-01,36.241180419921875,165.02999877929688,391.44598388671875
2022-08-02,36.067386627197266,164.0500030517578,388.8635559082031
2022-08-03,36.350948333740234,164.4499969482422,394.9529724121094
2022-08-04,36.6070671081543,167.1699981689453,394.68621826171875
2022-08-05,36.64365768432617,165.2899932861328,394.0190734863281
2022-08-08,36.689388275146484,166.69000244140625,393.5616149902344
2022-08-09,36.552181243896484,167.1999969482422,391.9988098144531
2022-08-10,37.00954055786133,166.77999877929688,400.23236083984375
2022-08-11,37.15589904785156,166.33999633789062,400.23236083984375
2022-08-12,37.54922866821289,167.8699951171875,407.00787353515625
2022-08-15,37.375431060791016,165.7100067138672,408.68499755859375
2022-08-16,37.36628723144531,165.4199981689453,409.4855651855469
2022-08-17,37.21078109741211,164.35000610351562,406.5789794921875
2022-08-18,37.000396728515625,163.9199981689453,407.76068115234375
2022-08-19,36.4973030090332,162.72000122070312,402.2811584472656
2022-08-22,36.177146911621094,161.63999938964844,393.9046630859375
2022-08-23,36.369239807128906,162.77000427246094,392.9517517089844
2022-08-24,36.36008834838867,163.25,394.2096252441406
2022-08-25,37.146751403808594,163.75,399.7749328613281
2022-08-26,36.59791564941406,161.75999450683594,386.242919921875
2022-08-29,36.369239807128906,161.86000061035156,383.68902587890625
2022-08-30,35.9393196105957,160.50999450683594,379.47698974609375
2022-08-31,36.067386627197266,159.27000427246094,376.58941650390625
2022-09-01,35.783817291259766,157.8699951171875,377.7711486816406
2022-09-02,35.45452117919922,159.25999450683594,373.78778076171875
2022-09-06,35.03375244140625,158.3300018310547,372.3774108886719
2022-09-07,35.34475326538086,159.94000244140625,379.0671691894531
2022-09-08,35.15266036987305,158.97999572753906,381.5448303222656
2022-09-09,35.67405700683594,159.82000732421875,387.47222900390625
2022-09-12,36.204593658447266,160.6300048828125,391.6366271972656
2022-09-13,35.0886344909668,158.5399932861328,374.60736083984375
2022-09-14,35.262428283691406,157.92999267578125,376.0367431640625
2022-09-15,34.88739776611328,154.97999572753906,371.76751708984375
2022-09-16,34.56724548339844,155.83999633789062,368.9313659667969
2022-09-19,34.677005767822266,155.9600067138672,371.7923889160156
2022-09-20,34.48491668701172,155.07000732421875,367.524658203125
2022-09-21,33.90864562988281,155.7899932861328,361.11370849609375
2022-09-22,33.743995666503906,155.6999969482422,358.0804138183594
2022-09-23,32.911598205566406,153.00999450683594,352.080810546875
2022-09-26,32.509124755859375,151.22999572753906,348.5978088378906
2022-09-27,32.472537994384766,151.5399932861328,347.70794677734375
2022-09-28,32.756103515625,154.69000244140625,354.54949951171875
2022-09-29,32.024322509765625,154.66000366210938,347.14337158203125
2022-09-30,31.905406951904297,154.6699981689453,341.7752990722656
2022-10-03,32.42680358886719,158.42999267578125,350.798583984375
2022-10-04,33.48788070678711,160.6999969482422,361.6686706542969
2022-10-05,33.50617218017578,159.80999755859375,360.8266906738281
2022-10-06,33.304931640625,159.6300048828125,357.1044006347656
2022-10-07,32.6097412109375,157.8800048828125,347.14337158203125
2022-10-10,32.152381896972656,155.47999572753906,344.4927978515625
2022-10-11,31.640140533447266,155.16000366210938,342.3111877441406
2022-10-12,31.67673110961914,155.99000549316406,341.1820068359375
2022-10-13,31.768203735351562,154.91000366210938,350.18621826171875
2022-10-14,31.292543411254883,152.97999572753906,342.2059631347656
2022-10-17,32.152381896972656,153.4199981689453,350.9996337890625
2022-10-18,32.161529541015625,153.75,355.1236877441406
2022-10-19,31.57611083984375,151.69000244140625,352.6070861816406
2022-10-20,31.77735137939453,151.4499969482422,349.6504211425781
2022-10-21,32.26215362548828,154.14999389648438,358.14739990234375
2022-10-24,31.03643035888672,153.64999389648438,362.5298156738281
2022-10-25,31.292543411254883,154.0,368.3189392089844
2022-10-26,31.804790496826172,154.97999572753906,365.5440368652344
2022-10-27,31.557819366455078,154.74000549316406,363.5920104980469
2022-10-28,31.36573028564453,153.16000366210938,372.2420959472656
2022-10-31,31.274250030517578,151.91000366210938,369.5533142089844
2022-11-01,31.850526809692383,153.4600067138672,367.9361572265625
2022-11-02,31.585262298583984,152.38999938964844,358.70233154296875
2022-11-03,31.768203735351562,151.80999755859375,355.00885009765625
2022-11-04,33.11284255981445,156.47000122070312,360.1184997558594
2022-11-07,33.131134033203125,155.85000610351562,363.5632629394531
2022-11-08,33.368961334228516,159.4499969482422,365.52484130859375
2022-11-09,32.79269027709961,158.64999389648438,357.99432373046875
2022-11-10,33.98182678222656,163.47999572753906,377.6675720214844
2022-11-11,34.90568542480469,164.55999755859375,381.3228454589844
2022-11-14,34.6953010559082,164.9199981689453,378.07904052734375
2022-11-15,35.49110794067383,165.5,381.3036804199219
2022-11-16,34.92398452758789,165.1199951171875,378.3948059082031
2022-11-17,34.98801040649414,163.9199981689453,377.2369079589844
2022-11-18,34.786773681640625,162.7899932861328,378.94976806640625
2022-11-21,34.34770965576172,161.8800048828125,377.5718078613281
2022-11-22,34.43003463745117,162.07000732421875,382.65289306640625
2022-11-23,34.713592529296875,163.0800018310547,385.0641784667969
2022-11-25,34.5489501953125,163.22000122070312,384.97802734375
2022-11-28,34.3934440612793,161.92999267578125,378.8349914550781
2022-11-29,35.13436508178711,162.72999572753906,378.1842346191406
2022-11-30,36.14970779418945,164.80999755859375,390.0973205566406
2022-12-01,36.030792236328125,167.83999633789062,389.8103332519531
2022-12-02,36.168006896972656,167.25999450683594,389.3605041503906
2022-12-05,35.75638198852539,164.38999938964844,382.35626220703125
2022-12-06,35.71063995361328,164.83999633789062,376.8445739746094
2022-12-07,35.5002555847168,166.3300018310547,376.2035827636719
2022-12-08,35.93017578125,166.47000122070312,379.1506652832031
2022-12-09,35.692352294921875,167.05999755859375,376.318359375
2022-12-12,35.582584381103516,165.67999267578125,381.74383544921875
2022-12-13,35.837039947509766,168.50999450683594,384.633544921875
2022-12-14,35.85560989379883,168.10000610351562,382.1744384765625
2022-12-15,35.02909469604492,165.35000610351562,372.8258361816406
2022-12-16,35.13125228881836,166.7899932861328,368.4241027832031
2022-12-19,35.159114837646484,166.32000732421875,365.300048828125
2022-12-20,35.14982604980469,169.0800018310547,365.7999267578125
2022-12-21,35.46556854248047,168.8000030517578,371.26959228515625
2022-12-22,35.14982604980469,166.75999450683594,365.97296142578125
2022-12-23,35.103389739990234,167.25999450683594,368.078125
2022-12-27,35.623443603515625,168.6699981689453,366.6266174316406
2022-12-28,35.103389739990234,167.91000366210938,362.0701904296875
2022-12-29,35.68844985961914,168.85000610351562,368.5875244140625
2022-12-30,35.196258544921875,169.63999938964844,367.61669921875
2023-01-03,35.49343490600586,171.05999755859375,366.0690612792969
2023-01-04,36.5613899230957,172.6699981689453,368.8952331542969
2023-01-05,36.449951171875,170.52000427246094,364.68487548828125
2023-01-06,37.21145248413086,173.7100067138672,373.0478515625
2023-01-09,37.49005126953125,174.10000610351562,372.83636474609375
2023-01-10,37.75936508178711,174.74000549316406,375.4510498046875
2023-01-11,37.917232513427734,174.6199951171875,380.19970703125
2023-01-12,38.10296630859375,176.63999938964844,381.5838928222656
2023-01-13,38.35370635986328,178.75999450683594,383.064208984375
2023-01-17,38.140113830566406,177.58999633789062,382.362548828125
2023-01-18,37.88009262084961,177.0800018310547,376.32574462890625
2023-01-19,38.167972564697266,179.88999938964844,373.5861511230469
2023-01-20,38.753028869628906,179.2899932861328,380.5457458496094
2023-01-23,39.0316276550293,179.6300048828125,385.11175537109375
2023-01-24,39.05949401855469,180.27999877929688,384.6984558105469
2023-01-25,39.09663391113281,181.11000061035156,384.8426513671875
2023-01-26,39.46809768676758,179.47000122070312,389.0721740722656
2023-01-27,39.28236389160156,179.22000122070312,389.96612548828125
2023-01-30,38.49300765991211,178.75999450683594,385.0732727050781
2023-01-31,38.409427642822266,179.41000366210938,390.7351379394531
2023-02-01,38.88304138183594,181.6699981689453,394.8878173828125
2023-02-02,38.650875091552734,177.89999389648438,400.6361999511719
2023-02-03,37.96366500854492,173.4600067138672,396.3777770996094
2023-02-06,37.406471252441406,173.82000732421875,393.95538330078125
2023-02-07,37.55506134033203,173.97999572753906,399.1077575683594
2023-02-08,37.50862503051758,174.41000366210938,394.74359130859375
2023-02-09,37.6850700378418,173.02999877929688,391.3215026855469
2023-02-10,37.32289123535156,173.36000061035156,392.2347412109375
2023-02-13,37.62935256958008,172.47999572753906,396.83917236328125
2023-02-14,37.5643424987793,172.61000061035156,396.65655517578125
2023-02-15,37.248600006103516,170.88999938964844,397.94464111328125
2023-02-16,37.25788497924805,170.75,392.4653625488281
2023-02-17,36.84927749633789,171.25999450683594,391.4849548339844
2023-02-21,36.384944915771484,170.6199951171875,383.63134765625
2023-02-22,36.208499908447266,169.66000366210938,383.1026611328125
2023-02-23,36.384944915771484,169.57000732421875,385.1405944824219
2023-02-24,35.56772232055664,168.35000610351562,381.0263671875
2023-02-27,35.753456115722656,169.00999450683594,382.3240661621094
2023-02-28,35.50271987915039,169.77999877929688,380.9110412597656
2023-03-01,36.264217376708984,170.75999450683594,379.44989013671875
2023-03-02,36.39422607421875,170.66000366210938,382.4009704589844
2023-03-03,36.719268798828125,172.49000549316406,388.5338439941406
2023-03-06,36.58925247192383,171.6199951171875,388.802978515625
2023-03-07,35.97633361816406,168.6199951171875,382.8431396484375
2023-03-08,36.12492752075195,168.5399932861328,383.4679870605469
2023-03-09,35.326271057128906,170.1999969482422,376.39306640625
2023-03-10,35.140541076660156,173.8699951171875,370.9618835449219
2023-03-13,35.196258544921875,177.86000061035156,370.4332275390625
2023-03-14,35.2148323059082,176.8300018310547,376.55645751953125
2023-03-15,34.61119842529297,178.2100067138672,374.2013854980469
2023-03-16,35.140541076660156,178.57000732421875,380.7668151855469
2023-03-17,34.92694854736328,183.77000427246094,376.31463623046875
2023-03-20,35.05696105957031,183.83999633789062,379.9331359863281
2023-03-21,35.372703552246094,180.3699951171875,384.9218444824219
2023-03-22,35.51200485229492,183.44000244140625,378.3603210449219
2023-03-23,36.00419616699219,185.74000549316406,379.3831481933594
2023-03-24,35.91132354736328,183.64999389648438,381.87261962890625
2023-03-27,35.71630859375,181.9499969482422,382.586669921875
2023-03-28,36.227073669433594,183.44000244140625,381.7279052734375
2023-03-29,36.3292236328125,182.52999877929688,387.2762145996094
2023-03-30,36.691402435302734,184.17999267578125,389.5439147949219
2023-03-31,36.64496994018555,183.22000122070312,395.03436279296875
2023-04-03,36.719268798828125,184.5399932861328,396.5396423339844
2023-04-04,36.719268798828125,187.97999572753906,394.3396301269531
2023-04-05,36.43138122558594,187.8300018310547,393.3070983886719
2023-04-06,36.57996368408203,186.49000549316406,394.84130859375
2023-04-10,36.61711120605469,185.11000061035156,395.2466125488281
2023-04-11,36.839988708496094,186.27999877929688,395.3527526855469
2023-04-12,36.57996368408203,187.19000244140625,393.7413330078125
2023-04-13,37.08143997192383,189.72000122070312,398.97125244140625
2023-04-14,36.88642501831055,186.36000061035156,397.9967041015625
2023-04-17,37.04429244995117,185.52999877929688,399.4248046875
2023-04-18,36.997859954833984,186.25,399.6853332519531
2023-04-19,36.62639617919922,185.36000061035156,399.61773681640625
2023-04-20,36.570682525634766,186.08999633789062,397.43707275390625
2023-04-21,36.227073669433594,184.25,397.7458190917969
2023-04-24,36.14349365234375,184.80999755859375,398.16070556640625
2023-04-25,35.46556854248047,185.75,391.8404235839844
2023-04-26,35.66987609863281,184.74000549316406,390.18072509765625
2023-04-27,36.15277862548828,184.75,397.9484558105469
2023-04-28,36.33851623535156,184.8000030517578,401.3449401855469
2023-05-01,36.2177848815918,183.97000122070312,400.9397277832031
2023-05-02,35.864891052246094,187.52000427246094,396.4335021972656
2023-05-03,35.80917739868164,189.11000061035156,393.7123718261719
2023-05-04,36.09706115722656,190.44000244140625,390.9237976074219
2023-05-05,36.57996368408203,187.4600067138672,398.16070556640625
2023-05-08,36.59853744506836,187.69000244140625,398.266845703125
2023-05-09,36.37565994262695,189.02000427246094,396.52032470703125
2023-05-10,36.357086181640625,188.75,398.3730163574219
2023-05-11,36.227073669433594,187.1300048828125,397.6782531738281
2023-05-12,35.79988479614258,186.80999755859375,397.15716552734375
2023-05-15,36.45923614501953,187.2100067138672,398.52734375
2023-05-16,36.19921112060547,184.8699951171875,395.8641357421875
2023-05-17,36.36637496948242,184.22999572753906,400.66961669921875
2023-05-18,36.171356201171875,181.83999633789062,404.5293273925781
2023-05-19,36.19921112060547,183.63999938964844,403.940673828125
2023-05-22,36.49638366699219,183.2100067138672,404.1047668457031
2023-05-23,35.929901123046875,183.42999267578125,399.56951904296875
2023-05-24,35.66059112548828,181.9499969482422,396.6748046875
2023-05-25,35.5862922668457,180.1999969482422,400.10992431640625
2023-05-26,36.2177848815918,180.9199981689453,405.2916259765625
2023-05-30,35.79988479614258,182.0399932861328,405.44598388671875
2023-05-31,35.46556854248047,182.32000732421875,403.19769287109375
2023-06-01,36.09706115722656,183.75999450683594,407.02850341796875
2023-06-02,36.719268798828125,181.0500030517578,412.91461181640625
2023-06-05,36.70998001098633,182.13999938964844,412.12335205078125
2023-06-06,37.03500747680664,182.33999633789062,413.02069091796875
2023-06-07,36.87590026855469,180.14999389648438,411.59259033203125
2023-06-08,37.137962341308594,182.52999877929688,414.0821228027344
2023-06-09,37.30643081665039,182.0399932861328,414.8251037597656
2023-06-12,37.38130187988281,181.8800048828125,418.5883483886719
2023-06-13,37.755680084228516,180.5399932861328,421.34808349609375
2023-06-14,38.036460876464844,180.63999938964844,421.8498840332031
2023-06-15,38.39211654663086,181.91000366210938,427.07977294921875
2023-06-16,38.261085510253906,181.6300048828125,425.6250305175781
2023-06-20,37.51233673095703,179.75,423.4168701171875
2023-06-21,37.33450698852539,179.49000549316406,421.24737548828125
2023-06-22,37.20347595214844,177.7100067138672,422.76800537109375
2023-06-23,36.6606330871582,178.1999969482422,419.5718078613281
2023-06-26,36.78230285644531,178.50999450683594,417.85760498046875
2023-06-27,37.15667724609375,177.69000244140625,422.4386901855469
2023-06-28,36.93206024169922,177.27999877929688,422.6517333984375
2023-06-29,36.73550796508789,177.08999633789062,424.31756591796875
2023-06-30,37.02565002441406,178.27000427246094,429.3248596191406
2023-07-03,37.43746566772461,178.47000122070312,429.8187561035156
2023-07-05,37.212833404541016,177.83999633789062,429.1795349121094
2023-07-06,36.45473098754883,177.30999755859375,425.81878662109375
2023-07-07,36.86653518676758,178.63999938964844,424.7436828613281
2023-07-10,36.894615173339844,178.77999877929688,425.81878662109375
2023-07-11,37.26899337768555,179.4499969482422,428.5306396484375
2023-07-12,38.10197830200195,181.8800048828125,431.97857666015625
2023-07-13,38.5980224609375,182.00999450683594,435.4071044921875
2023-07-14,38.382755279541016,181.42999267578125,435.1359558105469
2023-07-17,38.42955017089844,181.55999755859375,436.64678955078125
2023-07-18,38.14876937866211,183.63999938964844,439.891357421875
2023-07-19,38.07389831542969,183.6699981689453,440.86956787109375
2023-07-20,37.79311752319336,182.74000549316406,437.9446105957031
2023-07-21,37.736961364746094,182.17999267578125,437.9446105957031
2023-07-24,38.25172424316406,181.39999389648438,439.90106201171875
2023-07-25,38.5699462890625,182.41000366210938,441.1020202636719
2023-07-26,38.7945671081543,183.3000030517578,441.1697998046875
2023-07-27,38.31724166870117,180.4199981689453,438.2449035644531
2023-07-28,39.24381637573242,181.86000061035156,442.53546142578125
2023-07-31,39.26253890991211,182.35000610351562,443.3780517578125
2023-08-01,38.7664909362793,180.4600067138672,442.1092529296875
2023-08-02,37.83991241455078,179.60000610351562,435.95916748046875
2023-08-03,37.98966598510742,179.5399932861328,434.7098083496094
2023-08-04,37.942867279052734,180.19000244140625,432.7436218261719
2023-08-07,37.886714935302734,179.77999877929688,436.5209045410156
2023-08-08,37.428104400634766,178.63999938964844,434.62261962890625
2023-08-09,37.52169418334961,177.7899932861328,431.71710205078125
2023-08-10,37.57785415649414,177.60000610351562,431.87200927734375
2023-08-11,37.02565002441406,177.60000610351562,431.62017822265625
2023-08-14,36.847816467285156,177.05999755859375,434.0028076171875
2023-08-15,36.4266471862793,176.58999633789062,428.94708251953125
2023-08-16,36.09906768798828,175.57000732421875,425.7994384765625
2023-08-17,36.18330383300781,175.3000030517578,422.55487060546875
2023-08-18,35.93996047973633,175.3300018310547,422.7582702636719
2023-08-21,36.02419662475586,175.80999755859375,425.5088806152344
2023-08-22,35.94932174682617,176.10000610351562,424.35638427734375
2023-08-23,36.52024459838867,177.88999938964844,429.08270263671875
2023-08-24,36.37985610961914,177.85000610351562,423.1360168457031
2023-08-25,36.41728591918945,177.6199951171875,426.1190185546875
2023-08-28,36.77294921875,178.1300048828125,428.82122802734375
2023-08-29,37.24091720581055,179.8699951171875,435.01971435546875
2023-08-30,37.11924362182617,180.32000732421875,436.81146240234375
2023-08-31,36.6606330871582,180.02000427246094,436.1722106933594
2023-09-01,37.09116744995117,180.11000061035156,436.9858093261719
2023-09-05,36.79167175292969,178.63999938964844,435.0971374511719
2023-09-06,36.585758209228516,177.8300018310547,432.1722717285156
2023-09-07,36.15523147583008,178.02000427246094,430.84539794921875
2023-09-08,36.2301025390625,178.0800018310547,431.4942932128906
2023-09-11,36.67934799194336,178.41000366210938,434.3320617675781
2023-09-12,36.567039489746094,177.49000549316406,431.9494934082031
2023-09-13,36.52024459838867,177.0800018310547,432.45318603515625
2023-09-14,36.763587951660156,177.1699981689453,436.181884765625
2023-09-15,36.623199462890625,178.33999633789062,430.9266662597656
2023-09-18,36.57640075683594,179.38999938964844,431.17938232421875
2023-09-19,36.36112976074219,179.22000122070312,430.28521728515625
2023-09-20,36.21138381958008,179.35000610351562,426.3294372558594
2023-09-21,35.58430862426758,178.0500030517578,419.2829284667969
2023-09-22,36.00547790527344,178.6199951171875,418.34014892578125
2023-09-25,35.846370697021484,177.6999969482422,420.099365234375
2023-09-26,35.34096145629883,176.27999877929688,413.9275207519531
2023-09-27,35.39712142944336,174.10000610351562,414.0927734375
2023-09-28,35.4907112121582,173.22999572753906,416.49346923828125
2023-09-29,35.5187873840332,171.4499969482422,415.4826354980469
2023-10-02,35.34096145629883,169.64999389648438,415.31744384765625
2023-10-03,34.87299346923828,169.16000366210938,409.7579345703125
2023-10-04,34.770042419433594,169.13999938964844,412.7417907714844
2023-10-05,34.90107727050781,168.8300018310547,412.5863037109375
2023-10-06,35.40647888183594,169.6999969482422,417.48480224609375
2023-10-09,35.23801040649414,172.82000732421875,420.1576843261719
2023-10-10,35.74341583251953,172.52999877929688,422.3445129394531
2023-10-11,35.968040466308594,173.7899932861328,424.07452392578125
2023-10-12,35.565589904785156,173.25999450683594,421.48919677734375
2023-10-13,35.43455505371094,178.8300018310547,419.3897705078125
2023-10-16,35.69662094116211,177.9600067138672,423.80242919921875
2023-10-17,35.60302734375,178.2899932861328,423.782958984375
2023-10-18,35.060184478759766,180.8699951171875,418.1360168457031
2023-10-19,34.85427474975586,183.08999633789062,414.46209716796875
2023-10-20,34.433109283447266,183.58999633789062,409.369140625
2023-10-23,34.405025482177734,182.97000122070312,408.65966796875
2023-10-24,34.844913482666016,182.9499969482422,411.74072265625
2023-10-25,34.38631057739258,183.72000122070312,405.8313293457031
2023-10-26,34.21784210205078,184.00999450683594,400.9716491699219
2023-10-27,34.18975830078125,186.14999389648438,399.1540832519531
2023-10-30,34.5454216003418,185.10000610351562,403.9263000488281
2023-10-31,34.34886932373047,184.08999633789062,406.46307373046875
2023-11-01,34.66708755493164,183.50999450683594,410.79791259765625
2023-11-02,35.275447845458984,184.1199951171875,418.67059326171875
2023-11-03,35.99612045288086,184.7899932861328,422.4902648925781
2023-11-06,36.28626251220703,183.35000610351562,423.46221923828125
2023-11-07,36.220741271972656,182.58999633789062,424.6673889160156
2023-11-08,35.97740173339844,180.77000427246094,424.9784240722656
2023-11-09,35.640464782714844,181.49000549316406,421.6641540527344
2023-11-10,35.893165588378906,179.50999450683594,428.24407958984375
2023-11-13,35.88380432128906,180.50999450683594,427.8359375
2023-11-14,36.838462829589844,182.1199951171875,436.13623046875
2023-11-15,37.14732360839844,181.63999938964844,437.0595703125
2023-11-16,36.79167175292969,183.69000244140625,437.59417724609375
2023-11-17,36.838462829589844,183.6699981689453,438.1384582519531
2023-11-20,37.29706954956055,183.3699951171875,441.51104736328125
2023-11-21,37.063079833984375,185.35000610351562,440.548828125
2023-11-22,36.98821258544922,184.55999755859375,442.24969482421875
2023-11-24,37.006935119628906,185.52000427246094,442.5218200683594
2023-11-27,36.85718536376953,186.77000427246094,441.724853515625
2023-11-28,37.166038513183594,189.25999450683594,442.1622619628906
2023-11-29,36.950775146484375,189.5399932861328,441.8511962890625
2023-11-30,37.02565002441406,188.75,443.59100341796875
2023-12-01,37.184757232666016,192.00999450683594,446.2152099609375
2023-12-04,36.763587951660156,187.86000061035156,443.8728332519531
2023-12-05,36.538963317871094,187.14999389648438,443.785400390625
2023-12-06,36.492164611816406,187.83999633789062,441.9970397949219
2023-12-07,36.66999435424805,188.14999389648438,445.3695983886719
2023-12-08,36.51088333129883,185.63999938964844,447.2843322753906
2023-12-11,36.72615051269531,183.58999633789062,449.0240478515625
2023-12-12,36.73550796508789,183.49000549316406,451.0749206542969
2023-12-13,37.100521087646484,187.6300048828125,457.2952575683594
2023-12-14,37.643367767333984,188.72999572753906,458.76287841796875
2023-12-15,37.41874313354492,187.0,458.0075378417969
2023-12-18,37.4000244140625,187.85000610351562,460.5838928222656
2023-12-19,37.71824264526367,189.1300048828125,463.3846130371094
2023-12-20,37.03925323486328,188.10000610351562,456.9633483886719
2023-12-21,37.735408782958984,189.42999267578125,461.2962646484375
2023-12-22,37.55421829223633,190.27000427246094,462.2233581542969
2023-12-26,37.8498420715332,191.72000122070312,464.175048828125
2023-12-27,38.06917953491211,192.58999633789062,465.0143127441406
2023-12-28,38.36480712890625,191.47000122070312,465.1899719238281
2023-12-29,38.34573745727539,191.1699981689453,463.84332275390625
2024-01-02,37.897525787353516,190.72000122070312,461.2474060058594
2024-01-03,37.68772506713867,189.1300048828125,457.4806213378906
2024-01-04,37.563751220703125,189.32000732421875,456.0069885253906
2024-01-05,37.61143493652344,189.35000610351562,456.6315612792969
2024-01-08,37.716331481933594,187.8699951171875,463.1504211425781
2024-01-09,37.18230056762695,187.92999267578125,462.4477844238281
2024-01-10,37.096473693847656,187.5,465.0631408691406
2024-01-11,37.249053955078125,187.8699951171875,464.85821533203125
2024-01-12,37.38256072998047,189.7100067138672,465.1802062988281
2024-01-16,36.47660446166992,187.91000366210938,463.47247314453125
2024-01-17,35.93303298950195,185.83999633789062,460.8961486816406
2024-01-18,36.22866439819336,187.3699951171875,464.9947814941406
2024-01-19,36.61011505126953,187.92999267578125,470.79150390625
2024-01-22,36.2858772277832,187.22000122070312,471.7868957519531
2024-01-23,36.600582122802734,187.9499969482422,473.1628723144531
2024-01-24,37.010643005371094,186.39999389648438,473.6800842285156
2024-01-25,37.058326721191406,187.13999938964844,476.25640869140625
2024-01-26,37.08692932128906,187.00999450683594,475.65142822265625
2024-01-29,37.10600662231445,188.3300018310547,479.41827392578125
2024-01-30,36.81037902832031,188.58999633789062,479.0474548339844
2024-01-31,36.61011505126953,188.4499969482422,471.23065185546875
2024-02-01,36.96295928955078,190.41000366210938,477.3982238769531
2024-02-02,36.858062744140625,188.61000061035156,482.4239807128906
2024-02-05,36.905738830566406,187.57000732421875,480.6673583984375
2024-02-06,37.74494552612305,188.5500030517578,482.0628662109375
2024-02-07,37.792625427246094,188.5,486.08349609375
2024-02-08,37.58282470703125,188.3300018310547,486.2981872558594
2024-02-09,37.74494552612305,187.60000610351562,489.10870361328125
2024-02-12,38.04056930541992,187.11000061035156,488.8940124511719
2024-02-13,37.325340270996094,184.52999877929688,482.1604309082031
2024-02-14,37.859378814697266,184.4199981689453,486.5421447753906
2024-02-15,38.04056930541992,185.66000366210938,489.899169921875
2024-02-16,38.22175979614258,186.33999633789062,487.45947265625
2024-02-20,38.27898025512695,187.47000122070312,484.77581787109375
2024-02-21,38.34573745727539,187.47999572753906,485.21502685546875
2024-02-22,38.736724853515625,187.55999755859375,495.2566833496094
2024-02-23,38.7176513671875,188.6199951171875,495.59832763671875
2024-02-26,38.54599380493164,188.1999969482422,493.78314208984375
2024-02-27,38.62228775024414,188.0,494.7004089355469
2024-02-28,38.116859436035156,188.33999633789062,494.0466613769531
2024-02-29,38.13593673706055,189.30999755859375,495.82269287109375
2024-03-01,38.60321807861328,192.88999938964844,500.47760009765625
2024-03-04,38.51738357543945,196.00999450683594,499.9409484863281
2024-03-05,38.17407989501953,197.19000244140625,494.9444274902344
2024-03-06,38.72718811035156,198.80999755859375,497.452392578125
2024-03-07,38.965599060058594,199.94000244140625,502.390380859375
2024-03-08,38.92745590209961,201.6300048828125,499.3749694824219
2024-03-11,39.01327896118164,202.0,498.9455261230469
2024-03-12,39.44241714477539,199.7899932861328,504.3128356933594
2024-03-13,39.31844711303711,201.19000244140625,503.5223083496094
2024-03-14,39.11817932128906,200.35000610351562,502.5270080566406
2024-03-15,38.87976837158203,199.7100067138672,499.0763244628906
2024-03-18,38.9465217590332,200.02999877929688,502.0423889160156
2024-03-19,38.75579833984375,199.8000030517578,504.8323974609375
2024-03-20,39.1944694519043,202.17999267578125,509.5016784667969
2024-03-21,39.242156982421875,201.97000122070312,511.1855163574219
2024-03-22,38.965599060058594,200.35000610351562,510.21630859375
2024-03-25,38.994205474853516,200.99000549316406,508.8066711425781
2024-03-26,38.965599060058594,201.63999938964844,507.86688232421875
2024-03-27,39.032352447509766,203.10000610351562,512.1349487304688
2024-03-28,39.17539978027344,205.72000122070312,512.0370483398438
2024-04-01,39.242156982421875,207.82000732421875,511.1463317871094
2024-04-02,39.366127014160156,210.88999938964844,507.8963623046875
2024-04-03,39.39473342895508,212.74000549316406,508.4542541503906
2024-04-04,39.25168991088867,211.52000427246094,502.2480163574219
2024-04-05,39.33751678466797,215.13999938964844,507.4949645996094
2024-04-08,39.59499740600586,216.47999572753906,507.7788391113281
2024-04-09,39.86201477050781,217.6699981689453,508.36614990234375
2024-04-10,39.31844711303711,215.61000061035156,503.2758483886719
2024-04-11,39.556854248046875,219.8000030517578,507.07403564453125
2024-04-12,38.65089416503906,216.88999938964844,500.07489013671875
2024-04-15,38.4029541015625,220.9499969482422,493.8098449707031
2024-04-16,37.897525787353516,221.22000122070312,492.9092102050781
2024-04-17,37.86891555786133,219.58999633789062,489.9920959472656
2024-04-18,38.02149963378906,220.33999633789062,488.9837951660156
2024-04-19,37.86891555786133,221.02999877929688,484.7157897949219
2024-04-22,38.27898025512695,215.57000732421875,489.1795959472656
2024-04-23,38.59368133544922,215.0399932861328,494.9844970703125
2024-04-24,38.72718811035156,214.63999938964844,494.74957275390625
2024-04-25,38.813018798828125,215.9199981689453,492.8700256347656
2024-04-26,39.261226654052734,216.6199951171875,497.53948974609375
2024-04-29,39.64268112182617,216.17999267578125,499.301513671875
2024-04-30,39.089569091796875,211.8699951171875,491.3919372558594
2024-05-01,39.12771224975586,213.7899932861328,489.79632568359375
2024-05-02,40.13857650756836,213.1300048828125,494.3775939941406
2024-05-03,40.50095748901367,212.9600067138672,500.5055847167969
2024-05-06,40.539100646972656,215.1999969482422,505.67413330078125
2024-05-07,40.31022262573242,214.2100067138672,506.232177734375
2024-05-08,40.31976318359375,213.5800018310547,506.2811584472656
2024-05-09,40.44373321533203,216.9499969482422,509.1982116699219
2024-05-10,40.529563903808594,218.7100067138672,509.85418701171875
2024-05-13,40.8347282409668,216.25999450683594,509.922607421875
2024-05-14,41.0540657043457,218.08999633789062,512.2622680664062
2024-05-15,41.49273681640625,220.88999938964844,518.6055908203125
2024-05-16,41.57855987548828,220.02999877929688,517.53857421875
2024-05-17,41.7597541809082,223.66000366210938,518.2825927734375
2024-05-20,41.60717010498047,224.55999755859375,518.879638671875
2024-05-21,41.349693298339844,224.22999572753906,520.1522216796875
2024-05-22,41.216182708740234,220.11000061035156,518.654541015625
2024-05-23,40.9110221862793,215.72000122070312,514.8660888671875
2024-05-24,41.02545166015625,215.9199981689453,518.272705078125
2024-05-28,40.96823501586914,218.19000244140625,518.6349487304688
2024-05-29,40.35791015625,216.16000366210938,515.0030517578125
2024-05-30,40.243473052978516,216.57000732421875,511.58685302734375
2024-05-31,39.852481842041016,215.3000030517578,516.2463989257812
2024-06-03,40.27207565307617,217.22000122070312,516.6673583984375
2024-06-04,39.709434509277344,215.27000427246094,517.244873046875
2024-06-05,40.34836959838867,217.82000732421875,523.3924560546875
2024-06-06,40.54863357543945,219.42999267578125,523.3826293945312
2024-06-07,40.09088897705078,211.60000610351562,522.7462768554688
2024-06-10,40.32929611206055,213.5399932861328,524.3614501953125
2024-06-11,40.19486618041992,214.14999389648438,525.624267578125
2024-06-12,40.59815979003906,214.72000122070312,529.9412231445312
2024-06-13,40.502140045166016,212.97000122070312,531.00830078125
2024-06-14,40.55014419555664,215.72999572753906,531.3313598632812
2024-06-17,40.809410095214844,214.61000061035156,535.5601806640625
2024-06-18,41.183895111083984,215.47000122070312,536.9208984375
2024-06-20,41.11668014526367,218.16000366210938,535.4622192382812
2024-06-21,40.9726448059082,214.77999877929688,534.7444458007812
2024-06-24,40.9726448059082,215.6300048828125,533.0061645507812
2024-06-25,40.876625061035156,214.55999755859375,535.0587768554688
2024-06-26,40.79020309448242,212.5800018310547,535.7265014648438
2024-06-27,40.81901168823242,214.99000549316406,536.5711059570312
2024-06-28,40.89583206176758,215.00999450683594,534.4595947265625
2024-07-01,40.99184799194336,215.57000732421875,535.5595703125
2024-07-02,41.11668014526367,215.55999755859375,539.1637573242188
2024-07-03,41.721622467041016,217.99000549316406,541.5698852539062
2024-07-05,41.89445877075195,220.92999267578125,544.6928100585938
2024-07-08,41.90406036376953,218.19000244140625,545.3212890625
2024-07-09,42.076904296875,218.55999755859375,545.8516235351562
2024-07-10,42.31695556640625,219.36000061035156,551.2529296875
2024-07-11,42.56661605834961,223.25,546.4998168945312
2024-07-12,42.73945236206055,223.11000061035156,549.9468383789062
2024-07-15,42.28814697265625,223.8300018310547,551.459228515625
2024-07-16,42.52820587158203,228.2899932861328,554.7294921875
2024-07-17,41.83684539794922,227.22999572753906,546.9515380859375
2024-07-18,41.443153381347656,225.77999877929688,542.7482299804688
2024-07-19,41.03986358642578,221.72999572753906,539.1441040039062
2024-07-22,41.385536193847656,221.8000030517578,544.7025756835938
2024-07-23,41.02065658569336,222.5800018310547,543.8482666015625
2024-07-24,40.42531967163086,221.8000030517578,531.5232543945312
2024-07-25,40.262081146240234,218.3300018310547,528.7537841796875
2024-07-26,40.67498016357422,220.6300048828125,534.6757202148438
2024-07-29,40.54054641723633,220.32000732421875,534.9899291992188
2024-07-30,40.35810470581055,222.52000427246094,532.2794799804688
2024-07-31,41.24150848388672,226.5500030517578,540.9315185546875
2024-08-01,40.52134323120117,225.77000427246094,533.2714233398438
2024-08-02,39.94520950317383,225.33999633789062,523.3427124023438
2024-08-05,38.8121452331543,222.47999572753906,508.1010437011719
2024-08-06,39.03300094604492,220.6999969482422,512.7855224609375
2024-08-07,39.27305603027344,220.5500030517578,509.35809326171875
2024-08-08,40.16606140136719,224.00999450683594,521.133056640625
2024-08-09,40.38691329956055,224.55999755859375,523.4310913085938
2024-08-12,40.52134323120117,228.41000366210938,523.7060546875
2024-08-13,40.9726448059082,228.05999755859375,532.3187866210938
2024-08-14,40.751792907714844,226.1999969482422,533.9981079101562
2024-08-15,41.20309829711914,226.91000366210938,543.1510009765625
2024-08-16,41.68321228027344,231.99000549316406,544.36865234375
2024-08-19,42.08650588989258,231.61000061035156,549.5736694335938
2024-08-20,41.760032653808594,232.4600067138672,548.679931640625
2024-08-21,41.92326354980469,232.14999389648438,550.5655517578125
2024-08-22,41.40474319458008,229.3699951171875,546.244384765625
2024-08-23,42.096107482910156,232.02000427246094,552.0484008789062
2024-08-26,41.74082565307617,232.75999450683594,550.7325439453125
2024-08-27,41.798439025878906,233.38999938964844,551.4886474609375
2024-08-28,41.53917694091797,231.75,548.2871704101562
2024-08-29,41.558380126953125,232.9499969482422,548.3361206054688
2024-08-30,41.64480209350586,231.2899932861328,553.570556640625
2024-09-03,40.81901168823242,230.2899932861328,542.1787719726562
2024-09-04,40.809410095214844,230.42999267578125,541.0689697265625
2024-09-05,40.86702346801758,232.35000610351562,539.7529907226562
2024-09-06,40.118045806884766,230.6300048828125,530.6688842773438
2024-09-09,40.454132080078125,231.60000610351562,536.6102905273438
2024-09-10,40.30049133300781,232.6199951171875,538.9476928710938
2024-09-11,40.59815979003906,232.25,544.4767456054688
2024-09-12,40.934242248535156,236.3300018310547,549.0630493164062
2024-09-13,41.12628173828125,238.67999267578125,551.9306640625
2024-09-16,41.26071548461914,238.66000366210938,552.7456665039062
2024-09-17,41.30872344970703,237.33999633789062,552.9715576171875
2024-09-18,41.16468811035156,235.50999450683594,551.33154296875
2024-09-19,42.03849411010742,239.1699981689453,560.7396850585938
2024-09-20,41.95206832885742,242.2100067138672,559.7704467773438
2024-09-23,42.27854537963867,242.67999267578125,561.169189453125
2024-09-24,43.718875885009766,246.07000732421875,562.77490234375
2024-09-25,43.25796890258789,245.72999572753906,561.53369140625
2024-09-26,44.84233474731445,246.97999572753906,563.7599487304688
2024-09-27,44.75592041015625,245.02000427246094,562.9423217773438
2024-09-30,44.03575134277344,243.05999755859375,565.1981811523438
2024-10-01,44.35262680053711,245.61000061035156,560.1348876953125
2024-10-02,45.2264289855957,245.66000366210938,560.3712158203125
2024-10-03,44.68870544433594,245.49000549316406,559.3468017578125
2024-10-04,45.10159683227539,245.0,564.4298095703125
2024-10-07,45.4760856628418,244.1699981689453,559.3270874023438
2024-10-08,44.35262680053711,242.3699951171875,564.6168823242188
2024-10-09,44.11256790161133,241.0500030517578,568.5277709960938
2024-10-10,44.1989860534668,242.82000732421875,567.5328369140625
2024-10-11,44.51586151123047,245.47000122070312,570.931396484375
2024-10-14,44.33341979980469,245.07000732421875,575.6005249023438
2024-10-15,43.39240264892578,245.9199981689453,571.1283569335938
2024-10-16,43.72848129272461,247.14999389648438,573.6107788085938
2024-10-17,43.66127014160156,248.6300048828125,573.659912109375
2024-10-18,44.093360900878906,251.27000427246094,575.8665161132812
2024-10-21,43.786094665527344,251.22000122070312,574.9208984375
2024-10-22,43.69007110595703,253.92999267578125,574.615478515625
2024-10-23,43.43081283569336,250.8699951171875,569.364990234375
2024-10-24,43.36359786987305,252.8000030517578,570.596435546875
2024-10-25,43.32518768310547,253.32000732421875,570.3994140625
2024-10-28,43.517234802246094,253.3300018310547,572.1627197265625
2024-10-29,43.38280487060547,256.0899963378906,573.0886840820312
2024-10-30,42.96030807495117,257.5,571.3548583984375
2024-10-31,42.68183898925781,253.50999450683594,560.1546020507812
2024-11-01,42.72024917602539,252.47000122070312,562.5187377929688
2024-11-04,42.96030807495117,252.8300018310547,561.30712890625
2024-11-05,43.54603576660156,253.39999389648438,568.0942993164062
2024-11-06,43.00831604003906,245.6999969482422,582.2203369140625
2024-11-07,43.95893478393555,249.64999389648438,586.72216796875
2024-11-08,42.87388610839844,247.9600067138672,589.263671875
2024-11-11,42.54741287231445,242.13999938964844,589.8251342773438
2024-11-12,41.74082565307617,240.0500030517578,587.9928588867188
2024-11-13,41.47195816040039,237.6300048828125,588.2785034179688
2024-11-14,41.24150848388672,237.00999450683594,584.495849609375
2024-11-15,41.24150848388672,236.58999633789062,577.00927734375
2024-11-18,41.71201705932617,241.08999633789062,579.3734741210938
2024-11-19,41.68321228027344,243.25,581.4913330078125
2024-11-20,41.63520050048828,244.6199951171875,581.6883544921875
2024-11-21,41.54877853393555,246.66000366210938,584.8110961914062
2024-11-22,41.558380126953125,249.83999633789062,586.6235961914062
2024-11-25,41.587188720703125,242.47999572753906,588.6134643554688
2024-11-26,41.41434860229492,242.9499969482422,591.6868896484375
2024-11-27,41.47195816040039,243.49000549316406,589.89404296875
2024-11-29,41.53917694091797,245.58999633789062,593.5585327148438
2024-12-02,41.702415466308594,243.44000244140625,594.6223754882812
2024-12-03,41.78883743286133,243.92999267578125,594.8983154296875
2024-12-04,41.89445877075195,244.6699981689453,598.59228515625
2024-12-05,42.17292022705078,242.86000061035156,597.607177734375
2024-12-06,42.10570526123047,242.9499969482422,598.7400512695312
2024-12-09,42.969905853271484,245.36000061035156,595.6567993164062
2024-12-10,42.27854537963867,248.58999633789062,593.8048706054688
2024-12-11,42.451385498046875,250.9600067138672,598.395263671875
2024-12-12,42.24013900756836,247.27999877929688,595.3120727539062
2024-12-13,42.27854537963867,244.2899932861328,595.1937866210938
2024-12-16,42.048095703125,244.8800048828125,597.7352294921875
2024-12-17,41.9475212097168,243.94000244140625,595.2726440429688
2024-12-18,40.97108840942383,239.25999450683594,577.5313720703125
2024-12-19,41.1077880859375,239.60000610351562,577.35400390625
2024-12-20,41.27378463745117,242.10000610351562,584.2886352539062
2024-12-23,41.50812911987305,240.9600067138672,587.7875366210938
2024-12-24,41.63506317138672,241.44000244140625,594.32080078125
2024-12-26,41.48860168457031,243.07000732421875,594.3603515625
2024-12-27,41.303077697753906,241.39999389648438,588.1038208007812
2024-12-30,40.97108840942383,240.6300048828125,581.3926391601562
2024-12-31,40.834388732910156,242.1300048828125,579.2774047851562
2025-01-02,40.77580261230469,245.4199981689453,577.8541870117188
2025-01-03,41.156612396240234,243.49000549316406,585.0792846679688
2025-01-06,41.303077697753906,243.19000244140625,588.44970703125
2025-01-07,41.01014709472656,244.55999755859375,581.7978515625
2025-01-08,40.814857482910156,245.86000061035156,582.6478271484375
2025-01-10,40.1215934753418,248.2100067138672,573.7523193359375
2025-01-13,39.84819412231445,245.74000549316406,574.6419067382812
2025-01-14,40.29735565185547,247.02999877929688,575.4325561523438
2025-01-15,40.82462692260742,248.8800048828125,585.8997802734375
2025-01-16,40.77580261230469,250.60000610351562,584.77294921875
2025-01-17,41.098026275634766,249.27000427246094,590.64404296875
2025-01-21,41.53742218017578,253.1300048828125,596.0504760742188
2025-01-22,41.566715240478516,254.42999267578125,599.401123046875
2025-01-23,41.66435623168945,254.07000732421875,602.6726684570312
2025-01-24,41.93775939941406,255.64999389648438,600.913330078125
2025-01-27,41.17613983154297,252.99000549316406,592.4132080078125
2025-01-28,41.47883224487305,255.17999267578125,597.50341796875
2025-01-29,41.48860168457031,254.1999969482422,594.8248901367188
2025-01-30,42.191627502441406,258.04998779296875,598.0173950195312
2025-01-31,41.71318054199219,258.55999755859375,594.8347778320312
2025-02-03,41.410484313964844,259.94000244140625,590.831787109375
2025-02-04,42.15257263183594,262.5,594.7952270507812
2025-02-05,42.045166015625,264.1300048828125,597.2068481445312
2025-02-06,42.22092819213867,263.42999267578125,599.282470703125
2025-02-07,42.18186569213867,263.8999938964844,593.7969360351562
2025-02-10,42.68960952758789,268.3699951171875,597.82958984375
2025-02-11,42.523616790771484,267.3900146484375,598.2843017578125
2025-02-12,42.75796127319336,267.6700134277344,596.3568725585938
2025-02-13,43.0313606262207,270.30999755859375,602.6528930664062
2025-02-14,43.36334991455078,266.2900085449219,602.623291015625
2025-02-18,43.636749267578125,270.70001220703125,604.3925170898438
2025-02-19,43.56840133666992,270.8500061035156,605.8157958984375
2025-02-20,43.9687385559082,270.989990234375,603.29541015625
2025-02-21,43.841800689697266,270.739990234375,592.9766235351562
2025-02-24,43.168060302734375,272.2099914550781,590.2782592773438
2025-02-25,43.197357177734375,268.6199951171875,587.3427734375
2025-02-26,43.62698745727539,269.0299987792969,587.63916015625
2025-02-27,42.77749252319336,264.92999267578125,578.2593994140625
2025-02-28,42.191627502441406,263.2699890136719,587.283447265625
2025-03-03,41.820587158203125,266.739990234375,576.9942626953125
2025-03-04,42.17210006713867,269.05999755859375,570.1644897460938
2025-03-05,43.431697845458984,269.6199951171875,576.29248046875
2025-03-06,43.15829849243164,268.25,566.0626220703125
2025-03-07,43.373111724853516,268.3900146484375,569.2353515625
2025-03-10,42.338096618652344,266.0400085449219,554.0734252929688
2025-03-11,42.68960952758789,269.1600036621094,549.467529296875
2025-03-12,42.923954010009766,270.3299865722656,552.3832397460938
2025-03-13,42.74819564819336,275.1300048828125,545.019775390625
2025-03-14,43.52934265136719,275.239990234375,556.2774658203125
2025-03-17,44.27143096923828,276.7300109863281,560.5671997070312
2025-03-18,44.046852111816406,279.9599914550781,554.50830078125
2025-03-19,44.15426254272461,281.1099853515625,560.54736328125
2025-03-20,43.74415588378906,280.75,558.9264526367188
2025-03-21,43.52934265136719,278.489990234375,559.11083984375
2025-03-24,43.72462844848633,277.25,569.1235961914062
2025-03-25,43.597694396972656,278.4700012207031,570.4917602539062
2025-03-26,43.33405685424805,278.239990234375,563.6810913085938
2025-03-27,43.54887008666992,281.9700012207031,562.1840209960938
2025-03-28,42.738433837890625,284.05999755859375,550.8626708984375
2025-03-31,42.67008590698242,288.1400146484375,554.5604858398438
2025-04-01,42.806785583496094,287.57000732421875,556.1268310546875
2025-04-02,42.86537170410156,288.1600036621094,559.6461791992188
2025-04-03,41.95729064941406,286.4200134277344,532.06640625
2025-04-04,39.62361526489258,279.7200012207031,500.9176330566406
2025-04-07,38.149200439453125,273.7099914550781,500.025390625
2025-04-08,37.61216354370117,275.20001220703125,492.193603515625
2025-04-09,40.21923828125,285.3800048828125,543.8834838867188
2025-04-10,39.525970458984375,292.3500061035156,520.051025390625
2025-04-11,40.76604080200195,297.92999267578125,529.3302612304688
2025-04-14,41.1370849609375,296.2300109863281,534.4654541015625
2025-04-15,41.098026275634766,297.7799987792969,532.9684448242188
2025-04-16,40.61957550048828,307.4700012207031,521.1216430664062
2025-04-17,40.93203353881836,306.1199951171875,521.8651733398438
2025-04-21,40.92226791381836,315.5899963378906,509.443359375
2025-04-22,41.53742218017578,311.1099853515625,522.697998046875
2025-04-23,42.015872955322266,303.6499938964844,530.79736328125
2025-04-24,42.504085540771484,308.07000732421875,541.9700927734375
2025-04-25,42.42597198486328,304.7300109863281,545.8860473632812
2025-04-28,42.504085540771484,309.07000732421875,546.09423828125
2025-04-29,42.62126159667969,306.05999755859375,549.5342407226562
2025-04-30,42.728668212890625,303.7699890136719,549.7523193359375
2025-05-01,42.718902587890625,297.4599914550781,553.6484375
2025-05-02,43.93944549560547,297.9800109863281,561.8668823242188
2025-05-05,44.27143096923828,306.8800048828125,558.6448974609375
2025-05-06,44.09567642211914,315.4800109863281,553.9755859375
2025-05-07,43.58792495727539,310.75,556.3052978515625
2025-05-08,43.55863571166992,304.6300048828125,560.1815185546875
2025-05-09,43.8515625,306.8399963378906,559.4677734375
2025-05-12,44.7987060546875,298.19000244140625,577.9567260742188
2025-05-13,44.87681579589844,299.4599914550781,581.7734375
2025-05-14,45.218570709228516,293.1600036621094,582.5169677734375
2025-05-15,45.199039459228516,297.8399963378906,585.3622436523438
2025-05-16,45.16974639892578,294.239990234375,589.0699462890625
2025-05-19,45.267391204833984,298.0299987792969,589.71435546875
2025-05-20,45.218570709228516,303.5799865722656,587.7315673828125
2025-05-21,45.10139846801758,305.82000732421875,577.8278198242188
2025-05-22,44.954933166503906,303.1099853515625,578.0558471679688
2025-05-23,45.14045333862305,309.75,574.1102294921875
2025-05-27,45.03304672241211,304.5,586.0462646484375
2025-05-28,44.82799530029297,303.80999755859375,582.65576171875
2025-05-29,44.993995666503906,305.6099853515625,584.9557495117188
2025-05-30,44.44718933105469,303.6000061035156,584.301513671875
2025-06-02,44.7694091796875,311.6700134277344,587.5928955078125
2025-06-03,44.87681579589844,308.9100036621094,590.943603515625
2025-06-04,45.43338394165039,310.8999938964844,590.7850341796875
2025-06-05,45.667728424072266,309.3299865722656,587.9298095703125
2025-06-06,45.81419372558594,305.17999267578125,593.96728515625
2025-06-09,46.20476531982422,306.6199951171875,594.5026245117188
2025-06-10,46.46840286254883,306.7099914550781,597.8733520507812
2025-06-11,46.663692474365234,308.3699951171875,596.1680908203125
2025-06-12,46.74180221557617,312.20001220703125,598.5374145507812
2025-06-13,45.999717712402344,316.2900085449219,591.8457641601562
2025-06-16,46.56364440917969,311.7799987792969,597.4767456054688
2025-06-17,45.952392578125,311.94000244140625,592.3712158203125
2025-06-18,45.94253158569336,310.260009765625,592.2819213867188
2025-06-20,45.67634582519531,310.1300048828125,590.8909301757812
2025-06-23,46.05097961425781,311.0799865722656,596.7274780273438
2025-06-24,47.2439079284668,306.19000244140625,603.3196411132812
2025-06-25,47.28334426879883,307.1199951171875,603.65771484375
2025-06-26,47.59883117675781,306.7799987792969,608.380615234375
2025-06-27,47.4115104675293,301.2200012207031,611.4032592773438
2025-06-30,47.55939865112305,304.8299865722656,614.3265380859375
2025-07-01,47.648128509521484,307.54998779296875,614.127685546875
2025-07-02,47.85516357421875,309.25,616.9116821289062
2025-07-03,48.07205581665039,307.1400146484375,621.7738037109375
2025-07-07,47.39179229736328,307.3699951171875,617.140380859375
2025-07-08,47.68756103515625,304.1600036621094,616.8023681640625
2025-07-09,47.60869216918945,305.5199890136719,620.5010986328125
2025-07-10,47.736854553222656,306.20001220703125,622.2510986328125
2025-07-11,47.5791130065918,309.1400146484375,620.0635986328125
2025-07-14,47.648128509521484,308.010009765625,621.2467651367188
2025-07-15,47.993186950683594,306.7300109863281,618.592041015625
2025-07-16,48.21994400024414,308.260009765625,620.66015625
2025-07-17,48.49599075317383,307.5899963378906,624.4583740234375
2025-07-18,48.38754653930664,308.3900146484375,624.0010375976562
2025-07-21,48.70302963256836,313.1300048828125,625.1842651367188
2025-07-22,48.73260498046875,316.1000061035156,625.2737426757812
2025-07-23,49.22555160522461,312.17999267578125,630.59326171875
2025-07-24,48.9593620300293,310.2699890136719,630.802001953125
2025-07-25,48.81147384643555,307.3999938964844,633.4667358398438
2025-07-28,48.48613357543945,305.4100036621094,633.3076782226562
2025-07-29,48.50585174560547,306.25,631.63720703125
2025-07-30,48.15092849731445,300.9599914550781,630.841796875
2025-07-31,47.874881744384766,302.9599914550781,628.4754028320312
2025-08-01,47.519962310791016,309.1099853515625,618.1743774414062
2025-08-04,48.01290512084961,310.9100036621094,627.5704956054688
2025-08-05,48.15092849731445,311.1600036621094,624.3887329101562
2025-08-06,48.377685546875,310.5,629.17138671875
2025-08-07,48.781898498535156,313.1199951171875,628.6443481445312
2025-08-08,48.742462158203125,313.04998779296875,633.5462646484375
2025-08-11,48.60443878173828,308.54998779296875,632.29345703125
2025-08-12,49.19597625732422,308.2699890136719,639.02490234375
2025-08-13,49.78750991821289,309.2099914550781,641.2123413085938
2025-08-14,49.1762580871582,307.25,641.27197265625
2025-08-15,49.235408782958984,307.42999267578125,639.7706298828125
2025-08-18,49.52132034301758,306.95001220703125,639.63134765625
2025-08-19,49.117103576660156,305.2699890136719,636.1612548828125
2025-08-20,49.048091888427734,308.3599853515625,634.470947265625
2025-08-21,48.93964385986328,307.2900085449219,631.925537109375
2025-08-22,49.91567611694336,310.5799865722656,641.6299438476562
2025-08-25,49.62976837158203,309.8299865722656,638.8060302734375
2025-08-26,49.50160217285156,312.0799865722656,641.4807739257812
2025-08-27,49.205833435058594,312.7099914550781,642.9423828125
2025-08-28,49.393150329589844,315.0299987792969,645.2192993164062
2025-08-29,49.15653991699219,318.07000732421875,641.3713989257812
2025-09-02,49.117103576660156,325.5899963378906,636.61865234375
2025-09-03,49.304420471191406,328.1400146484375,640.06884765625
2025-09-04,49.14667892456055,326.69000244140625,645.4181518554688
2025-09-05,49.738216400146484,331.04998779296875,643.5488891601562
2025-09-08,50.19172668457031,334.82000732421875,645.1298217773438
2025-09-09,50.4677734375,334.05999755859375,646.6212768554688
2025-09-10,50.81283950805664,335.260009765625,648.4906005859375
2025-09-11,51.5522575378418,334.760009765625,653.8796997070312
2025-09-12,51.52267837524414,335.4200134277344,653.660888671875
2025-09-15,51.897315979003906,338.9100036621094,657.1409301757812
2025-09-16,52.28181457519531,339.5899963378906,656.2361450195312
2025-09-17,52.508567810058594,336.9700012207031,655.4208374023438
2025-09-18,52.38040542602539,335.6199951171875,658.4832763671875
2025-09-19,52.2620964050293,339.17999267578125,661.74462890625
2025-09-22,52.518428802490234,345.04998779296875,664.8753662109375
2025-09-23,52.548004150390625,346.4599914550781,661.256103515625
2025-09-24,52.37054443359375,343.32000732421875,659.1522216796875
2025-09-25,52.064918518066406,344.75,656.1112670898438
2025-09-26,51.96632766723633,346.739990234375,659.8701782226562
2025-09-29,52.43955612182617,352.4599914550781,661.7246704101562
2025-09-30,52.6465950012207,355.4700012207031,664.21728515625
2025-10-01,53.0606689453125,356.0299987792969,666.4806518554688
2025-10-02,53.3071403503418,354.7900085449219,667.248291015625
2025-10-03,53.464881896972656,357.6400146484375,667.2384033203125
2025-10-06,53.71135711669922,364.3800048828125,669.6312866210938
2025-10-07,53.29728317260742,366.260009765625,667.1486206054688
2025-10-08,53.72121810913086,372.29998779296875,671.1268920898438
2025-10-09,53.16911697387695,365.42999267578125,669.1826171875
2025-10-10,51.207191467285156,369.1199951171875,651.0960693359375
2025-10-13,52.69588851928711,378.0899963378906,661.0865478515625
2025-10-14,52.22266387939453,380.7900085449219,660.2789306640625
2025-10-15,53.080387115478516,387.3900146484375,663.2102661132812
2025-10-16,53.425445556640625,396.45001220703125,658.6936645507812
2025-10-17,53.41558837890625,388.989990234375,662.4326171875
2025-10-20,54.14514923095703,403.1499938964844,669.3222045898438
2025-10-21,53.543758392333984,377.239990234375,669.3121948242188
2025-10-22,53.49446105957031,377.2799987792969,665.83251953125
2025-10-23,53.967689514160156,378.7900085449219,669.7808837890625
2025-10-24,54.322608947753906,377.5199890136719,675.2546997070312
2025-10-27,54.92400360107422,367.010009765625,683.2211303710938
2025-10-28,54.9042854309082,364.3800048828125,685.0357666015625
2025-10-29,55.21976852416992,363.0,685.3648071289062
2025-10-30,54.647953033447266,370.1300048828125,677.8270874023438
2025-10-31,54.5197868347168,368.1199951171875,680.050537109375
2025-11-03,54.86485290527344,368.7799987792969,681.3267822265625
2025-11-04,53.8592414855957,362.32000732421875,673.2506103515625
2025-11-05,54.34232711791992,366.510009765625,675.583740234375
2025-11-06,53.9381103515625,366.07000732421875,668.3351440429688
2025-11-07,53.78036880493164,368.30999755859375,668.9931640625
2025-11-10,54.72682189941406,378.3800048828125,679.432373046875
2025-11-11,54.78597640991211,379.8699951171875,680.9877319335938
2025-11-12,54.79583740234375,385.989990234375,681.3666381835938
2025-11-13,54.15501022338867,382.8699951171875,670.0599975585938
2025-11-14,54.18458557128906,375.9599914550781,669.9503784179688
2025-11-17,53.543758392333984,371.6499938964844,663.7088012695312
2025-11-18,53.277565002441406,374.3500061035156,658.1353149414062
2025-11-19,53.09024429321289,374.9599914550781,660.6777954101562
2025-11-20,52.360687255859375,374.8500061035156,650.6075439453125
2025-11-21,52.350826263427734,374.2699890136719,657.08837890625
2025-11-24,52.90292739868164,380.20001220703125,666.759765625
2025-11-25,53.09024429321289,380.0799865722656,673.03125
2025-11-26,53.47474670410156,383.1199951171875,677.6775512695312
2025-11-28,53.55361557006836,387.8800048828125,681.3765869140625
2025-12-01,53.51417922973633,389.75,678.2658081054688
2025-12-02,53.533897399902344,387.239990234375,679.5220947265625
2025-12-03,53.573333740234375,386.8800048828125,681.8751220703125
2025-12-04,53.5634765625,387.1300048828125,682.3736572265625
2025-12-05,53.967689514160156,386.44000244140625,683.6697998046875
2025-12-08,53.84938049316406,385.4200134277344,681.6159057617188
2025-12-09,53.760650634765625,387.3999938964844,681.027587890625
2025-12-10,54.36204528808594,389.04998779296875,685.5443115234375
2025-12-11,54.105712890625,393.239990234375,687.1395263671875
2025-12-12,53.47474670410156,395.44000244140625,679.7514038085938
2025-12-15,53.31700134277344,395.79998779296875,678.7244262695312
2025-12-16,52.97999954223633,395.8900146484375,676.8699340820312
2025-12-17,52.599998474121094,399.2900085449219,669.4219360351562
2025-12-18,53.20000076293945,398.57000732421875,674.4769287109375
2025-12-19,53.720001220703125,399.0199890136719,680.5900268554688
2025-12-22,54.0099983215332,408.2300109863281,684.8300170898438
2025-12-23,54.310001373291016,413.6400146484375,687.9600219726562
2025-12-24,54.41999816894531,411.92999267578125,690.3800048828125
2025-12-26,54.79999923706055,416.739990234375,690.3099975585938
2025-12-29,54.65999984741211,398.6000061035156,687.8499755859375
2025-12-30,54.880001068115234,398.8900146484375,687.010009765625
2025-12-31,54.709999084472656,396.30999755859375,681.9199829101562
