period,dow30:AAPL,dow30:AMGN,dow30:AXP,dow30:BA,dow30:CAT,dow30:CRM,dow30:CSCO,dow30:CVX,dow30:DIS,dow30:DOW,dow30:GS,dow30:HD,dow30:HON,dow30:IBM,dow30:INTC,dow30:JPM,dow30:KO,dow30:MCD,dow30:MMM,dow30:MRK,dow30:MSFT,dow30:NKE,dow30:PFE,dow30:PG,dow30:RTX,dow30:TRV,dow30:UNH,dow30:V,dow30:VZ,dow30:WMT
2025-01-02,-0.04434576444327831,-0.03570609167218208,0.03337437752634287,-0.039787011221051216,-0.014147647190839052,-0.04328468628227711,0.0008609747746959329,0.00695698382332921,-0.01064230315387249,-0.023137995973229408,-0.011386989150196314,-0.007234658929519355,0.004741977900266647,-0.005370960163418204,-0.03899587411433458,0.02260186616331339,0.002546804491430521,0.000422733835875988,0.05812528636306524,-0.008992333430796862,0.04085050988942385,-0.011858122423291206,-0.014213344315066934,0.002834114246070385,-0.018052646424621344,-0.018153797835111618,0.029351176926866174,-0.01937205670401454,-0.0003849775530397892,-0.009752519894391298
2025-01-06,0.08622130658477545,0.03813140653073788,0.04735590750351548,0.05354574881494045,-0.0012462384765967727,0.16778019769117236,-0.017110763234086335,0.08590210182592273,0.09138986561447382,-0.03645051456987858,-0.07320247357711196,0.06413496544701047,0.04950257949531078,-0.02329580032528611,-0.6196810826659203,-0.0008745617233216763,-0.009091155603528023,-0.12234604079276323,-0.1748805718962103,-0.005268212873488665,0.18847248423844576,0.12475194968283176,-0.05988600756973028,-0.16488733142614365,-0.11734259594231844,-0.07771888212300837,0.01674411806743592,-0.09189044637605548,-0.12485667876899242,-0.004754240624606609
2025-01-08,-0.028290940215811133,0.0432028379291296,-0.0646704260725528,-0.01247798791155219,-0.054532057605683804,-0.0031262082047760487,0.053578568156808615,-0.082981594838202,-0.05895049776881933,-0.09862488880753517,-0.07216631686605979,-0.02768768696114421,-0.049074015114456415,0.007000998128205538,-0.02714564884081483,-0.043489737683557905,0.010356908664107323,-0.10680590104311705,-0.0989336958155036,-0.057109725661575794,-0.018899109214544296,-0.116325574927032,-0.09732453152537346,0.0011830423027276993,0.05058482103049755,0.055613153614103794,-0.07962052151560783,-0.010575537104159594,-0.07226450694724917,0.039951881393790245
2025-01-13,-0.016997882165014744,0.021631259471178055,0.019728229846805334,-0.08856628648936749,0.05314370058476925,0.04979912540875375,0.0009161256311926991,0.010275267995893955,-0.03812640206888318,0.03994058817625046,0.020984244998544455,-0.00998140755109489,-0.005439434200525284,-0.008202594239264727,0.08063044585287571,0.02249752962961793,0.022206144407391548,-0.0011190054938197136,-0.021632540971040726,0.032558029517531395,-0.01551882503554225,0.008858826011419296,-0.03158778161741793,0.03283688600640744,0.016707290429621935,0.021868787240236998,0.11581737920641899,-0.019927138229832053,0.02732211910188198,-0.013027139473706484
2025-01-15,0.02122849877923727,0.09125543339177966,0.07004072144627571,-0.02787448512390256,0.017959030345082283,-0.007414937950670719,-0.06045725103467703,-0.03163584973663092,0.17823934223270044,-0.019221551716327667,0.09530281275510788,0.051245078444480896,0.050777340307831764,-0.00622959528118372,-0.13687308318912983,0.06819956563413143,-0.02986793639138341,-0.04965352825820446,0.0797942285425961,0.05034953961148858,0.009676646441221237,0.03134876268450171,0.07483243523165584,0.020328038779553026,-0.03994750138372183,-0.031225346960127354,0.008037907886318862,-0.012488162145018578,-0.01673803897574544,-0.06133633852005005
2025-01-17,0.04494473244994879,0.17447885870933533,-0.07009076559916139,-0.2285101693123579,0.0082016596570611,0.17629733309149742,0.010935017839074135,-0.07042405940592289,-0.08540409663692117,0.021003282628953457,0.14374305680394173,0.026714527717558667,-0.002113370632287115,0.017069047316908836,0.46932153403759,-0.02178196981549263,0.006171428598463535,0.03259426774457097,0.006185681559145451,-0.03584117442369461,0.049649675376713276,-0.15947671234607697,-0.022471202071756124,0.02098282752558589,0.03544535394757986,-0.010759646072983742,0.02029332413803786,-0.023361701052635908,-0.001696282997727394,0.021132003981620073
2025-01-22,-0.00820768577978015,-0.0029761777259409428,0.10563905257731676,0.010969082359224558,0.045422000577673316,0.04914109967648983,0.062118503265082836,-0.0021775243803858757,-0.003529153997078538,-0.03857322037220001,-0.0014343929942697287,-0.03323960490524769,0.2358838701620698,-0.006158924661576748,0.07343530328944325,0.006461415556259453,-0.028769373893737793,0.07000586623325944,-0.00807275902479887,-0.020667212083935738,0.022013243287801743,0.05346904695034027,-0.04239603877067566,0.005874944850802422,-0.027505533769726753,-0.004517341032624245,-0.010614996775984764,-0.00994857594196219,-0.0025396206183359027,0.004591287346556783
2025-01-24,-0.004188352089840919,-0.018050909973680973,0.0027779052034020424,-0.05543546937406063,-0.020521854981780052,-0.030446883058175445,0.003375966101884842,-0.06635164399631321,0.017029445618391037,-0.0034278339007869363,-0.0008801738731563091,0.0541061558178626,-0.019575244863517582,-5.612056702375412e-05,-0.015217356383800507,0.00507517671212554,0.008656204212456942,0.06475365464575589,0.015332313603721559,0.0078056249767541885,-0.0017398428171873093,-0.0032537030056118965,0.08183471322990954,-0.002522615250200033,-0.025594805367290974,-0.003870215849019587,0.11791277397423983,0.009738403372466564,0.013891422189772129,0.01879745163023472
2025-01-28,0.04398965649306774,-0.07995311822742224,0.0015312901232391596,-0.023593050427734852,-0.08389342855662107,0.04492860473692417,0.01425415650010109,-0.05997474258765578,-0.060264949686825275,-0.10318129975348711,0.041715715546160936,-0.05434827599674463,-0.059289900586009026,-0.0615912489593029,-0.002561081200838089,0.05965180043131113,-0.049590302631258965,-0.12273626169189811,0.07589858199935406,0.09430715395137668,0.042459978722035885,-0.057912735268473625,-0.08747815294191241,0.012707546353340149,0.033549655228853226,-0.08194974344223738,-0.11573227914050221,0.11597196832008194,0.014440536499023438,-0.13022784364875406
2025-01-30,-0.05290639493614435,-0.033923990093171597,0.010393186239525676,0.06492513045668602,-0.09440306574106216,-0.04641426354646683,0.03478421363979578,-0.030271952971816063,-0.06650061532855034,-0.1250944510102272,0.019008093513548374,-0.001620592549443245,0.04387877881526947,0.11796916835010052,-0.0015368834137916565,-0.02135116746649146,-0.020006941631436348,0.005929708888288587,0.024485381320118904,0.009798775194212794,-0.071047842502594,-0.026214975863695145,0.009913102490827441,-0.025222572032362223,0.023922724649310112,0.03487436124123633,-0.04906092118471861,0.0400718878954649,-0.07993607223033905,0.042041623033583164
2025-02-03,-0.018649742007255554,0.021697173826396465,-0.002718644216656685,0.010277962079271674,-0.003855133429169655,0.02184113347902894,-0.1769577437080443,-0.006716079544275999,0.0167842423543334,-0.046999766025692225,-0.022434638813138008,0.007976753637194633,-0.0034772218205034733,0.026813850738108158,0.14770317845977843,-0.011651117005385458,-0.007560439174994826,0.007674447260797024,-0.024109804071485996,0.020556929521262646,0.031448954716324806,0.007999444846063852,-0.1549374582245946,0.008730677887797356,0.012515878304839134,-0.012184602674096823,0.04986813943833113,0.0018764445558190346,0.024449022486805916,0.009912929497659206
2025-02-05,-0.03398560790810734,0.06612692959606647,0.010883326642215252,0.045497769489884377,-0.007895633112639189,-0.020986353047192097,0.01949512353166938,0.05059088347479701,-0.08876466378569603,-0.0014365501701831818,-0.020347611978650093,-0.003277186769992113,-0.02092229388654232,-0.0027746467385441065,-0.04879150167107582,-0.004108412191271782,-0.005705764517188072,0.005634695291519165,-0.01162008149549365,-0.038114260882139206,-0.0015297639183700085,0.3301389552652836,0.02103066584095359,0.014594316948205233,0.01586323929950595,-0.045038520358502865,-0.10011232830584049,0.006590615026652813,-0.009739975444972515,0.012396985199302435
2025-02-07,0.05650259554386139,-0.03883811645209789,0.17575726751238108,-0.04482916370034218,0.18563848175108433,0.08605663757771254,0.03401390090584755,0.07595152175053954,-0.04679114930331707,0.09005020884796977,0.1749942193273455,-0.03330119140446186,0.029397107660770416,0.03189339488744736,-0.1660553403198719,0.05338663887232542,0.05539512215182185,-0.020511369162704796,0.043478868901729584,-0.07440982107073069,0.15568216424435377,-0.07933569326996803,-0.025641594314947724,-0.012978265061974525,-0.007770818658173084,-0.0401305565610528,0.013140542898327112,0.017697928589768708,0.024939367198385298,-0.0460350401699543
2025-02-11,0.0197265453170985,0.005275610368698835,-0.002989167522173375,-0.0030476380488835275,-0.007404587930068374,-0.008610698427219177,-0.006254438019823283,0.010647588376741624,-0.0035996990045532584,-0.003190530580468476,-0.006341329542919993,0.004320879350416362,-0.01060575246810913,0.026124747935682535,0.052274868823587894,0.013053423259407282,0.0450432786019519,0.0055026242043823,0.0009444451425224543,0.0016026886551117059,0.005081154406070709,0.0025164259131997824,-0.01324616468991735,0.010505323763936758,0.004613595083355904,-0.0009485826012678444,0.0010142251521756407,-0.001770884366123937,0.011354776564985514,-0.004975490330252796
2025-02-13,0.029921013861894608,0.06635595858097076,0.05253905104473233,0.025332345161587,0.003912702202796936,0.043460557237267494,0.11685278452932835,0.00950414314866066,-0.012392869917675853,0.014758272795006633,0.039215510805661324,0.038715154863893986,-0.006965072709135711,0.01895175687968731,0.24601741135120392,0.05000313953496516,0.040943858213722706,0.05146861635148525,-0.019892717362381518,-0.014911100268363953,-0.0006542324554175138,0.09675087779760361,-0.00886066211387515,0.05458162631839514,-0.006848589517176151,-0.018841334618628025,-0.19303520629182458,0.08216238580644131,0.03831068333238363,0.04410764016211033
2025-02-18,0.038009952986612916,0.00571415841113776,0.007108189631253481,0.004283664748072624,0.0007268995977938175,0.0021701818332076073,-0.0028480675537139177,-0.00299246609210968,-0.006150891073048115,0.03151600155979395,0.018774022348225117,-0.019495919346809387,0.027062523178756237,0.011249472852796316,0.11827103793621063,0.012859027949161828,0.0020807000109925866,-0.009449186269193888,-0.001418841304257512,0.02343842014670372,-0.007724817143753171,0.06211531185545027,-0.014337975764647126,0.016778722405433655,0.007818070240318775,0.001725221169181168,-0.010144352912902832,0.009525029920041561,-0.006087468937039375,-0.0031750283669680357
2025-02-20,-0.04095510020852089,-0.012001201510429382,-0.006430899724364281,-0.07121128775179386,-0.012893031351268291,0.006812019273638725,-0.018754625925794244,-0.014125311747193336,-0.04771995451301336,0.03928291238844395,-0.025364134460687637,0.12965043308213353,-0.005423896946012974,-0.0253640926675871,0.24444765597581863,-0.09957579150795937,0.0034956104937009513,0.005311988992616534,-0.03926931554451585,0.0800998080521822,-0.0012029758654534817,0.005594110582023859,0.012614097649930045,0.03157660737633705,-0.018524440471082926,-0.017980468925088644,-0.033140840008854866,-0.0186019791290164,0.09861739631742239,-0.07372364774346352
2025-02-24,0.002588471630588174,0.037342547439038754,-0.005310989625286311,0.11857553757727146,0.0032222552690654993,-0.04280813690274954,-0.06406152434647083,-0.03585604205727577,-0.017082761973142624,-0.060036323964595795,0.008770882326643914,-0.01550992764532566,0.05726574081927538,0.017103693215176463,-0.0076727960258722305,-0.019739647395908833,-0.01880648173391819,0.003647514618933201,-0.0012049977667629719,0.01535321120172739,-0.021593723446130753,0.01655569300055504,0.012465732404962182,-0.01006300887092948,-0.056923218071460724,-0.0016389228403568268,-0.05279332399368286,0.040110710775479674,0.04508892633020878,0.023155884817242622
2025-02-26,0.008444931358098984,-0.0748841967433691,-0.020234422758221626,0.02385999634861946,-0.025910786062013358,0.19342628866434097,-0.06280240160413086,-0.08918185345828533,-0.0337991202250123,0.07841125596314669,-0.03577330941334367,-0.07935506757348776,-0.04785740002989769,-0.041775156278163195,-0.04960022494196892,-0.039391711819916964,0.05792443361133337,-0.021866878611035645,-0.04624354699626565,0.03313646465539932,0.02344377338886261,-0.034726572688668966,-0.0009853597730398178,-0.00745225849095732,0.12270513203111477,-0.015490636345930398,0.06878267880529165,-0.005045295809395611,0.014198221266269684,-0.07750381249934435
2025-02-28,0.02223961241543293,-0.026897114235907793,0.07620994746685028,0.08872868726029992,0.11469138879328966,0.07755584083497524,0.01723867328837514,-0.04329509846866131,0.08449778519570827,0.11752040684223175,0.1026705950498581,0.0019100457429885864,0.014758015982806683,0.024885785533115268,0.1598039660602808,0.026817604899406433,-0.1244893167167902,-0.06667363597080112,0.09719540737569332,-0.0697798989713192,0.037999477237463,0.2016812884248793,0.14996858686208725,-0.017345530912280083,0.02847898006439209,0.03719656728208065,0.12295057345181704,0.06411739438772202,-0.1402554172091186,-0.023669246584177017
2025-03-04,-0.010733447503298521,-0.01405648561194539,-0.02665803674608469,0.0027135759592056274,-0.01642772206105292,-0.15718667395412922,-0.0007100931834429502,-0.00914244563318789,-0.033488781889900565,-0.014274113113060594,-0.030655385926365852,-0.021853934740647674,-0.021139686228707433,0.02477216813713312,-0.06377040036022663,-0.03353779762983322,-0.03247699234634638,0.001611493993550539,-0.03887684363871813,0.005981791764497757,0.012305723241297528,-0.09363154787570238,-0.017597417114302516,-0.015817409614101052,-0.035899807000532746,-0.01508899312466383,0.0007263142615556717,-0.012189376167953014,-0.025055579142645,-0.10531619377434254
2025-03-06,-0.07113924319855869,0.026470532175153494,-0.004244977608323097,-0.04800024256110191,-0.03261888679116964,-0.06860726326704025,0.007617330178618431,0.011388980783522129,0.019461683928966522,0.049515011720359325,-0.0679176077246666,-0.004290037788450718,0.10175676038488746,0.019475511275231838,-0.04640538222156465,0.02002250775694847,0.030589300207793713,-0.0016303788870573044,0.04763258947059512,-0.012399314902722836,-0.09411474969238043,0.06758080318104476,0.07055915240198374,0.03761872655013576,0.027668132446706295,0.05980067700147629,0.11919529922306538,-0.014156055636703968,-0.007382463663816452,0.0015224162489175797
2025-03-10,-0.07033466175198555,0.0273729944601655,-0.0612567663192749,-0.05585287883877754,-0.00016004499047994614,0.004887253046035767,-0.04347019176930189,0.018103520385921,-0.02152084931731224,-0.008898925734683871,-0.08642613515257835,-0.008439966477453709,0.026241274317726493,-0.014180024154484272,0.019709903746843338,-0.10804250091314316,-0.0013427031808532774,-0.009114891290664673,-0.009013323113322258,0.05308717954903841,-0.0016124509274959564,0.005831506103277206,0.0004096191842108965,0.028161468799225986,0.018376762804109603,0.006879514359752648,-0.10852315090596676,-0.002158532850444317,0.004691316746175289,-0.037374460604041815
2025-03-12,-0.042437516152858734,-0.015399543568491936,-0.02972886897623539,0.03770095482468605,-0.02255964046344161,0.12784487381577492,-0.02586664562113583,0.0008525224402546883,-0.07405961118638515,-0.010967927053570747,0.07705639488995075,-0.02807652670890093,-0.012264464050531387,-0.049546795431524515,0.05755039118230343,0.019283834379166365,-0.03295739088207483,-0.021565117873251438,0.06831481866538525,-0.013877671211957932,0.023145166225731373,-0.004311453551054001,-0.0038801468908786774,-0.02156046498566866,0.022919876617379487,-0.020606959238648415,0.008785547688603401,0.028618274489417672,0.02876756712794304,-0.07901027426123619
2025-03-14,0.018634957261383533,-0.07648121030069888,-0.038535211235284805,0.1344382232055068,-0.12055904231965542,0.028037847019732,0.05269672255963087,-0.04612722061574459,0.15130767598748207,-0.15597287751734257,0.10502289980649948,0.004296842962503433,-0.025063367560505867,0.0754225542768836,0.1295239506289363,0.00947393849492073,0.0077679018140770495,-0.03737135650590062,0.08864994160830975,-0.09219462226610631,0.013552593998610973,-0.07355115469545126,-0.040920933708548546,-0.017379979137331247,0.08821659488603473,-0.179214870557189,-0.16889743972569704,-0.02229695301502943,-0.12105194851756096,-0.2257464425638318
2025-03-18,-0.027730879839509726,0.0037750541232526302,-0.020555956289172173,-0.07580442959442735,-0.1422588974237442,0.03125635674223304,-0.016037805937230587,-0.024186241440474987,0.012562668598548044,-0.013641100376844406,-0.016106316295918077,0.03999339696019888,-0.02569687063805759,0.03155152499675751,-0.028433875180780888,-0.017657991033047438,-0.03083338774740696,-0.03030537418089807,-0.03751964680850506,0.006243379961233586,-0.045519028790295124,-0.008792737033218145,-0.009069005958735943,-0.04142419341951609,0.03910605562850833,-0.040077321231365204,0.04844716936349869,-0.025205587735399604,-0.0051373764872550964,-0.03859960846602917
2025-03-20,-0.036028634291142225,-0.046066554728895426,-0.03299020475242287,-0.03749794967006892,-0.05285132210701704,-0.1528406471479684,-0.00679539330303669,-0.06856767786666751,-0.04611596930772066,-0.06507699750363827,-0.010701719671487808,-0.015729814302176237,-0.025631926022469997,-0.17867251858115196,0.18542977329343557,-0.04373341894824989,0.056570951361209154,0.04102637874893844,0.003835732117295265,0.006556048523634672,-0.0377278053201735,-0.0465400256216526,0.01393428648589179,0.014912067912518978,0.13910828903317451,0.17458525812253356,-0.047479137778282166,-0.022624609991908073,-0.05874131200835109,0.23768492881208658
2025-03-24,0.027081429958343506,-0.11236654547974467,0.10008521191775799,0.06359936017543077,-0.008793840184807777,0.05813578888773918,0.03725286293774843,-0.06834623485337943,0.03635655250400305,0.0225697027053684,-0.07192811742424965,0.21167634055018425,0.008687498513609171,0.12680181488394737,-0.045778222498483956,0.06992598995566368,0.05968456156551838,-0.06718915706733242,0.028412120416760445,0.02578049711883068,0.054005338810384274,-0.002319419290870428,0.03028833121061325,0.04537600325420499,0.0049581220373511314,0.00997928623110056,0.07726784673286602,0.052199240773916245,0.06015170179307461,0.12443378567695618
2025-03-26,-0.03009501565247774,-0.014108407543972135,0.04196227062493563,-0.43920079804956913,0.04224288137629628,-0.10388537310063839,0.012062857043929398,-0.029785526916384697,-0.0386488251388073,0.029550313018262386,0.03797955997288227,0.01636910275556147,-0.061387172434479,-0.04382941231597215,-0.15915662050247192,-0.01751409374992363,-0.006803572177886963,0.018935880390927196,-0.048259482719004154,-0.010466183302924037,-0.009252350311726332,-0.15068547893315554,-0.12644158396869898,0.009963718242943287,-0.02141729462891817,0.14827611949294806,-0.0015710312873125076,-0.029261523974128067,-0.03034474514424801,0.01718195015564561
2025-03-28,0.019547611474990845,-0.019800763577222824,-0.08221930079162121,-0.02565649664029479,-0.021667472552508116,-0.033581134397536516,-0.05889675673097372,-0.04765370744280517,0.0008804742246866226,-0.01575619913637638,-0.041358260437846184,-0.05678971856832504,-0.02269173925742507,-0.01438772352412343,-0.11908029392361641,-0.05569390766322613,-0.02720505464822054,0.12798667885363102,0.0021470189094543457,0.01378943445160985,-0.02403101557865739,-0.04065510770305991,-0.0013878652825951576,-0.01030443562194705,-0.01811978779733181,-0.010506986640393734,-0.015974051551893353,-0.04482826963067055,-0.005875533330254257,-0.021410363260656595
2025-04-01,0.011892790906131268,0.006068555638194084,-0.01635229727253318,0.015639509074389935,0.01784555264748633,-0.10497882962226868,0.08272865694016218,0.014818006195127964,-0.11705522704869509,0.07852342445403337,-0.07434489810839295,0.00320264371111989,0.0542275570333004,0.007540645077824593,-0.3381174337118864,0.0010994765907526016,0.037568491883575916,0.0007432745769619942,0.09356243209913373,-0.023245543241500854,0.14030076935887337,0.06822065450251102,-0.08407841250300407,0.06070871587144211,0.021453357068821788,-0.02682077483041212,-0.13075484824366868,0.015219386667013168,0.005215432203840464,-0.20455048512667418
2025-04-03,-0.06815932504832745,0.17651964910328388,-0.07531335391104221,-0.14968911185860634,0.021734245121479034,0.19777840375900269,-0.05549371708184481,-0.05151029210537672,-0.03860839828848839,-0.14983953163027763,-0.09579765307717025,-0.16590866819024086,-0.1012599840760231,0.05806647427380085,-0.2672009561210871,0.04786130040884018,0.07019923441112041,-0.012884726747870445,0.03161604329943657,0.01459344127215445,-0.12064584903419018,-0.24864429235458374,0.013099752366542816,0.001305404119193554,-0.16483020409941673,-0.06882086861878633,0.032514379592612386,-0.00012485869228839874,-0.09735381603240967,-0.004748119041323662
2025-04-07,-0.0932428427040577,-0.0965233463793993,0.002610626630485058,0.03556234575808048,-0.012120699509978294,0.1858975738286972,0.05305457953363657,-0.025890025543048978,0.0850150182377547,0.0026323944330215454,0.11709696426987648,-0.03326518088579178,0.06063169986009598,-0.007127334596589208,0.1969728022813797,0.08312929049134254,-0.036684379912912846,-0.025749975815415382,0.031707027927041054,-0.008635144215077162,-0.022751564625650644,0.04039984568953514,-0.0924916286021471,-0.06268152222037315,0.0640721817035228,0.059327978640794754,-0.012283421470783651,5.0897710025310516e-05,-0.008106000954285264,0.0009088083170354366
2025-04-09,0.086061030626297,0.024763504043221474,0.12537113390862942,0.061606086790561676,0.027860738337039948,0.22143664211034775,0.14625897258520126,0.1837076097726822,0.12104947678744793,0.06015431135892868,-0.014140978455543518,0.0967254787683487,-0.02512580156326294,0.02679920196533203,0.14870702661573887,0.11113834381103516,-0.04623384028673172,0.06772759649902582,0.06741922907531261,-0.004263374954462051,0.09734681807458401,-0.04123584181070328,0.07866166718304157,0.08661303296685219,0.07284214906394482,0.05049115605652332,0.1777840107679367,0.1294110044836998,0.04971651919186115,-0.05121570825576782
2025-04-11,0.057734742760658264,0.00562234316021204,-0.11372550204396248,-0.07524961605668068,-0.05229210574179888,0.017087581189116463,-0.044177910313010216,-0.11406670836731791,-0.2875751908868551,-0.0017122812569141388,0.14013726729899645,-0.1134232392651029,0.015845253132283688,-0.004623550921678543,-0.01755413319915533,-0.08524272963404655,-0.0010629212483763695,-0.00036818254739046097,-0.015440564602613449,0.057646382600069046,-0.005062658339738846,-0.08000469929538667,0.004225870594382286,0.029966154135763645,-0.0011656507849693298,0.10730894769949373,-0.001993647776544094,-0.06710129231214523,0.13168847374618053,-0.26828172244131565
2025-04-15,-0.06610735366120934,0.0013483166694641113,-0.021246562711894512,-0.05008261650800705,-0.09999068267643452,-0.07341917115263641,-0.04076630622148514,-0.027037485502660275,-0.03251082496717572,-0.05236786603927612,0.001508569810539484,-0.030890840105712414,-0.04616308072581887,0.10210288967937231,0.0102358628064394,-0.03020607167854905,0.06887545622885227,-0.02828305307775736,0.0737585611641407,-0.04593752231448889,0.10889054136350751,-0.012049804907292128,-0.0071645462885499,-0.024989619851112366,-0.0048945017624646425,-0.007248220033943653,-0.009504243731498718,0.12479282193817198,-0.024677410256117582,-0.042750109918415546
2025-04-17,0.03145823907107115,-0.09498610906302929,-0.1743769347667694,0.04769570380449295,-0.055417235009372234,0.012841732241213322,-0.1427645981311798,0.025796812493354082,0.026556608034297824,-0.03991498053073883,-0.023420996963977814,-0.012049170210957527,0.0029145115986466408,-0.3065081828972325,0.17439510114490986,0.04226831719279289,0.025938444305211306,0.025423117447644472,0.006201068288646638,0.08928385190665722,-0.00863697798922658,-0.005027886480093002,0.011518260929733515,-0.03628937527537346,0.002514813095331192,0.05375108867883682,-0.22702557407319546,-0.0014241468161344528,0.043746297247707844,0.018694610334932804
2025-04-22,0.04207584634423256,0.003227178007364273,0.047474734019488096,-0.004444386810064316,0.02750125853344798,0.09461872652173042,0.001101575791835785,0.052888303995132446,0.05243484489619732,0.072704266756773,3.3210963010787964e-05,0.006382094696164131,0.02363716484978795,-0.010730884969234467,-0.041787389665842056,-0.009165359660983086,0.02839594427496195,-0.153425432741642,0.06900710612535477,0.035118378698825836,0.035680816508829594,0.087379926815629,0.019910363014787436,0.03944576811045408,-0.08661850541830063,0.05185185885056853,0.08334845444187522,0.029180444311350584,0.012517414521425962,0.0329029499553144
2025-04-24,0.11405407637357712,-0.07621714333072305,0.08441233448684216,0.06006576307117939,0.05470588803291321,0.028236757963895798,0.061629959382116795,0.06477174162864685,0.14563232846558094,0.19863088242709637,-0.034461116418242455,0.022718015126883984,0.28145945630967617,-0.025683708488941193,-0.255696102976799,0.048484223894774914,-0.06554615218192339,0.06229492975398898,-0.0024489015340805054,-0.11124580074101686,0.15738502144813538,0.1543132197111845,0.08236703462898731,0.041471339762210846,-0.007674138993024826,-0.007893277797847986,0.06811097078025341,-0.13965790113434196,0.2043301765806973,-0.04323992133140564
2025-04-28,-0.06302548106759787,-0.02850858587771654,-0.01676569238770753,0.0505314152687788,-4.4571468606591225e-05,0.0011545298621058464,-0.004846750292927027,0.027086105197668076,0.019201386719942093,-0.04487767466343939,0.020914172986522317,0.018654876039363444,0.033883817959576845,-0.056525612249970436,0.02650074101984501,0.02048895717598498,0.002637214493006468,0.024363499658647925,-0.003805660642683506,0.02683570748195052,0.02461264014709741,0.020985799375921488,0.017973823007196188,0.0013960087671875954,-0.02844933676533401,-0.017095079645514488,-0.08940639835782349,0.025847034063190222,0.027503722347319126,0.018140865373425186
2025-04-30,-0.05872874381020665,-0.05134783685207367,-0.08553839032538235,-0.09987383056432009,0.03245682455599308,-0.19142641848884523,-0.0048883212730288506,-0.05580354854464531,-0.09331258316524327,-0.08681503776460886,-0.02933524618856609,0.015009979251772165,-0.08126217545941472,0.07689914479851723,0.04115233663469553,-0.03304142504930496,0.03343054582364857,-0.036136265844106674,-0.02783390344120562,-0.04762329440563917,0.0838619889691472,-0.14564457163214684,-0.05906265415251255,0.05781530903186649,0.10880299960263073,-0.09853667533025146,-0.0643920861184597,-0.03473069053143263,-0.16468710079789162,0.2162866611033678
2025-05-02,-0.08568811416625977,-0.009648968232795596,0.017481477931141853,-0.036122821271419525,-0.048436108976602554,0.030146095901727676,0.04626072198152542,0.011166715994477272,-0.04348976910114288,0.1073640959803015,0.04422527737915516,0.06164584308862686,0.009192057885229588,0.01206589862704277,0.021573430858552456,0.04577893391251564,0.0041128628654405475,-0.011909374501556158,0.04920049011707306,0.00727519515203312,-0.004455843940377235,0.030597767094150186,0.008040461456403136,-0.009316714713349938,0.057065945118665695,0.07409917563199997,0.08881126914639026,0.040815798565745354,-0.008691169321537018,-0.025013496167957783
2025-05-06,0.1571403731359169,-0.057917993515729904,-0.07079446781426668,-0.26637743157334626,0.04237296152859926,-0.05254352418705821,-0.013707623118534684,-0.08067887224024162,0.06294950057053939,-0.16045905277132988,-0.11409602873027325,-0.09417215874418616,-0.04586947523057461,0.009442551890970208,-0.1738029234111309,-0.06720846798270941,-0.06237075530225411,-0.005940377479419112,-0.1330370530486107,0.00705232098698616,-0.024657180532813072,-0.08283497579395771,-0.05299522168934345,-0.042508630314841866,-0.0386413827072829,-0.023041544714942575,-0.15179813466966152,-0.012363815912976861,-0.01137528382241726,-0.06740789953619242
2025-05-08,0.14635403454303741,-0.06475569121539593,0.07061923108994961,0.003355862572789192,0.11163351871073246,-0.09396033361554146,0.11984054581262171,0.010631697718054056,0.03701179288327694,0.18909650668501854,0.07228261604905128,-0.003919212147593498,0.03810016802162863,0.004741951357573271,0.05185656622052193,0.02695707231760025,-0.05711796507239342,-0.0441228412091732,0.12342429533600807,0.15250756219029427,0.068964590318501,0.053593667689710855,-0.050105439499020576,-0.06135331001132727,0.029449744150042534,0.011580889113247395,0.021999466232955456,0.06920167757198215,-0.019600274972617626,-0.018238095566630363
2025-05-12,0.15655053779482841,0.24087680131196976,0.3948545902967453,0.1405544299632311,0.3924484997987747,-0.05149911716580391,0.04729606211185455,0.08017491735517979,-0.07477204874157906,0.30820122733712196,0.27571965381503105,0.03366107330657542,0.15674738213419914,0.013964776182547212,-0.027362767606973648,0.3414067402482033,-0.018030570587143302,0.047879526391625404,0.04889679909683764,0.053156240144744515,0.16175143234431744,0.12837489694356918,0.03155234269797802,0.016449654707685113,0.010689296061173081,-0.012730476446449757,-0.008870243327692151,0.2856101933866739,0.06655412912368774,-0.0035824528022203594
2025-05-14,0.07415087730623782,-0.05346391722559929,-0.011475878302007914,-0.00609100004658103,0.12586654629558325,-0.022936103865504265,-0.020424365997314453,-0.1197123290039599,-0.0027938494458794594,-0.02062361780554056,0.0003576017916202545,-0.015382484067231417,-0.01092563709244132,-0.015443529700860381,-0.3426777459681034,-0.002511410042643547,-0.009565259097144008,-0.003302930621430278,-0.04256974160671234,-0.05457286722958088,0.06259157881140709,-0.02309633418917656,-0.04350846400484443,-0.01694438047707081,-0.01192597026238218,-0.01466308906674385,0.011229007504880428,-0.007843451283406466,-0.019520347472280264,-0.05369579326361418
2025-05-16,0.023009488824754953,0.022309312596917152,0.02020728139905259,-0.14444243046455085,0.029157130047678947,-0.0014592526713386178,-0.02187156304717064,0.004776759771630168,1.1288560926914215e-05,-0.02160804346203804,0.030762670561671257,-0.01322499243542552,-0.05599878542125225,0.0071816421404946595,0.038075985852628946,0.023591305885929614,0.026201751548796892,0.024952526204288006,0.02858214918524027,0.030607149936258793,-0.0049363847356289625,0.03487044386565685,0.007438081316649914,-0.023125375155359507,-0.02572130539920181,-0.043894197791814804,0.06892100255936384,-0.00808344641700387,0.015809004195034504,-0.026570124551653862
2025-05-20,-0.05157320387661457,0.0009952732361853123,-0.011498878244310617,0.00251722801476717,-0.015173109713941813,-0.05945018550846726,-0.004025798290967941,-0.012547775637358427,-0.014399828389286995,-0.06260884180665016,-0.010910501703619957,0.017902991268783808,0.003949274076148868,-0.015590643510222435,-0.0008258945308625698,0.015024388674646616,0.0009903032332658768,0.0013479315675795078,-0.012032881379127502,-0.017847073264420033,-0.00018289347644895315,-0.0364928999915719,0.0182732748799026,0.008484936784952879,-0.052536092858645134,-0.015094895381480455,0.0025359168648719788,-0.031103942776098847,-0.0024042308796197176,0.013305990491062403
2025-05-22,-0.08531493227928877,0.09508984908461571,0.054912006948143244,0.07772361172828823,0.17736745346337557,-0.007077202200889587,0.16067445022054017,-0.0655393076594919,0.0012315372005105019,0.729981018928811,-0.09399024024605751,0.027602587826550007,0.06274109520018101,-0.13070265483111143,0.25052545545622706,-0.08682957873679698,-0.08713599480688572,0.0177442473359406,0.12901980662718415,0.3047924302518368,0.04850703477859497,-0.23864701390266418,0.43073222041130066,0.05288228206336498,-0.02050898317247629,0.24592765778652392,0.12962022796273232,0.1381959289428778,-0.011454186402261257,0.016476918011903763
2025-05-27,-0.010535717010498047,0.018430955708026886,0.014088524505496025,-0.03580164210870862,0.005488453432917595,-0.002057241275906563,0.02756456844508648,0.02647456806153059,-0.016757208853960037,0.053300948813557625,0.015317074954509735,0.0019713155925273895,0.0827596690505743,0.024447227828204632,0.022589639760553837,-0.0005456209182739258,-0.023639676670427434,-0.018725613364949822,0.11099507939070463,0.000788733726949431,0.02631485927850008,0.05368900578469038,0.007554555311799049,0.0015230784192681313,0.04562414065003395,0.07261413149535656,-0.011926358914934099,0.0056065721437335014,0.007617384195327759,-0.015481710433959961
2025-05-29,-0.24884011200629175,0.01632598601281643,0.0029888534918427467,0.03834398090839386,-0.02634828956797719,0.22955099865794182,-0.023035048972815275,-0.31923140678554773,-0.018262830562889576,-0.4166840799152851,-0.05412464868277311,-0.006946761452127248,0.09623378119431436,0.06995609635487199,-0.16667811945080757,-0.03731428529135883,-0.03518510889261961,-0.006287979893386364,-0.05045014526695013,-0.07792307552881539,0.11208573612384498,-0.11017511505633593,0.15034155175089836,0.013302571140229702,0.028971638530492783,-0.05959224607795477,0.244617348027532,-0.2178439167328179,0.06130860233679414,-0.03756169613916427
2025-06-02,0.1873626783490181,0.03243665199261159,-0.09688811330124736,-0.014067120850086212,0.007439379580318928,-0.006703777238726616,-0.029478278942406178,0.042856368236243725,-0.005890240427106619,-0.0025282911956310272,-0.06248971447348595,0.013654830399900675,-0.024770001880824566,-0.05797996185719967,-0.17758488934487104,-0.10386555106379092,0.030598159763030708,0.008651478798128664,-0.06190535053610802,-0.13536491664126515,0.03458050964400172,0.026919930707663298,0.004604777321219444,-0.008246224839240313,-0.0361361694522202,0.006570066791027784,-0.03491204511374235,0.045121632458176464,-0.00014642858877778053,0.05191228166222572
2025-06-04,-0.04526011529378593,0.06922970246523619,-0.024480626918375492,0.0510799172334373,-0.013772787264315411,-0.010776314418762922,-0.04382295624236576,-0.08882327005267143,-0.0032733873231336474,-0.08130122162401676,-0.03350417502224445,-0.031209016335196793,0.028928504325449467,-0.1246763231465593,0.006622627377510071,-0.002393729519098997,0.010122580453753471,-0.011559835635125637,-0.12618947122246027,0.0368051640689373,-0.025590347358956933,0.014057663269340992,0.023210999323055148,0.006321999244391918,0.034337311051785946,-0.034138236194849014,0.07872932171449065,-0.009686173405498266,-0.009823405183851719,-0.03580840956419706
2025-06-06,-0.21093868277966976,-0.13806343916803598,-0.031672801822423935,0.007448074407875538,-0.10548673011362553,0.03503447398543358,0.009516099467873573,0.07508924789726734,-0.1979438979178667,-0.0047342488542199135,-0.12212989199906588,0.014855739194899797,0.03898501396179199,-0.04062576778233051,-0.1366321442183107,-0.06597239524126053,-0.027136292774230242,-0.15644722850993276,0.0061241136863827705,-0.0023061949759721756,-0.14939939882606268,0.03971182834357023,-0.018588127568364143,-0.017462762538343668,0.2198878725321265,-0.028964445926249027,-0.04667564108967781,-0.110347636975348,-0.05435118917375803,-0.24557136371731758
2025-06-10,0.07284058956429362,-0.04668828286230564,-0.01700126612558961,0.2709458973258734,-0.07139627973083407,-0.2179248370230198,0.0439046211540699,-0.03144109807908535,0.0873846784234047,-0.008335918188095093,0.006544605828821659,0.014362342655658722,-0.08217653213068843,-0.016246911138296127,-0.10263601690530777,-0.002143834251910448,0.0005123922601342201,0.0053949421271681786,-0.04871843056753278,0.05213061161339283,-0.1559273530729115,0.08369114436209202,-0.04023899044841528,0.018265694612637162,0.07524573989212513,0.0008280212059617043,0.011761368485167623,-0.017269566655158997,0.04853194020688534,-0.0947887864895165
2025-06-12,-0.20411210553720593,0.0025455262511968613,0.3982908136676997,-0.044618915766477585,0.1950960773974657,-0.07529533002525568,0.2608306063339114,0.11695439461618662,0.16528419591486454,-0.015709634870290756,-0.00953480985481292,-0.06799392774701118,-0.09778932458721101,-0.04758198792114854,0.34113271022215486,0.01629061863059178,0.03432364412583411,-0.01045064302161336,-0.07700986601412296,-0.005560435354709625,0.06333976145833731,-0.1539908261038363,0.05073923151940107,0.0421045464463532,-0.029850464779883623,-0.006646396592259407,-0.2947188913822174,0.008173451758921146,0.0367894908413291,0.09790830872952938
2025-06-16,0.005069494713097811,0.003500903374515474,-0.07379604317247868,0.001956724561750889,-0.04107956122606993,-0.040623221546411514,0.014529120177030563,-0.06731747323647141,0.008064391557127237,-0.08945389650762081,-0.007417486980557442,0.04166005831211805,-0.005800792190711945,0.011584031861275434,-0.02645476534962654,0.036348363384604454,-0.02334079798310995,-0.003541426733136177,-0.03580785542726517,0.03844969626516104,0.003853724803775549,0.017472486477345228,-0.010629992466419935,-0.0011721514165401459,-0.09137235162779689,0.0014099273830652237,0.01936469040811062,0.056562012527137995,-0.016837173607200384,-0.006498146685771644
2025-06-18,-0.016489182598888874,0.019222951377741992,-0.12222229782491922,-0.2959847841411829,-0.14535048557445407,-0.03129390347748995,-0.04202911024913192,0.01622795546427369,-0.13929123966954648,-0.13639378175139427,-0.18088817410171032,-0.04035873897373676,-0.11925473780138418,-0.006900561624206603,-0.03021720051765442,-0.2141131553798914,0.014765334781259298,0.0015490399673581123,-0.15902089839801192,0.020607254467904568,-0.21456567430868745,-0.05580384284257889,0.015659295953810215,-0.05831982125528157,-0.050766224041581154,0.02711600495968014,0.0143910376355052,-0.06476214714348316,0.01636159047484398,-0.02902425080537796
2025-06-23,0.12138241226784885,0.008770011365413666,0.059450135100632906,0.049941823817789555,-0.18775876984000206,-0.019211888313293457,0.18507319688796997,-0.10948467440903187,0.07536350702866912,-0.19971780478954315,-0.1622858103364706,-0.06862609088420868,-0.08370275795459747,0.005107395350933075,-0.5881316661834717,0.12142148241400719,0.00064860749989748,0.14637629874050617,-0.14346211589872837,-0.21152028534561396,-0.010100509971380234,-0.21935904026031494,-0.10121008707210422,0.16078626178205013,0.08671206841245294,-0.0007192911580204964,-0.2818105621263385,-0.05371974315494299,0.0422164648771286,-0.022397693246603012
2025-06-25,0.17343544820323586,0.020748301409184933,0.08711379411397502,-0.04671572707593441,-0.06388933933340013,0.06210893299430609,0.059673444367945194,0.14280315395444632,-0.004677696153521538,0.010515818372368813,0.03369252197444439,0.04893036512658,0.10974980238825083,0.014307968318462372,-0.1194226797670126,0.09748352319002151,0.05650520231574774,0.021307814866304398,-0.06391078885644674,0.10291300993412733,-0.18486859137192369,0.13425507675856352,0.1092456141486764,0.0012917015701532364,0.05732687585987151,0.01074386015534401,0.11886179354041815,0.04830850660800934,0.014121261425316334,0.05411182949319482
2025-06-27,-0.016849692969117314,-0.020862498320639133,0.05565798468887806,0.07923325523734093,-0.2068268833681941,0.0008310321718454361,-0.012817876879125834,-0.031904032453894615,-0.1510918396525085,0.06000645272433758,-0.08771538687869906,0.004173631779849529,-0.19671931024640799,-0.07814909284934402,0.1869525508955121,-0.09184490982443094,-0.08740741107612848,0.008679982274770737,-0.06450523249804974,-0.007478214334696531,0.028936960734426975,-0.20694637298583984,0.059382776729762554,-0.052105266600847244,-0.0032603321596980095,-0.07558887510094792,-0.07306305505335331,0.013135431800037622,-0.14129872852936387,0.0028934916481375694
2025-07-01,0.00459962897002697,0.021615460515022278,0.17303703632205725,0.25256276363506913,0.06921401666477323,-0.1144945016130805,-0.07041574362665415,-0.058420876041054726,0.06004879251122475,0.1024777963757515,0.14770694228354841,0.053917281329631805,0.03142089210450649,-0.05932173877954483,0.5469512976706028,0.08924279094208032,0.037571496330201626,-0.008234456181526184,-0.048575231805443764,0.06379128992557526,-0.052462561056017876,-0.04084998369216919,0.08767973259091377,-0.024275616742670536,-0.028300239704549313,-0.034014244098216295,0.183167465031147,0.017009485396556556,-0.026699933223426342,-0.07801960967481136
2025-07-03,0.06696297088637948,-0.06729774782434106,-0.004124769009649754,0.16571319103240967,-0.006220427807420492,0.0690856222063303,-0.04321311227977276,0.012395860394462943,-0.0016357190907001495,-0.010575600899755955,0.06677512358874083,-0.010518769500777125,0.03041841695085168,-0.08606593403965235,0.06002725660800934,0.0732863936573267,-0.007953811902552843,-0.008636725251562893,0.24524541851133108,0.047460177913308144,0.03003320936113596,0.1172776147723198,0.07625908474437892,-0.012991350376978517,-0.012121292762458324,0.011903631500899792,-0.24577222135849297,0.07280588522553444,-0.01505773258395493,0.1004506447352469
2025-07-08,0.012354920181678608,0.0035861050710082054,0.12143637426197529,-0.0030245110974647105,0.12470195582136512,0.22068207897245884,0.07277119578793645,0.029687058180570602,-0.01615809416398406,0.04302261397242546,0.13466181233525276,0.004171527310973033,-0.009937838418409228,-0.015695936046540737,0.0708828424103558,0.017106197774410248,-0.017399207688868046,-0.01800251705572009,0.047014184296131134,-0.017284611705690622,0.016212718561291695,0.016869720071554184,0.021249148529022932,-0.03003025334328413,-0.015045957639813423,-0.018338804133236408,-0.14943931624293327,0.047743316274136305,-0.005896550137549639,-0.025003506802022457
2025-07-10,0.10400403989478946,0.0032403431832790375,0.08133007027208805,-0.005890062777325511,-0.013160675764083862,0.013724757358431816,0.05728970095515251,-0.14277360262349248,0.06258983351290226,-0.056101429276168346,0.07694132812321186,0.007801772095263004,0.037461722269654274,0.2139201732352376,0.09542207419872284,0.0976039245724678,-0.02234246302396059,-0.005330825224518776,0.079176289960742,0.009754571132361889,0.017839527688920498,-0.054337301291525364,0.015036175027489662,-0.0073175616562366486,-0.1256888034986332,0.042759525356814265,0.040950408205389977,0.06698159733787179,0.008509395411238074,0.0040438417345285416
2025-07-14,-0.1494124447926879,-0.03590830694884062,0.09278029901906848,-0.1046568863093853,0.16986491836723872,-0.008486031088978052,-0.025050108321011066,-0.13630421832203865,0.24659482948482037,-0.21315321698784828,0.2611748743802309,0.06630062944896054,-0.07560402154922485,0.014440511353313923,0.06606826884672046,0.12077232729643583,-0.0064596994780004025,0.0328430556692183,0.1236287821084261,-0.0678649868350476,0.07958486664574593,-0.029587653931230307,-0.10011639446020126,-0.041539862751960754,0.009739620611071587,-0.014695883495733142,0.08324393723160028,0.0033220634795725346,0.07249527767999098,0.052468220703303814
2025-07-16,0.25114971585571766,0.10154146142303944,-0.12275819946080446,-0.318548528739484,0.15363787300884724,-0.06923459516838193,0.10111460089683533,0.01986416755244136,0.029212889727205038,0.28064354369416833,-0.07015047315508127,-0.04703514231368899,-0.02270812215283513,-0.20363566558808088,-0.33626263309270144,-0.12095824466086924,0.011693987296894193,0.03589955344796181,-0.03359286766499281,0.214277527295053,-0.018908081110566854,0.3394991550594568,0.11701428890228271,0.0370412259362638,0.15230696368962526,0.07123533450067043,-0.05268736160360277,-0.05446637235581875,0.04345433467824478,0.04786347481422126
2025-07-18,0.12207283405587077,0.01729696337133646,-0.04535700939595699,0.009539570659399033,0.09944220911711454,-0.04263473208993673,-0.02372694411315024,-0.015217140782624483,-0.0643243845552206,0.11511389631778002,-0.015547126531600952,-0.030706950812600553,0.008081152569502592,-0.09036349970847368,0.06323538906872272,-0.031239408068358898,0.011820264160633087,0.022876465693116188,-0.005529168993234634,0.017833475023508072,0.005393944913521409,-0.020524056628346443,0.012552173342555761,-0.0039067938923835754,-0.00010594096966087818,0.01950398040935397,-0.02845149114727974,-0.0739263161085546,0.004648902453482151,0.002839746477548033
2025-07-22,0.01673367526382208,0.06343018263578415,0.06244773115031421,0.0037269939202815294,0.07740857638418674,0.022642761003226042,-0.005828564055263996,0.03807440563105047,0.03167444281280041,0.12340998649597168,0.04913647938519716,0.04238902032375336,0.03372197551652789,-0.00982620008289814,-0.0051993970409967005,0.03195306158158928,-0.0055211931467056274,0.024550653994083405,-0.002600099891424179,0.006239037960767746,-0.016607817262411118,0.09674033150076866,0.05169930309057236,0.046410659328103065,-0.023767130449414253,0.006914372555911541,0.017096441239118576,6.079883314669132e-05,-0.020184664987027645,0.04667804739437997
2025-07-24,-0.013196242158301175,-0.005537508288398385,-0.000706427963450551,0.04839543625712395,6.88573345541954e-05,-0.17433703842107207,0.0028025615029037,0.08658093586564064,-0.004694839706644416,-0.1917474251240492,0.005701353074982762,-0.010603544069454074,-0.10484723374247551,-0.2231859639286995,-0.01703794114291668,0.0020264374907128513,-0.006765800062566996,-0.02170243114233017,-0.009888669941574335,-0.021419886383228004,-0.06766461208462715,-0.08610470034182072,-0.019734186091227457,0.006733430316671729,-0.025514565408229828,-0.002104249782860279,-0.09193642437458038,-0.01096096239052713,0.07378332735970616,0.012960005784407258
2025-07-28,-0.03863418282708153,-0.01384587213397026,-0.08482609735801816,-0.03248363360762596,-0.043028219253756106,-0.0719939530827105,-0.036458914168179035,-0.1169713968411088,-0.0931843938305974,0.1151989665813744,-0.05182373896241188,-0.013238579500466585,-0.042437046533450484,0.019466659054160118,-0.1911081121652387,-0.06590638647321612,-0.03447631001472473,-0.020846254425123334,-0.06925169564783573,-0.04238314414396882,-0.06357786222361028,-0.044608645141124725,-0.034144618548452854,-0.03653213707730174,0.21857527317479253,-0.047318050637841225,-0.12090911366976798,-0.10102041438221931,-0.04145938530564308,-0.0192240490578115
2025-07-30,0.04355286341160536,0.004596920683979988,-0.03185995388776064,-0.04444007284473628,0.039581731893122196,-0.01862711738795042,-0.04854018706828356,-0.06294548884034157,-0.10926601500250399,-0.03360883519053459,-0.12111939105670899,-0.046932775527238846,0.058955427492037416,0.031225992366671562,-0.10865753563120961,-0.004666555672883987,-0.02838192041963339,0.029501596465706825,-0.10192186757922173,-0.05047430470585823,0.004529158119112253,0.05912998877465725,-0.05396248400211334,-0.05638016574084759,-0.03408248536288738,0.026147585827857256,0.011776446364820004,0.11142352281603962,-0.011941454373300076,0.03853010665625334
2025-08-01,-0.022643452044576406,0.041920741088688374,-0.02233494771644473,0.016080843954114243,-0.06897573173046112,-0.0050053671002388,-0.014805032988078892,-0.03452278138138354,-0.039981964975595474,-0.02987898513674736,-0.04030756466090679,0.01200573006644845,-0.015610460191965103,-0.047333273105323315,-0.07540924660861492,-0.009376194328069687,0.005952239036560059,-0.011871016584336758,-0.022310305386781693,-0.02250551339238882,-0.06733058765530586,-0.022488848713692278,0.009163582988549024,0.002538432367146015,-0.01762848859652877,-0.015305675566196442,-0.06758113019168377,7.629767060279846e-05,-0.01571156014688313,-0.053199364338070154
2025-08-05,0.07260283036157489,-0.002987135201692581,0.08046579034999013,0.07821275480091572,0.04894091887399554,0.016996199265122414,0.011865143664181232,-0.04882160760462284,0.002671673893928528,0.045884886756539345,0.040556545834988356,0.03346606343984604,-0.05662381567526609,0.007776069454848766,0.024639470502734184,0.00971485860645771,-0.0020442070672288537,0.008140476420521736,0.04698132257908583,-0.012315177358686924,-0.0012583956122398376,-0.08659843541681767,0.07566128484904766,-0.026820745086297393,-0.019492626655846834,0.023599861189723015,0.07011397741734982,0.03878804761916399,-0.021418454591184855,0.04337606346234679
2025-08-07,0.001729113981127739,-0.014373865698871668,-0.1213061863090843,-0.09035605099052191,-0.1390057597309351,-0.007675314322113991,-0.03423221595585346,-0.04170516855083406,-0.13082482106983662,0.1415763022378087,-0.11500280629843473,0.12486029113642871,-0.12525459751486778,0.08742161560803652,-0.18099358677864075,-0.05866376310586929,-0.0005948878824710846,-0.018302628013771027,-0.13658536365255713,0.16040877625346184,-0.01995079591870308,-0.032675025053322315,0.16572930943220854,-0.014998109545558691,-0.08734305153484456,-0.04968508053570986,-0.05939980689436197,-0.1329671647399664,-0.03136415593326092,-0.014523561112582684
2025-08-11,-0.008897028863430023,-0.026203465647995472,0.008708815556019545,-0.03376177046447992,-0.016919074580073357,-0.0207652747631073,0.05712196230888367,0.031882005743682384,0.06242764659691602,-0.21014262922108173,-9.96782910078764e-05,-0.0773618429666385,-0.05221377272391692,-0.1626071911305189,-0.0651075579226017,0.02374278218485415,0.02031872607767582,0.05289832316339016,0.031037230975925922,-0.07887752819806337,-0.13424637116258964,-0.017006651498377323,-0.13380104303359985,-0.01505993027240038,0.03342753986362368,-0.11655101552605629,-0.31116098165512085,-0.004542791983112693,-0.021346371329855174,-0.12752764986362308
2025-08-13,0.016629057005047798,0.07341260090470314,-0.038656216114759445,-0.029660886153578758,-0.05132882506586611,-0.006275610998272896,0.0012427028268575668,-0.013326614163815975,0.019490857608616352,0.09825452044606209,-0.07363546453416348,0.037236178293824196,0.04755564220249653,-0.0942712128162384,0.5604234449565411,-0.04737439379096031,0.010947591857984662,0.01442332100123167,-0.03027741890400648,0.046577338129282,-0.02545697893947363,0.013714456930756569,0.042684406042099,-0.01849300740286708,-0.024499902268871665,-0.04431075416505337,0.026327968575060368,0.02421148819848895,0.11300437990576029,0.003032449632883072
2025-08-15,0.15290119173005223,0.024327767780050635,0.040794887114316225,0.11610947735607624,0.057859405875205994,-0.06653296574950218,-0.019893232733011246,0.009488268522545695,0.05029627867043018,0.05380475660786033,0.014766836538910866,0.06394660728983581,-0.015836678561754525,-0.030000426806509495,0.04221232235431671,-0.03896124102175236,-0.01785294571891427,-0.01272327546030283,0.08211239613592625,0.008766699582338333,0.048186490312218666,0.07730621937662363,0.11610616056714207,-0.018343552015721798,0.005398009670898318,-0.054072839207947254,0.23424216359853745,-0.03678930574096739,0.0008156932890415192,0.03370518144220114
2025-08-19,-0.0676769595593214,0.008810600033029914,-0.004534936277195811,-0.018664294853806496,-0.02104177698493004,0.02667173370718956,-0.011229791678488255,-0.017167690210044384,-0.0505232815630734,-0.18710300605744123,-0.016236549010500312,0.03529634699225426,0.000128089333884418,-0.001389543991535902,0.00912247970700264,-0.0003451185766607523,0.018088115146383643,0.003851447720080614,0.21168940141797066,-0.07630409114062786,-0.02793879061937332,-0.008570376550778747,0.009789625415578485,0.015622046077623963,-0.013725383905693889,0.009467456955462694,-0.03299992997199297,-0.052119288651738316,0.010872157523408532,0.019901045598089695
2025-08-21,0.02100677415728569,-0.005782224703580141,-0.043525751563720405,-0.00045012589544057846,-0.03312584897503257,0.019387350184842944,0.04617848072666675,0.023582763969898224,-0.019114843104034662,-0.03896011412143707,-0.2017408055253327,0.03075274545699358,-0.05559647374320775,0.04506776388734579,0.13682379783131182,-0.16041417652741075,0.01714312203694135,0.005744570575188845,-0.01725910510867834,0.07412824593484402,0.04443121887743473,-0.04471512930467725,0.030846744775772095,-0.011538495775312185,-0.18937687284778804,-0.17238831147551537,0.012435313663445413,0.042395384632982314,0.0368137372424826,0.023578520864248276
2025-08-25,-0.3528238134458661,-0.16212743148207664,0.09399707708507776,0.06370131764560938,-0.11462870752438903,-0.015073275193572044,-0.053399955155327916,0.03656802393379621,0.09676532912999392,-0.012348512187600136,0.07851365953683853,-0.028226586990058422,-0.04415335599333048,-0.044630175456404686,0.15032029803842306,0.08973626140505075,0.060785289853811264,-0.13005204941146076,0.019186103716492653,-0.09210696443915367,-0.04008624283596873,0.0365684675052762,-0.058265628293156624,-0.04735809937119484,-0.02774465265974868,-0.03352132439613342,-0.021352576091885567,0.020516830729320645,0.04147872794419527,-0.13325967080891132
2025-08-27,-0.059898048639297485,-0.009023770224303007,-0.002782179042696953,-0.005208533955737948,-0.06454485491849482,0.05420547351241112,-0.01182902930304408,-0.02920677326619625,0.04854622343555093,-0.15275931358337402,-0.02952968282625079,-0.06641294748988003,-0.014470402151346207,0.014471106231212616,-0.20762823149561882,-0.02290588803589344,0.00983458140399307,-0.015640979632735252,0.0006615233432967216,-0.010968591086566448,0.0025895386934280396,0.017632913310080767,-0.1089998409152031,0.0019349358044564724,-0.01309012109413743,-0.003706010989844799,0.1591068198904395,-0.0008334952872246504,-0.04191447235643864,-0.01941224603797309
2025-08-29,-0.048046519281342626,0.007486213464289904,-0.004937613382935524,-0.05535068083554506,-0.051694080233573914,-0.007581236772239208,-0.012917267624288797,-0.0011819666251540184,0.015425979625433683,-0.022367309778928757,-0.057297533843666315,-0.012505571357905865,-0.01006633322685957,0.0008360147476196289,-0.13994268514215946,-0.0015386309241876006,0.013799546752125025,0.0078007131814956665,-0.04053927306085825,0.0022515272721648216,-0.015182395931333303,0.016208387445658445,-0.016502256505191326,0.015650263521820307,-0.06622678227722645,0.006622231099754572,-0.10746086202561855,-0.019678644835948944,-0.025634453166276217,0.01020448375493288
2025-09-03,0.00453614816069603,-0.02613628376275301,-0.017354644369333982,-0.005597708746790886,0.08171930490061641,0.009301585610955954,0.050819910946302116,0.04592965729534626,0.006106492131948471,0.033757878467440605,0.026939341420074925,-0.02404445968568325,-0.0020638424903154373,0.031781396828591824,-0.06008008308708668,0.05066133354557678,0.011774528189562261,0.011917430674657226,-0.0032493779435753822,-0.10458168014883995,0.03867653015186079,-0.09603293053805828,-0.014362803660333157,-0.01748403103556484,0.08003157598432153,0.041374447755515575,-0.0388368796557188,0.006673278985545039,0.055657900869846344,0.02861524373292923
2025-09-05,-0.09057857672451064,-0.2244690265506506,-0.04791156481951475,-0.19105794932693243,-0.20561142172664404,-0.02067752368748188,-0.08830177411437035,0.042401161044836044,-0.22115238662809134,-0.17085889168083668,-0.1308325957506895,-0.1167429443448782,-0.09156376216560602,0.007176477927714586,0.22846318827942014,-0.0842902772128582,0.10014097345992923,0.03352010063827038,-0.05946399609092623,-0.09806443005800247,-0.1479979120194912,-0.07943086139857769,0.12480660062283278,0.1510805138386786,0.035838124342262745,-0.10533806215971708,-0.2057251650840044,-0.1378576159477234,0.20213237637653947,0.07222545892000198
2025-09-09,-0.018997981678694487,0.008454471593722701,-0.10448145610280335,-0.08386926958337426,-0.0023050708696246147,0.029516367008909583,-0.014430658891797066,-0.05691822851076722,-0.1457253908738494,-0.049022512044757605,-0.052594225853681564,-0.008058182895183563,0.008628604002296925,-0.04869776777923107,-0.30023983074352145,-0.10336785949766636,0.0053904736414551735,0.0039913145592436194,-0.05785241164267063,0.008833440952003002,0.024361338058952242,0.025920396205037832,-0.0066670882515609264,-0.0004159207455813885,-0.07488879933953285,-0.16215398628264666,0.05153847858309746,-0.0008085677400231361,0.011734330095350742,-0.06485265195806278
2025-09-11,-0.25591855589300394,0.008941619656980038,-0.18901260010898113,0.010343335568904877,0.14688303135335445,0.0012602023780345917,-0.08357108850032091,-0.04323896230198443,0.23366962652653456,-0.056795619428157806,0.18934199213981628,-0.009130103513598442,-0.08768356218934059,-0.2161773662082851,0.012861092109233141,0.2348782755434513,-0.009485085727646947,-0.023501918651163578,-0.06846622750163078,0.035993169993162155,-0.07486746949143708,-0.08309275284409523,0.01544919889420271,-0.04598624538630247,-0.05650045722723007,-0.029584283009171486,-0.018171368166804314,-0.12579818442463875,0.10412867832928896,-0.03182370588183403
2025-09-15,-0.0738960774615407,-0.07737674238160253,0.24098655954003334,-0.07683162536704913,0.067305956967175,0.005132816964760423,-0.1258733868598938,0.2617392537649721,0.15212398278526962,-0.2722918577492237,0.12070284876972437,0.026930239404464373,-0.2614949740236625,0.04677568469196558,0.03563004732131958,0.1407252810895443,-0.06592899607494473,-0.019740301184356213,0.08575846813619137,-0.23347712587565184,0.05638421233743429,0.2310855955001898,0.045039876364171505,0.014455412980169058,-0.0906145479530096,-0.020431787706911564,0.35066605545580387,0.07760514679830521,-0.08892256952822208,-0.05429693777114153
2025-09-17,0.06892659910954535,0.017419273499399424,0.049461325630545616,0.050196344149298966,0.04605621285736561,0.022736129350960255,0.033128528855741024,0.03858590195886791,0.043677987065166235,0.012348408810794353,0.043351372703909874,0.0570575762540102,0.02135027665644884,0.02408676967024803,0.05828012712299824,0.039842777885496616,0.029885142110288143,0.016991903074085712,0.007340487092733383,0.012084426125511527,-0.010586253716610372,0.059115984477102757,0.058898864313960075,-0.0029072538018226624,0.033907115226611495,0.03477276396006346,0.35264170030131936,0.02434680238366127,0.026804005727171898,0.019948886707425117
2025-09-19,0.011167801916599274,0.018384575843811035,-0.021973808063194156,0.2344171568583988,-0.02126252226298675,0.007182340137660503,-0.017837144434452057,-0.037058815360069275,-0.029985769651830196,-0.04641471058130264,-0.019505261327140033,-0.02465962152928114,-0.024319246876984835,-0.015093719121068716,-0.05328342691063881,-0.01800457527860999,-0.01749457497498952,-0.013133880216628313,0.00609796866774559,-0.043862521211849526,0.0007411185652017593,-0.032674992457032204,-0.025344095658510923,-0.02469469513744116,0.008427929482422769,-0.018178196158260107,0.0045453328639268875,-0.043903096579015255,-0.019963255617767572,-0.032697142101824284
2025-09-23,0.03667621547356248,-0.022199278697371483,-0.05928810581099242,0.07533080130815506,0.018125671427696943,-0.0575883723795414,-0.03058125707320869,0.04097725823521614,0.044698605546727777,0.1903719576075673,0.03320048056775704,0.05797952273860574,0.024014287977479398,-0.07867426285520196,0.00814780592918396,-0.02041941398056224,0.00012193433940410614,-0.027281752205453813,0.01578422077000141,-0.1681325058452785,-0.0361104654148221,0.003348391968756914,0.08796586375683546,0.0510314772836864,-0.029788502026349306,0.05176302749896422,0.002661433070898056,-0.051565222442150116,-0.02228856459259987,0.0975618427619338
2025-09-25,0.03179777227342129,0.02639707177877426,-0.03405626828316599,0.03610388841480017,-0.016147605143487453,0.022069016471505165,0.10215249378234148,0.11444587353616953,0.05138442665338516,-0.12187115103006363,0.03844307060353458,-0.07602671626955271,0.023820210248231888,0.0766882635653019,-0.04474911093711853,0.09063902301568305,-0.006438794080168009,0.03193780733272433,-0.057450683787465096,-0.1096270177513361,-0.044788280967622995,0.03999839350581169,-0.07719019055366516,0.0015977297443896532,0.053513078950345516,-0.09627702552825212,0.027475547045469284,-0.0010545095428824425,0.0421133772470057,-0.022376544075086713
2025-09-29,-0.09750575106590986,-0.006065163062885404,0.0001290544169023633,0.14951751194894314,0.018366064876317978,0.12722622184082866,0.02101563662290573,0.005854368209838867,0.029597450979053974,0.05937278107739985,-0.07004484394565225,-0.20673036854714155,-0.005660315975546837,-0.03185321018099785,0.2625569347292185,-0.009215221623890102,0.011161394882947206,0.013984543271362782,0.05371473729610443,0.028695524320937693,0.049975113943219185,0.003802630817517638,0.013751958729699254,0.020755380392074585,-0.029713298892602324,0.04536096099764109,-0.0907520093023777,0.05522369872778654,-0.029975139535963535,0.05464214680250734
2025-10-01,0.011792642762884498,0.032495031133294106,-0.02765029761940241,-0.021151961060240865,0.08197068190202117,-0.05409818282350898,0.06814318941906095,-0.028901522513478994,0.0265572527423501,0.031264365185052156,0.057798732072114944,-0.020307695493102074,0.008116592303849757,-0.007559827528893948,0.06952277291566133,0.0010240590199828148,-0.023031916934996843,-0.04746952373534441,0.013495233375579119,0.05000181123614311,0.041147550102323294,0.10972804576158524,0.04893162474036217,0.021888153161853552,0.006959474354516715,-0.03557869838550687,-0.2915182514116168,0.039872679859399796,-0.029981001280248165,-0.03424303978681564
2025-10-03,0.03288596239872277,-0.03665974934119731,0.04381407838081941,0.018059867899864912,0.013681936077773571,0.012324497569352388,0.004421226243721321,-0.04466100875288248,0.0018932034727185965,-0.0252259592525661,-0.017591764219105244,0.018565387828857638,-0.019240505062043667,-0.018893133848905563,-0.1563794268295169,0.009206847986206412,0.023011735640466213,0.012158130761235952,0.02293119241949171,0.003646743018180132,0.007243407657369971,-0.007287107408046722,0.00709529547020793,0.0017247911309823394,0.019683733902638778,0.03645060397684574,-0.7132628355175257,0.06840657815337181,0.015624831430613995,-0.006640542531386018
2025-10-07,-0.007037794159259647,-0.03465327061712742,0.008517755195498466,0.045826829969882965,-0.06137756258249283,0.014357846230268478,0.0131458934629336,0.03098338795825839,0.0024239784106612206,-0.06972415745258331,0.01546663697808981,0.012599012814462185,0.014366364404850174,-0.0024561434984207153,0.09250692091882229,0.0297012641094625,0.007258168188855052,0.007382569718174636,-0.01860233093611896,0.0034568430855870247,0.04428265243768692,-0.015934254974126816,0.0044010658748447895,0.010935357538983226,0.05337550234980881,0.01978691853582859,0.09034751914441586,0.06093111727386713,0.011445639829616994,0.04131458653137088
2025-10-09,0.04881712794303894,0.061258349334821105,-0.06886235496494919,0.05585047975182533,0.04754431638866663,-0.03770683705806732,-0.03561759693548083,0.03613338619470596,0.0708269327878952,-0.045324064791202545,0.019738432951271534,0.06126907654106617,0.028139522299170494,-0.02171343518421054,-0.026137826964259148,0.04722803458571434,-0.0023235357366502285,0.003299349918961525,-0.005130220204591751,0.058453590609133244,0.04376381589099765,0.039647581055760384,-0.014329308643937111,0.04267237475141883,-0.05322054401040077,-0.008758379146456718,0.2842343021184206,0.003077669069170952,-0.08833026140928268,-0.0197262866422534
2025-10-13,-0.043253165669739246,0.009949432220309973,0.0013310667127370834,0.016888788901269436,0.1609413828700781,-0.05867177061736584,-0.004934317898005247,0.021107035223394632,-0.0007790513336658478,-0.016407974064350128,-0.005303593352437019,0.016460314393043518,0.04340420849621296,-0.10698195407167077,-0.03173903934657574,-0.00011817365884780884,-0.011675727786496282,0.012539041228592396,0.0030410699546337128,-0.0060834737960249186,-0.024559879209846258,-0.04166940227150917,0.00013605342246592045,-0.012650251388549805,0.009421857073903084,0.003118037828244269,0.013822341337800026,0.010839650756679475,0.0012690634466707706,-0.003714862046763301
2025-10-15,-0.03456993494182825,-0.0005996190011501312,-0.05488705914467573,-0.0531417231541127,-0.09059243556112051,-0.1422562776133418,0.10683865379542112,0.08039172133430839,0.09864051872864366,0.130796710960567,0.07826638920232654,0.033634169842116535,0.1481883954256773,-0.06347545236349106,-0.15273559466004372,0.14089027419686317,-0.046335294377058744,0.03857511770911515,0.07062212144955993,0.010269999969750643,0.119243045541225,0.20292294770479202,0.09281453536823392,0.0008311290293931961,0.02137784007936716,-0.11703705787658691,0.03394123143516481,0.016343666706234217,0.04782410990446806,0.038875771686434746
2025-10-17,0.06341078691184521,0.09587693866342306,0.07674387004226446,0.07199394796043634,0.04221464693546295,-0.002788528800010681,0.02758602425456047,-0.001704503782093525,0.1072566406801343,0.10419838095549494,-0.03498515300452709,0.022360162809491158,0.024557725409977138,0.16442503035068512,-0.31116247875615954,-0.013812483055517077,0.01386469416320324,0.018742860294878483,0.12288366258144379,0.13961128424853086,0.0017148884944617748,0.02464851178228855,0.08899250254034996,0.022951518185436726,0.023146068211644888,0.00023978669196367264,0.024731240424443968,0.037956131622195244,0.01963075390085578,0.009309995919466019
2025-10-21,-0.017155714565888047,-0.02208112273365259,-0.02868163213133812,0.1904279333539307,-0.03341579344123602,0.0142294242978096,-0.04423082270659506,-0.09912874782457948,0.003679513931274414,-0.015513727441430092,-0.012427005916833878,-0.0150450742803514,-0.0063512083142995834,-0.02773806732147932,-0.018095034116413444,-0.015179429203271866,0.015096981078386307,-0.00367565278429538,0.07776392810046673,-0.0010697627440094948,-0.0035060372902080417,-0.09115631598979235,-0.001895247958600521,-0.0425047583412379,0.09150075539946556,0.02413382288068533,-0.13326505129225552,-0.012949306517839432,-0.030173770152032375,-0.027510821353644133
2025-10-23,-0.030071588698774576,0.016864875331521034,-0.03148221131414175,0.02329363953322172,0.0026409542188048363,-0.13012816850095987,-0.06568412203341722,0.027214993257075548,-0.05852381157455966,0.07227613404393196,-0.06677150540053844,-0.04325197543948889,-0.023355543613433838,0.017529874108731747,-0.2510628029704094,0.02088209753856063,-0.024028543382883072,0.031068875454366207,-0.0010582394897937775,0.046290574595332146,0.0142555987185915,0.03609379753470421,0.06990790273994207,-0.020224308151227888,-0.0008867988362908363,-0.07863025018014014,-0.09333708579652011,0.020094161271117628,-0.027959506027400494,0.08918180037289858
2025-10-27,-0.08912716619670391,-0.05171858565881848,0.027062523178756237,-0.03844522451981902,-0.029333585873246193,0.11174529581330717,-0.01588139310479164,-0.02676573710050434,0.05834640562534332,-0.09224717319011688,0.05164964357391,0.05093450238928199,0.07902180310338736,0.0802739430218935,0.40407516062259674,0.028071967884898186,0.02538328245282173,-0.019093628972768784,-0.08552009949926287,-0.02320211660116911,-0.10807079263031483,0.1944819656200707,-0.06964293960481882,0.021927386987954378,0.02436328143812716,0.03523836634121835,-0.46074277721345425,-0.022313690278679132,0.05894077103585005,0.16433189436793327
2025-10-29,-0.05107576656155288,-0.10881352622527629,0.02053871937096119,-0.09689104557037354,0.14337516576051712,0.0007544383406639099,0.007267799228429794,-0.02563317632302642,-0.16599825490266085,0.2712986320257187,-0.2956708036363125,0.015677854418754578,0.1571164415217936,0.10510139353573322,-0.5301791680976748,-0.03484041662886739,0.01287786290049553,-0.055187116377055645,0.0927689503878355,-0.2272563292644918,-0.06945784023264423,-0.15408990532159805,0.022626754827797413,0.0038100332021713257,0.013962977565824986,0.24956826854031533,-0.14686593785881996,-0.001542888581752777,0.007539631798863411,0.04503625212237239
2025-10-31,0.0020707484800368547,0.047521740198135376,0.021405395586043596,-0.01915475307032466,0.005840561352670193,0.022937875241041183,-0.01383939734660089,0.03336386801674962,-0.0019242595881223679,0.027777052484452724,0.012687859241850674,0.003249593486543745,0.0015134629793465137,-0.024887923151254654,0.021882716566324234,0.01724688382819295,-0.013346982887014747,-0.029582184739410877,0.017137593735242262,0.01502130157314241,-0.027581392787396908,-0.005023292847909033,0.03629929106682539,0.00212110485881567,-0.00601790938526392,0.005710001103579998,-0.020907975733280182,-0.019544364884495735,0.05676224082708359,-0.012902474496513605
2025-11-04,0.011214153375476599,0.026019410463050008,-0.03949481388553977,-0.053952351212501526,-0.027924572117626667,-0.022375617176294327,-0.08323908783495426,-0.019146419130265713,-0.018718226812779903,-0.14783373847603798,0.014152780175209045,0.0065705738961696625,-0.014821498654782772,-0.06567379832267761,-0.03593040630221367,0.013109876395901665,0.008609121665358543,0.013824074063450098,-0.015292836353182793,0.04576103761792183,-0.022529243491590023,-0.11750609055161476,0.013301841914653778,-0.0026434496976435184,-0.0500589394941926,-0.0020157359540462494,-0.00696954969316721,0.053116507828235626,-0.05690650921314955,-0.009745696559548378
2025-11-06,0.005115223000757396,-0.051830810494720936,0.035716347105335444,-0.041050036903470755,-0.0198996071703732,-0.008084964007139206,0.009624834172427654,0.00396550795994699,-0.014887782745063305,0.06353102438151836,0.0243652849458158,0.0352571215480566,-0.0032123508863151073,0.08188578672707081,-0.024120167829096317,-0.004560979548841715,0.025409613735973835,-0.025000656954944134,0.026708936784416437,-0.05688443221151829,-0.031024199910461903,-0.04563836310990155,-0.019279802218079567,0.030318456003442407,0.015819009859114885,0.004546837415546179,-0.1746421791613102,-0.015718460083007812,-0.011171212419867516,0.013139430433511734
2025-11-10,-0.01151850400492549,0.021316305734217167,0.01858004042878747,-0.03926486417185515,0.0439401026815176,0.002244762610644102,0.038983230479061604,-0.007870068773627281,0.025813966989517212,0.0694899745285511,0.04615201707929373,-8.587015327066183e-05,0.010207961313426495,-0.01060323603451252,-0.20080679934471846,0.02656525932252407,-0.00896186547470279,-0.010479191318154335,0.01592364441603422,0.03966349037364125,0.006183621473610401,-0.0036750687286257744,0.014230955275706947,-0.01443861797451973,0.012782259844243526,-0.04498510714620352,0.025136105716228485,-0.03971472615376115,0.03086171532049775,0.012391412863507867
2025-11-12,-0.0012371223419904709,0.06000873539596796,0.06882498227059841,0.0330964740132913,-0.07345762848854065,-0.02338202064856887,-0.014091519638895988,-0.059695664793252945,0.034942674450576305,0.09974363166838884,0.06191829405725002,-0.042610812932252884,0.010541085619479418,-0.04212833987548947,-0.04830020127701573,0.026558510959148407,-0.028784449445083737,-0.017180600436404347,0.04524201154708862,-0.06761293765157461,-0.012226729188114405,0.11681597866117954,-0.020844537764787674,-0.028524540830403566,0.06201413366943598,-0.03373843009467237,0.21045859530568123,0.006393801770173013,-0.0481089330278337,-0.03181570768356323
2025-11-14,0.008608783828094602,0.002610504161566496,-0.021135173039510846,-0.003303026605863124,0.0012460538418963552,0.00811039563268423,0.0053571537137031555,0.018065519630908966,-0.014289792394265532,-0.005061825038865209,-0.021558319218456745,-0.02804361004382372,0.0057101723505184054,-0.0009129198733717203,-0.011981934309005737,-0.01856636698357761,-0.002955322270281613,-0.0018738022772595286,-0.025531593710184097,0.0025742996658664197,0.014679909567348659,-0.027209992054849863,-0.026296932017430663,0.0015491005033254623,0.03321830276399851,0.0001943302049767226,-0.0216626999899745,0.046885814517736435,0.0009445665637031198,0.0011746955569833517
2025-11-18,0.11420695980632445,-0.10311842383816838,-0.004895402933470905,0.089647451415658,-0.04046185500919819,-0.02111798245459795,0.06404344458132982,-0.019416494062170386,-0.0262109967879951,0.18308869283646345,-0.06524541997350752,-0.08660051971673965,0.030896492302417755,-0.16871367767453194,0.04488310310989618,0.01699447026476264,0.021988854277879,-0.007130555575713515,-0.09632091061212122,0.01414262130856514,-0.02645853254944086,-0.039845009334385395,0.03261849470436573,-0.026775255799293518,-0.0001167813315987587,-0.035518717020750046,-0.01795122679322958,-0.24851340427994728,0.01787910796701908,-0.017657846212387085
2025-11-20,-0.01949561294168234,-0.027473416179418564,-0.008274347521364689,-0.044896178878843784,0.013567743822932243,-0.0211307592689991,-0.04399222508072853,-0.011946016224101186,-0.019163289107382298,-0.034684402868151665,-0.02469128929078579,-0.014368774369359016,-0.01980290561914444,-0.00013264454901218414,-0.05698303785175085,-0.01985493442043662,-0.00487099785823375,-0.0024408739991486073,-0.01832832582294941,0.0008864752599038184,-0.0285336896777153,-0.027832524850964546,-0.03216047026216984,0.002516229171305895,0.0012825331650674343,0.002665103878825903,0.015309386886656284,-0.010325818904675543,-0.01925679948180914,0.05102319177240133
2025-11-24,0.007595793344080448,-0.013638953678309917,0.0010543027892708778,-0.00695732026360929,0.01684120064601302,-0.006401341990567744,0.0035547856241464615,0.0007499195635318756,-0.023764534620568156,-0.051567574962973595,0.028941205702722073,-0.03488226793706417,-0.0200862898491323,0.03579186834394932,0.3129713013768196,-0.0030926072140573524,-0.007715908344835043,-0.02454954758286476,0.00736564677208662,0.024939550668932498,0.0005525434389710426,-0.05513868294656277,0.0028532901778817177,-0.030977359972894192,0.015167305245995522,-0.01290692645125091,-0.0030479266279144213,-0.000927420798689127,-0.03486157115548849,0.0037606824189424515
2025-11-26,-0.0026064713019877672,0.03816379886120558,-0.03779909270815551,-0.016650253906846046,0.019617727026343346,-0.042314620688557625,-0.005849916720762849,-0.02735330769792199,-0.011313915601931512,0.023412037640810013,0.013106107711791992,-0.005955267697572708,-0.045010704547166824,-0.020204105880111456,0.03731292858719826,0.1191235426813364,-0.015405640937387943,0.04189784359186888,-0.02703834418207407,0.11039572115987539,-0.004014076665043831,-0.0038468623533844948,0.056282628094777465,0.004289041389711201,0.07471121195703745,-0.021870287833735347,-0.014127531088888645,-0.0628931256942451,0.00046665873378515244,-0.022946713492274284
