period,commodities:GC=F,commodities:HG=F,commodities:SI=F,dow30:AAPL,dow30:AMGN,dow30:AXP,dow30:BA,dow30:CAT,dow30:CRM,dow30:CSCO,dow30:CVX,dow30:DIS,dow30:DOW,dow30:GS,dow30:HD,dow30:HON,dow30:IBM,dow30:INTC,dow30:JPM,dow30:KO,dow30:MCD,dow30:MMM,dow30:MRK,dow30:MSFT,dow30:NKE,dow30:PFE,dow30:PG,dow30:RTX,dow30:TRV,dow30:UNH,dow30:V,dow30:VZ,dow30:WMT
2025-01-02,0.01123286783695221,0.0006270129233598709,0.023292580619454384,-0.026586167514324188,-0.0052316319197416306,0.005510500632226467,-0.029411382973194122,-0.008276453241705894,-0.011037727817893028,-0.0016906586242839694,0.012828177772462368,-0.004771109204739332,-0.014558562077581882,0.0040955073200166225,-0.0013634649803861976,-0.0016393153928220272,0.0005002337857149541,0.00844306405633688,0.0012089693918824196,-0.0067686825059354305,0.008997385390102863,0.004714294336736202,-0.003121139481663704,-0.006951681338250637,-0.026785992085933685,0.0030109172221273184,-0.010011267848312855,0.0025029019452631474,0.0,-0.002672316273674369,-0.005202773492783308,0.0054862163960933685,-0.0038813259452581406
2025-01-06,-0.0024984295014292,0.02142973430454731,0.017823152244091034,0.006716436706483364,-0.010119156911969185,-0.003967007156461477,0.005166178569197655,0.001126387738622725,-0.00714486138895154,-0.0015302506508305669,-0.003998600412160158,-0.0009900396689772606,0.008843941614031792,0.005603956524282694,0.0004882093344349414,-0.02132762409746647,8.984363375930116e-05,-0.034136317670345306,-0.004887321498245001,-0.015339748933911324,-0.008859273977577686,0.003228716319426894,0.005833159666508436,0.010573391802608967,-0.018030976876616478,0.011219286359846592,-0.027816198766231537,-0.015393597073853016,-0.0016935823950916529,0.0013051367131993175,-0.005955904256552458,-0.01627672277390957,0.007134568877518177
2025-01-08,0.002931690076366067,0.015975521877408028,0.0001641787530388683,0.0020209273789077997,0.008170781657099724,0.0027444090228527784,-0.004357052501291037,-0.005331038497388363,0.006044514011591673,0.004571197088807821,0.004735066555440426,-0.01474143099039793,-0.012511301785707474,-0.0001723251334624365,0.007700052578002214,-0.002087170723825693,-0.00348901329562068,-0.006518001202493906,-0.000164484852575697,0.014198561199009418,-0.008468578569591045,0.013168678618967533,-0.011649386025965214,0.005171673372387886,-0.01115917693823576,-0.010001908987760544,0.0049475133419036865,0.0097088273614645,0.004499957896769047,0.019774150103330612,0.0029794503934681416,0.0005137254483997822,0.010842887684702873
2025-01-13,-0.013006500899791718,0.004900805652141571,-0.03269226476550102,-0.010398083366453648,0.029903287068009377,0.012603462673723698,-0.00834866426885128,0.03223824128508568,0.0038309728261083364,0.0003403657174203545,0.01432821061462164,-0.005260024685412645,0.02993692085146904,0.005254014860838652,-0.0018228988628834486,0.004161925986409187,-0.010751662775874138,0.002607623115181923,0.01793142966926098,0.00945252738893032,0.004664827603846788,0.025508295744657516,0.01728065498173237,-0.004209801089018583,0.012283796444535255,0.0029895396437495947,0.0017642619786784053,0.02259053848683834,0.003864660393446684,0.038523126393556595,-0.0025706382002681494,0.008165430277585983,-0.01593261957168579
2025-01-15,0.012987195514142513,0.011303415521979332,0.03863722085952759,0.019484931603074074,0.006865135859698057,0.03904663771390915,-0.0049217273481190205,0.008895431645214558,-0.007383311167359352,0.010896035470068455,0.009072949178516865,0.0005546924076043069,0.007952280342578888,0.058431003242731094,0.03332507237792015,0.004748409613966942,0.010416383855044842,0.026722995564341545,0.01952769048511982,-0.004361559171229601,0.0025536026805639267,0.004145801533013582,0.004405646119266748,0.02527507394552231,-0.0014060348039492965,-0.007220220286399126,-0.0005636313580907881,-0.003185800276696682,0.012790891341865063,-0.0005887049483135343,0.022995369508862495,-0.0026157046668231487,0.006039567291736603
2025-01-17,-0.0007648764876648784,-0.016689905896782875,-0.01831214502453804,0.007506991736590862,0.009897798299789429,0.003461261745542288,0.012705327942967415,0.014271647669374943,0.014149334281682968,0.00683051161468029,0.01302807591855526,0.005246372427791357,0.0041510192677378654,0.020905863493680954,0.00012225445243529975,-0.0004942812374792993,0.009520702064037323,0.08849306404590607,0.019049029797315598,0.0073623573407530785,0.0043161665089428425,0.013204465620219707,-0.02799498848617077,0.01042655948549509,-0.003804251551628113,-0.0071983360685408115,0.003917458932846785,0.005381445400416851,-0.01182846911251545,-0.001626969431526959,0.007442638743668795,0.011410930193960667,0.006985424552112818
2025-01-22,0.00456311134621501,-0.009204786270856857,-0.002302175387740135,0.005330669227987528,-0.004997963551431894,0.01343336421996355,-0.00433837017044425,-0.001884559402242303,0.017529888078570366,0.009783211164176464,-0.011632147245109081,0.0010115036275237799,-0.01844710111618042,-0.003171557327732444,-0.02010851912200451,-0.008836201392114162,-0.0044691963121294975,0.004125614184886217,-0.0007226894376799464,-0.010306037962436676,-0.004468341823667288,0.01506721880286932,-0.005835792049765587,0.04047657921910286,0.011820055544376373,-0.023932702839374542,0.018502097576856613,-0.010954409837722778,0.031121311709284782,-0.010089078918099403,-0.0002164543402614072,-0.001795635442249477,0.0016103528905659914
2025-01-24,0.005125977098941803,-0.0022120100911706686,0.011346087791025639,-0.003942302893847227,-0.008892030455172062,-0.013998747803270817,-0.01376376859843731,0.0030220337212085724,-0.0023333278950303793,0.0,-0.002310342388227582,0.010035932995378971,-0.002414384391158819,-0.004073823802173138,0.00026535469805821776,-0.018561795353889465,-0.005500798113644123,-0.0349091961979866,-0.00418263440951705,0.006318413652479649,0.0036147639621049166,-0.0013375949347391725,-0.011239595711231232,-0.005949834827333689,-0.009738934226334095,0.0030710494611412287,-0.00621390575543046,-0.0077902087941765785,0.001448260503821075,0.0051587047055363655,0.0060448432341217995,0.009146354161202908,0.010076017118990421
2025-01-28,0.010646340437233448,0.004036140162497759,0.015513326041400433,0.03589216247200966,-0.00940976943820715,0.0019574167672544718,0.01484696101397276,-0.01194510143250227,0.03635206073522568,0.005906605161726475,-0.006508221384137869,-0.010643993504345417,-0.011999045498669147,0.007112134713679552,-0.014318027533590794,-0.02244664542376995,0.006803158670663834,-0.02444629929959774,0.004840598441660404,-0.023925811052322388,-0.0066412403248250484,-0.0007923302473500371,-0.005015761125832796,0.028671929612755775,-0.01587020419538021,-0.004103682469576597,-0.02066478133201599,0.026047248393297195,-0.010331558994948864,-0.0019154218025505543,-0.00017943904094863683,-0.005922919139266014,-0.001129905111156404
2025-01-30,0.01927775703370571,0.007138274610042572,0.03541131317615509,-0.007422295399010181,0.008272879756987095,0.011668330989778042,0.033242933452129364,-0.04752203822135925,-0.029906081035733223,0.015331105329096317,0.004038387909531593,0.002118002623319626,-0.0628347247838974,0.01296901609748602,0.0026088282465934753,0.01352490484714508,0.12190037965774536,0.013078669086098671,0.006170571316033602,0.019231269136071205,0.0007236622623167932,0.018697042018175125,0.006794092245399952,-0.06380172818899155,0.022594690322875977,0.010835106484591961,0.007073675747960806,0.030304085463285446,-0.001724902307614684,0.01378671545535326,0.02112211100757122,-0.020314037799835205,0.01172588113695383
2025-02-03,0.007580053061246872,0.007480180822312832,0.008183552883565426,-0.03444231301546097,0.012014782056212425,-0.0029022637754678726,-0.003689150558784604,-0.026987014338374138,-0.00722547760233283,0.007234436925500631,0.0010050437413156033,0.008279796689748764,-0.043706849217414856,-0.012618388049304485,-0.007846588268876076,-0.005872715730220079,0.019480545073747635,-0.00257671601139009,-0.0018348662415519357,-0.0020500447135418653,0.004665072076022625,-0.014293553307652473,0.009768020361661911,-0.010024605318903923,-0.004039384890347719,-0.012139719910919666,0.016549905762076378,0.007494092918932438,-0.0023683519102633,0.010434011928737164,0.011692695319652557,0.014867306686937809,0.01396066416054964
2025-02-05,0.006393163464963436,0.02096465229988098,-0.0009430997888557613,-0.0014184979954734445,0.0629868283867836,0.014771834015846252,0.03133722394704819,-0.008601563982665539,0.010952739976346493,0.01985376514494419,-0.0015020822174847126,-0.02466173842549324,-0.01568654179573059,0.017614850774407387,0.0056464350782334805,-0.00538230687379837,-0.00439600320532918,0.018490444868803024,0.009250260889530182,0.007154863327741623,-0.0032492410391569138,0.005063569638878107,-0.011861957609653473,0.0022286102175712585,-0.028424378484487534,0.021793922409415245,0.005220318678766489,0.006135245319455862,0.009298701770603657,-0.010394053533673286,0.012352827936410904,0.008006113581359386,0.016631675884127617
2025-02-07,0.003948792815208435,0.028336210176348686,-0.005643623415380716,-0.024260789155960083,-0.014341205358505249,-0.010613671503961086,-0.018073590472340584,-0.004305308684706688,-0.015168492682278156,0.0,0.004728821571916342,-0.01103389821946621,-0.004912738222628832,-0.003530915593728423,-0.01653061807155609,-0.020706743001937866,-0.004349730908870697,-0.014553207904100418,-0.003980365581810474,0.007547135930508375,-0.00020371837308630347,-0.016215428709983826,-0.008783520199358463,-0.014705312438309193,-0.043590474873781204,-0.0034904389176517725,-0.005403013899922371,-0.006465922109782696,-0.009942675940692425,-0.005694819148629904,0.0015528463991358876,-0.0015032574301585555,-0.016666995361447334
2025-02-11,-0.0006178516196087003,-0.022808939218521118,-0.004982735030353069,0.021596863865852356,0.006323519162833691,-0.002226363867521286,-0.0006094385753385723,-0.0027291818987578154,-0.008594348095357418,-0.006068356800824404,0.010663938708603382,-0.0023820470087230206,0.0015544415218755603,-0.00507031474262476,0.005708520300686359,-0.007606027647852898,0.02154969982802868,0.058927152305841446,0.014468204230070114,0.04616773873567581,0.005786915775388479,0.0025353410746902227,0.0016190389869734645,-0.0018940698355436325,0.005622681695967913,-0.013229814358055592,0.011277328245341778,0.006683341693133116,-0.0002886747824959457,0.0010305754840373993,0.0002280116459587589,0.013426332734525204,-0.004381826613098383
2025-02-13,0.005792712792754173,0.014999774284660816,-0.0013772492529824376,0.019482221454381943,0.006452411413192749,0.0035838005132973194,-0.004358464386314154,0.004704279825091362,0.011372605338692665,0.020733529701828957,0.00630684569478035,0.003290322842076421,0.0020887877326458693,-7.696626562392339e-05,0.012909219600260258,0.0012674612225964665,0.01312645711004734,0.070829838514328,0.0031534491572529078,0.011431838385760784,0.007836563512682915,-0.0010081777581945062,-0.014698389917612076,0.0036604099441319704,0.013061143457889557,0.006652329582720995,0.008455685339868069,-0.007442125119268894,0.009717299602925777,0.00714155426248908,0.011709650978446007,0.012504748068749905,0.013802565634250641
2025-02-18,0.016508834436535835,-0.01547394972294569,0.015608854591846466,-0.000531643396243453,0.005616741720587015,0.005802426021546125,0.0029779011383652687,0.0019227310549467802,0.007383782882243395,-0.004325808025896549,0.005264925770461559,-0.00745665468275547,0.0267907977104187,0.01746825873851776,-0.015231404453516006,0.02575675956904888,0.006827607285231352,0.14893123507499695,0.012074870057404041,0.0026103423442691565,-0.012129602953791618,0.0024866440799087286,0.003367464989423752,0.0029582639690488577,0.06043126806616783,0.0011744096409529448,0.0154729587957263,0.010968102142214775,0.0004194575594738126,-0.04448914900422096,0.008219266310334206,0.005110231228172779,-0.0025022695772349834
2025-02-20,0.007031498942524195,0.011129332706332207,0.013576987199485302,0.003912772983312607,0.012360896915197372,-0.019747266545891762,-0.028718912973999977,-0.010966458357870579,-0.018975375220179558,-0.0026252104435116053,0.00987292267382145,-0.007210510782897472,0.01706838048994541,-0.03951948136091232,-0.001999821048229933,0.002558184787631035,0.0015876860124990344,0.014283232390880585,-0.045608147978782654,-0.0004281818983145058,0.0036695438902825117,-0.007484710309654474,0.024008555337786674,0.0052766562439501286,0.0058439322747290134,0.00038617869722656906,0.004315383732318878,-0.0023950249888002872,-0.004590695258229971,-0.017011424526572227,-0.013433340936899185,0.011361069045960903,-0.06751733273267746
2025-02-24,0.0035000646021217108,-0.009474510326981544,-0.012234930880367756,0.006292543839663267,0.021902719512581825,0.00044015637831762433,0.015459949150681496,-0.003299190429970622,-0.004788714461028576,-0.0116333719342947,0.006162423640489578,0.023106548935174942,-0.011711034923791885,0.000862857501488179,-0.007502667605876923,-0.009624253027141094,0.0014903226401656866,-0.02442125231027603,-0.011035671457648277,-0.010708744637668133,0.009014042094349861,0.0034428774379193783,0.01958337426185608,-0.01036681979894638,0.04822973906993866,0.01322026364505291,0.0018194173462688923,0.01720847189426422,0.03363212198019028,-0.010561119765043259,0.003808773821219802,0.013011397793889046,-0.011780573055148125
2025-02-26,0.004225883167237043,0.012405953370034695,0.014113256707787514,-0.027412429451942444,-0.029744433239102364,0.009365079924464226,-0.02977653592824936,0.0006424144958145916,0.004729278385639191,-0.0029605303425341845,-0.008216774091124535,0.01169296633452177,-0.009733776561915874,0.004640498664230108,-0.007170557044446468,-0.003165271133184433,-0.007437997031956911,0.02279181405901909,0.005385726224631071,-0.009698481298983097,-0.020976800471544266,0.006055099423974752,-0.022676613181829453,0.004588702693581581,-0.006753146182745695,-0.012039238587021828,-0.007850119844079018,-0.0002355125907342881,-0.014600558206439018,-0.014540397562086582,-0.004155217669904232,-0.012199372053146362,-0.015369952656328678
2025-02-28,-0.016224097460508347,-0.014404511079192162,-0.018470875918865204,0.018951155245304108,0.007297697942703962,0.022717438638210297,0.004591657314449549,0.01155072171241045,0.00995362363755703,0.0046904669143259525,0.012369709089398384,0.022123461589217186,0.010021105408668518,0.02817782759666443,0.016089411452412605,0.00825419370085001,-0.0031245287973433733,0.027340421453118324,0.021387003362178802,0.0047860052436590195,-0.0052405367605388165,0.03010295145213604,0.01826881244778633,0.011298125609755516,-0.0074004209600389,0.012564383447170258,0.010815124958753586,0.01874740980565548,0.014417320489883423,0.013566379435360432,0.019403420388698578,-0.003936584573239088,0.018628891557455063
2025-03-04,0.006689961068332195,-0.010764556005597115,0.002369823632761836,-0.008861592039465904,0.004526722710579634,-0.041528720408678055,-0.06787626445293427,-0.016060087829828262,-0.019711049273610115,-0.003471681382507086,-0.007145286537706852,-0.034088075160980225,-0.012276954017579556,-0.04066644236445427,-0.02076898328959942,-0.019142527133226395,0.011998606845736504,-0.06401094794273376,-0.040602922439575195,-0.029894908890128136,0.004851799923926592,-0.05053189769387245,-0.006354222074151039,0.00030882537248544395,-0.013998729176819324,-0.019231315702199936,-0.013820250518620014,-0.03908631578087807,-0.019902268424630165,0.016057027503848076,-0.026862485334277153,-0.023058420047163963,-0.027213843539357185
2025-03-06,0.0004458405601326376,0.002618996659293771,0.00621952535584569,-0.0017407059203833342,0.0039407736621797085,-0.030512258410453796,-0.029418528079986572,0.007417329587042332,-0.020484399050474167,-0.008636349812150002,0.014090270735323429,-0.03614061325788498,-0.009040181525051594,-0.04377219080924988,-0.012030086480081081,0.007793241646140814,-0.010639299638569355,-0.002887367969378829,-0.02003805711865425,0.0054077273234725,0.009452609345316887,-0.004549313802272081,0.008654394187033176,-0.010352044366300106,-0.0012860904680565,0.011498742736876011,0.0002863184199668467,-0.010546003468334675,-0.007820375263690948,0.024365553632378578,-0.024454476311802864,0.031931065022945404,-0.014059679582715034
2025-03-10,-0.004727635066956282,-0.009332316927611828,-0.008422949351370335,-0.04969415441155434,0.007666305638849735,-0.04449496418237686,-0.039895471185445786,-0.014637069776654243,-0.03595280274748802,-0.029843362048268318,0.007836729288101196,-0.02330026775598526,-0.0013360267039388418,-0.051343176513910294,-0.005722245201468468,-0.0032684861216694117,-0.017900394275784492,-0.035004761070013046,-0.04240879416465759,0.00027992058312520385,-0.012654109857976437,0.008982060477137566,0.006109279580414295,-0.03400592878460884,-0.028261683881282806,-0.0033726419787853956,0.0017603215528652072,0.0009342085686512291,-0.00015599113248754293,-0.022973371669650078,-0.01118241623044014,0.009292359463870525,-0.043451350182294846
2025-03-12,0.00895433034747839,0.01694430783390999,0.01795988343656063,-0.017633212730288506,-0.020241741091012955,0.020770346745848656,0.03030344657599926,-0.004838376771658659,0.02681645378470421,-0.0034672890324145555,-0.009193277917802334,0.00874611921608448,-0.02540869079530239,0.008021505549550056,-0.00936016347259283,-0.010796843096613884,0.0027277818880975246,0.04449570178985596,-0.005426301155239344,-0.015605217777192593,-0.024285297840833664,0.018134793266654015,-0.014674892649054527,0.007384856231510639,-0.007986405864357948,-0.010831699706614017,-0.027821099385619164,-0.0011715161381289363,-0.010147107765078545,-0.010195035487413406,0.002105312654748559,-0.0195310078561306,-0.025951538234949112
2025-03-14,0.0034120429772883654,-0.0059377336874604225,0.0039861006662249565,0.018007416278123856,0.0034165435936301947,0.035248707979917526,0.015507987700402737,0.018813351169228554,0.027798734605312347,0.013813982717692852,0.021956371143460274,0.01810700073838234,0.02021930180490017,0.031140491366386414,0.011624070815742016,0.013360453769564629,0.010320908389985561,0.014659884385764599,0.03168767690658569,0.0007233620272018015,0.0078013199381530285,0.02907351218163967,-0.0014793555019423366,0.02551850862801075,-0.01358285453170538,0.004676515236496925,-0.0036842632107436657,0.006095982622355223,0.019232505932450294,0.014698724262416363,0.00984326470643282,-0.003208015114068985,0.010008926503360271
2025-03-18,0.011632116511464119,0.011988299898803234,0.014711851254105568,-0.0061403377912938595,0.004655386786907911,-0.006298672407865524,-0.0017314874567091465,-0.017458461225032806,-0.007220907602459192,-0.009736779145896435,0.01308190543204546,-0.00010061944340122864,0.002662450075149536,0.0007977584027685225,-0.01296019647270441,-0.003236952004954219,-0.02408507466316223,0.008913042955100536,0.004435971844941378,-0.010609539225697517,-0.0012179443147033453,-0.015059728175401688,-0.0007387472433038056,-0.013416056521236897,-0.005305710714310408,0.00993142370134592,-0.012149305082857609,0.004834852647036314,-0.017617402598261833,0.009533204138278961,0.0006573686841875315,0.013199970126152039,-0.021613115444779396
2025-03-20,0.0013496266910806298,0.0017714450368657708,-0.005578420590609312,-0.005310529377311468,-0.002251057419925928,0.0006649469723924994,0.0012158445315435529,-0.007023482583463192,-0.0012893558014184237,-0.008214235305786133,0.0043792431242764,-0.014361375011503696,-0.01571848802268505,0.009535515680909157,0.005924266297370195,0.010678538121283054,-0.03620174154639244,-0.006655671633780003,-0.00041837713797576725,0.006187540013343096,0.00026057171635329723,-0.012743264436721802,0.007523284759372473,-0.002530111465603113,-0.015602735802531242,-0.0007632894557900727,-0.006069260649383068,-0.006301354616880417,-0.00683488929644227,0.015968702733516693,-0.001089252531528473,-0.004333290737122297,-0.0060416823253035545
2025-03-24,-0.0016911295242607594,-0.004629859235137701,-0.0007513042655773461,0.011207465082406998,-0.00526646850630641,0.02680819295346737,0.015543018467724323,0.017389142885804176,0.01885037124156952,0.011049785651266575,0.001637471024878323,0.007212969474494457,0.003312138607725501,0.02612694725394249,0.0353083573281765,0.008199651725590229,0.018606368452310562,-0.0016502031357958913,0.026263076812028885,0.004069240763783455,0.0007527917041443288,0.01838536374270916,-0.00862916000187397,0.004640794359147549,-0.008128383196890354,-0.005341537296772003,-0.00625858036801219,0.017374908551573753,0.010617370717227459,-0.0006772888009436429,0.024164892733097076,-0.009823055937886238,0.01740965247154236
2025-03-26,-0.0009264629916287959,0.006346784066408873,0.0009113558335229754,-0.009971397928893566,-0.0037545638624578714,-0.011813933961093426,-0.022374490275979042,-0.00441710976883769,-0.0267572533339262,0.013193377293646336,0.012159084901213646,-0.008202048018574715,0.007334263063967228,-0.020727278664708138,0.0031530794221907854,0.004703165497630835,0.001759166712872684,-0.032762303948402405,-0.00039834805647842586,0.01743195578455925,0.021467287093400955,-0.005356349982321262,0.0027275460306555033,-0.013220926746726036,-0.012095768935978413,-0.013396547175943851,0.022646106779575348,-0.009852338582277298,0.010772346518933773,0.009247533045709133,-0.0012776443036273122,0.01574118249118328,0.005295009817928076
2025-03-28,0.008557505905628204,0.0029383650980889797,-0.007276267744600773,-0.026940058916807175,0.0038517992943525314,-0.024335941299796104,-0.032918259501457214,-0.02873184159398079,-0.028626715764403343,-0.008833727799355984,-0.0033659699838608503,-0.023978568613529205,-0.025288734585046768,-0.028675971552729607,-0.012706857174634933,-0.018044715747237206,-0.009016715921461582,-0.03928853198885918,-0.02146841771900654,-0.0052438760176301,-0.018071359023451805,-0.024551253765821457,0.018436457961797714,-0.030624475330114365,-0.03889254480600357,0.007964913733303547,-0.004038624465465546,-0.01289850939065218,-0.003393794409930706,0.0006202708464115858,-0.020239997655153275,-0.0006674713222309947,-0.00562135549262166
2025-04-01,-0.0012497066054493189,-0.0001992085890378803,-0.008715344592928886,0.004760601557791233,-0.014972489327192307,0.005301055032759905,-0.0140531649813056,0.0023321083281189203,0.006832942366600037,0.0014573363587260246,0.007266332395374775,-0.010388110764324665,-0.008917051367461681,0.003946190234273672,-0.0026501878164708614,0.007996339350938797,0.006733402609825134,-0.029492748901247978,-0.006708167493343353,0.003484477289021015,0.004025508649647236,0.005500354338437319,-0.029852984473109245,0.01795228198170662,0.0199632216244936,-0.03207972273230553,0.000821127847302705,0.0029398154001682997,0.0003024659235961735,-0.0012036014813929796,-0.01179669238626957,0.0004409008543007076,0.011776898987591267
2025-04-03,-0.013757020235061646,-0.043221957981586456,-0.08008137345314026,-0.09701334685087204,0.0134840477257967,-0.10497702658176422,-0.11060810089111328,-0.09031457453966141,-0.06194445490837097,-0.06909753382205963,-0.06419017165899277,-0.09690529853105545,-0.10348331928253174,-0.09663747251033783,-0.04122765734791756,-0.044060297310352325,-0.026304898783564568,0.02026643417775631,-0.07223217189311981,0.025605132803320885,0.02124403603374958,-0.05580568686127663,-0.002427886938676238,-0.023913895711302757,-0.15594825148582458,-0.01673858053982258,0.01690632663667202,-0.02217402681708336,-0.005269256420433521,0.03241977468132973,-0.02024209499359131,0.019478201866149902,-0.028247231617569923
2025-04-07,-0.02035854198038578,-0.05039936676621437,0.013441371731460094,-0.03742598369717598,-0.01609407551586628,0.002564359689131379,0.016482524573802948,-0.02823425456881523,0.014227941632270813,-0.00238643866032362,-0.022087670862674713,-0.0027572244871407747,-0.024408958852291107,-0.011320974677801132,-0.03563728556036949,-0.018655598163604736,-0.007501203566789627,-0.014206260442733765,0.01959000900387764,-0.022560354322195053,-0.0007331967353820801,0.012839725241065025,-0.0035659284330904484,-0.005517581943422556,-0.029064621776342392,-0.014912614598870277,-0.021730564534664154,-0.001107456861063838,-0.03541715815663338,-0.000667004263959825,-0.0025900148320943117,-0.010512805543839931,0.007663706783205271
2025-04-09,0.02924741618335247,0.011562180705368519,0.024402476847171783,0.1426173448562622,0.037914764136075974,0.12561297416687012,0.14301002025604248,0.09423433244228363,0.08324391394853592,0.08881152421236038,0.06434223800897598,0.11238421499729156,0.14575789868831635,0.11175042390823364,0.058369144797325134,0.08508632332086563,0.06260530650615692,0.1718793660402298,0.07747497409582138,0.022115565836429596,0.013680488802492619,0.0841238722205162,0.03680650517344475,0.09652476012706757,0.10757314413785934,0.02932753600180149,0.02450934424996376,0.06406623870134354,0.04775692895054817,0.04493585228919983,0.07545335590839386,0.01692972518503666,0.09120023250579834
2025-04-11,0.02101247012615204,0.04225583374500275,0.03690313547849655,0.039792250841856,0.016109339892864227,0.017027880996465683,0.008451785892248154,0.014726976864039898,-0.00047044214443303645,0.012991780415177345,0.0048040044493973255,-0.003997271880507469,0.040924642235040665,0.009428632445633411,0.0006784016150049865,0.026332249864935875,0.025505173951387405,-0.007067136466503143,0.03924444690346718,0.009424075484275818,0.010118814185261726,0.022163644433021545,0.020800821483135223,0.01844685524702072,-0.00018389499746263027,0.014712867327034473,0.020274873822927475,0.009321345947682858,-0.0001631069608265534,0.008493348956108093,0.02671845257282257,0.018696380779147148,0.0238820668309927
2025-04-15,0.0043278350494802,0.0001084860778064467,0.004197899252176285,-0.0018780590035021305,0.004684046376496553,0.009664037264883518,-0.02388928458094597,-0.015857117250561714,0.001491715433076024,-0.003664623945951462,-0.005780878476798534,0.004125624429434538,-0.041716888546943665,0.007728363387286663,-0.008688329719007015,-0.007217029575258493,0.006836778484284878,-0.022909322753548622,-0.006796950940042734,-0.008176928386092186,-0.011423186399042606,-0.005529541522264481,-0.00990095641463995,-0.005377806257456541,-0.010522544384002686,0.014362952671945095,-0.003910016268491745,-0.0038792139384895563,-0.004715240094810724,-0.0059282234869897366,0.0018777551595121622,0.004055027384310961,-0.008055140264332294
2025-04-17,-0.005395442713052034,0.012227118015289307,-0.015487119555473328,0.013853232376277447,-0.019110223278403282,-0.006385982036590576,0.03411451727151871,0.014066142030060291,-0.010380289517343044,0.0,0.018373385071754456,0.02434776909649372,0.024452850222587585,0.020703911781311035,0.025876963511109352,0.0170312337577343,0.0010053819278255105,-0.01572355441749096,0.010182749480009079,0.01824767328798771,0.007092208135873079,-0.0019181674579158425,0.019941097125411034,-0.01035996526479721,0.040440890938043594,0.004526805132627487,0.025163043290376663,-0.0027891420759260654,0.013298388570547104,-0.25334081053733826,-0.0052047534845769405,0.009811856783926487,0.022017033770680428
2025-04-22,-0.001586573664098978,0.03117593564093113,0.011747648008167744,0.03349779173731804,0.01709934137761593,0.040051430463790894,0.01976083591580391,0.02233082801103592,0.029732178896665573,0.012247752398252487,0.02634555473923683,0.024576455354690552,0.030814725905656815,0.03648517280817032,0.021474240347743034,0.021091146394610405,0.01961824670433998,0.034944888204336166,0.028414664790034294,0.015409206971526146,0.033007122576236725,0.0780826210975647,0.014284133911132812,0.021214738488197327,0.01661107875406742,0.02198871225118637,0.01276883203536272,-0.10323070734739304,0.04588788375258446,0.004340158309787512,0.03469249978661537,0.006038155406713486,0.026061469689011574
2025-04-24,0.016857972368597984,0.0029941981192678213,-0.0010747199412435293,0.018258437514305115,0.006956638302654028,0.02722642384469509,0.022316845133900642,0.03680954501032829,0.055218134075403214,0.01179430354386568,0.017334960401058197,0.030684934929013252,0.025869322940707207,0.02989017404615879,0.008993747644126415,0.01723439060151577,-0.06805344671010971,0.042782172560691833,0.015488832257688046,-0.010698315687477589,-0.007121645379811525,0.02051432430744171,0.013873274438083172,0.033901460468769073,0.0188146959990263,0.017268607392907143,-0.03812788426876068,0.013952754437923431,0.005082157906144857,-0.008706869557499886,0.003999544773250818,0.0025728498585522175,0.009224344044923782
2025-04-28,0.015147940255701542,0.0005168878706172109,3.0411658372031525e-05,0.004101061262190342,0.007979794405400753,0.0005284947110339999,0.02415110357105732,0.001988511299714446,-0.008285040967166424,0.002289762254804373,0.009827043861150742,-0.001330031082034111,-0.0023344981018453836,0.0028225018177181482,-0.0018473839154466987,0.007503506261855364,0.016006609424948692,0.022683467715978622,-0.0013559365179389715,-0.0016701859422028065,0.0002211318933404982,0.004432260058820248,0.005424040835350752,-0.0017624021274968982,-0.0053945123217999935,0.005655845161527395,0.005141471512615681,-0.0033597226720303297,0.00940915010869503,0.003243404207751155,0.006957230623811483,0.0113880829885602,0.0013663413701578975
2025-04-30,-0.004166813101619482,-0.056073520332574844,-0.022612983360886574,0.006089064758270979,0.00814530998468399,-0.002287115203216672,0.006790111772716045,0.006064791232347488,0.0035416411701589823,0.006778503768146038,-0.02353399619460106,-0.0024159543681889772,-0.001959548331797123,-0.002498903078958392,0.004141830373555422,-0.004692126531153917,0.010099712759256363,-0.011869563721120358,0.0,0.0027606275398284197,0.016242481768131256,0.0038226486649364233,0.005767774768173695,0.003091287799179554,-0.020011138170957565,0.025727642700076103,0.0019087822875007987,0.003176327096298337,0.00030293548479676247,0.005385871976613998,0.01158642116934061,0.02551562711596489,0.01252022571861744
2025-05-02,0.006799232214689255,0.010099495761096478,-0.006232650019228458,-0.038077548146247864,-0.009062009863555431,0.030475979670882225,0.013954386115074158,0.030489850789308548,0.021124565973877907,0.02060532383620739,0.01630561053752899,0.01833108812570572,-0.0036095899995416403,0.02191285416483879,0.01721087098121643,0.015958180651068687,0.02427929826080799,0.03152976930141449,0.02250789664685726,0.005037208087742329,-0.005370947998017073,0.029861541464924812,-0.0009613881702534854,0.0229596346616745,0.03173217177391052,0.011219672858715057,0.003369739977642894,0.021738242357969284,0.022539928555488586,-0.001898499089293182,0.014926642179489136,0.010110486298799515,0.013662531040608883
2025-05-06,0.02978185936808586,0.017039798200130463,0.027804145589470863,-0.0019124458776786923,-0.03495357185602188,-0.009613526053726673,-0.002685141982510686,-0.006894360296428204,0.0026740622706711292,-0.0016871748957782984,0.0007378836744464934,0.0006511579849757254,-0.005194898694753647,-0.018396956846117973,-0.0065177991054952145,-0.02036944590508938,-0.00024090251827146858,-0.01641419157385826,-0.013192459009587765,0.0002788896090351045,0.0033833079505711794,-0.019941717386245728,-0.046956952661275864,-0.006578685715794563,-0.005420045927166939,-0.042359430342912674,0.002640718361362815,-0.0033495991956442595,0.0019042359199374914,-0.025773322209715843,-0.0026998186949640512,0.013912953436374664,-0.007883534766733646
2025-05-08,-0.0253981314599514,-0.0120949512347579,-0.004714297596365213,0.006298616528511047,-0.013835182413458824,0.026506362482905388,0.03255336731672287,0.012287961319088936,0.005412381142377853,0.002347430447116494,0.009163272567093372,0.029247771948575974,0.02738940343260765,0.024660881608724594,0.0057997629046440125,-0.0003262237587478012,0.003034458961337805,0.03340908885002136,0.016227511689066887,-0.017135027796030045,-0.014692755416035652,0.01773000881075859,-0.018754135817289352,0.01106127817183733,0.004934864584356546,0.007867073640227318,-0.00402583833783865,0.009134659543633461,0.0072636837139725685,-0.014190097339451313,0.004050567280501127,-0.006400047801434994,-0.01426694355905056
2025-05-12,-0.0352112241089344,-0.007073377724736929,-0.008852824568748474,0.06123257800936699,0.032928310334682465,0.04940764605998993,0.018710153177380562,0.050686582922935486,0.04750637337565422,0.031293679028749466,0.022349147126078606,0.04205210134387016,0.04962975159287453,0.0418555848300457,0.037553571164608,0.029189985245466232,0.017857274040579796,0.03486592695116997,0.02716825157403946,-0.014138072729110718,-0.005626557394862175,0.052789296954870224,0.0570487380027771,0.02371765486896038,0.0708436518907547,0.03571021556854248,0.020342152565717697,0.014581793919205666,-0.006284857168793678,-0.004977745469659567,0.00934525765478611,-0.01408635824918747,0.00031004505581222475
2025-05-14,-0.018344612792134285,-0.015173795633018017,-0.01972590759396553,-0.0028217339422553778,-0.030674630776047707,-0.007304117549210787,0.006370399612933397,-0.008202747441828251,0.005414605140686035,-0.007962966337800026,-0.004788345191627741,0.013909011147916317,-0.019692182540893555,0.012819001451134682,-0.0021167737431824207,-0.004777242429554462,-0.002982130041345954,-0.04719564691185951,0.00994998961687088,0.0028961405623704195,-0.0038625362794846296,-0.01915544457733631,-0.04211146757006645,0.008424993604421616,-0.010634934529662132,-0.03787479177117348,-0.004482980817556381,0.0005354293971322477,-0.008834054693579674,-0.010881717316806316,0.0008979777921922505,-0.007058947812765837,0.00985949207097292
2025-05-16,-0.012088782154023647,-0.019348375499248505,-0.009993989020586014,-0.0008989847265183926,0.011445176787674427,0.0005674093845300376,-0.0020385298412293196,0.0107195433229208,0.0013403523480519652,-0.010009507648646832,-0.0011251831892877817,0.010636445134878159,0.009652268141508102,0.0050690751522779465,0.005662248004227877,0.0077470336109399796,0.0003001070872414857,0.0050914534367620945,0.00026169029297307134,0.005431328434497118,0.013047324493527412,0.028956806287169456,0.0167046170681715,0.002512705745175481,0.011313913390040398,0.01012550387531519,0.005342440214008093,-0.0002953758230432868,0.010027274489402771,0.06204095110297203,0.007753544952720404,0.011661384254693985,0.01942598633468151
2025-05-20,0.01579340547323227,-0.0030260346829891205,0.02043168619275093,-0.009238773956894875,-0.0030497494153678417,-0.010512700304389,0.01172152440994978,-0.008774235844612122,0.0014938762178644538,-0.007853061892092228,-0.008848298341035843,-0.002666465938091278,-0.01068456843495369,-0.00948468316346407,-0.006160620134323835,0.0005333414301276207,-0.005454123020172119,-0.005158215761184692,0.003015626687556505,-0.003342017997056246,-0.004461714532226324,6.483495235443115e-05,0.009536095894873142,-0.0015265728579834104,0.007702137343585491,0.022357013076543808,0.005266121588647366,-0.00014575586828868836,-0.003027761820703745,0.017852166667580605,-0.002885332563892007,-0.0020331924315541983,-0.0032666283659636974
2025-05-22,-0.005150278098881245,0.0022613382898271084,-0.012509570457041264,-0.0036188093945384026,0.002061646431684494,0.0041172378696501255,0.0009837044635787606,0.007794131524860859,0.004030459560453892,0.002528441371396184,-0.001993767684325576,0.006047246046364307,-0.002786503406241536,0.008005436509847641,-0.012782185338437557,0.007901346310973167,-0.009629632346332073,-0.006789613980799913,-0.0014183355960994959,-0.00993070937693119,-0.006754010450094938,0.0025404044426977634,0.011109557002782822,0.005047257989645004,0.022094905376434326,0.0,-0.0024208184331655502,-0.006542210467159748,-0.00025828569778241217,-0.021046500653028488,-0.0009214311721734703,-0.014272782020270824,-0.005198575556278229
2025-05-27,-0.01936212368309498,-0.020281244069337845,-0.008890592493116856,0.02498362585902214,0.028272166848182678,0.02950224094092846,-0.006594147998839617,0.023371374234557152,0.014755332842469215,0.010089928284287453,0.009403522126376629,0.023776326328516006,0.020965037867426872,0.0283152237534523,0.02097991853952408,0.019755741581320763,0.01762975938618183,0.024631788954138756,0.01741497591137886,0.00013937284529674798,0.0012072415556758642,0.01258812379091978,0.00012877526751253754,0.023077785968780518,0.045754868537187576,0.012359059415757656,0.011390344239771366,0.013806909322738647,0.017699619755148888,-0.0019303656881675124,0.016161002218723297,0.004146480932831764,0.012788977473974228
2025-05-29,0.007109715603291988,0.00204356643371284,0.008539223112165928,-0.002347890054807067,0.01829438842833042,0.006862160749733448,0.03261367231607437,0.006559527944773436,-0.033560533076524734,-0.004588931333273649,0.013799323700368404,0.004473469220101833,0.015753906220197678,-0.00590131338685751,0.0006247048149816692,0.0025789400096982718,-0.0059737092815339565,-0.0059084780514240265,0.003334134118631482,0.004767277278006077,-0.0031375205144286156,0.006503780372440815,0.0030150848906487226,0.0028819653671234846,-0.005518597550690174,0.011580687016248703,0.007144439034163952,0.0145714171230793,0.002773498184978962,0.00020145387679804116,0.007394719403237104,0.004626365844160318,-0.0014406890841200948
2025-06-02,0.024537665769457817,0.038372933864593506,0.04955432191491127,0.004223041236400604,0.0010058636544272304,0.004343588370829821,0.01981962099671364,-0.009701213799417019,-0.014232146553695202,0.012767164967954159,0.008304803632199764,-0.0007965331897139549,-0.019658494740724564,-0.0028854012489318848,-0.0008964887820184231,-0.005086313001811504,0.01851058192551136,0.009671774692833424,0.002496873727068305,-0.0013879762263968587,0.0019207188161090016,-0.01323193684220314,-0.007707979995757341,0.0034912615083158016,0.022668490186333656,-0.0012780148535966873,-0.012497665360569954,0.007154888939112425,0.002318626269698143,0.00926425401121378,0.00035583594581112266,0.003179666120558977,0.010579854249954224
2025-06-04,0.0069307503290474415,0.011370770633220673,0.00046369724441319704,-0.002216315595433116,-0.008880031295120716,-0.00492155272513628,-0.006816965062171221,-0.00020037751528434455,-0.004927658010274172,0.0004659360565710813,-0.015744950622320175,-0.0009687644196674228,0.01747862808406353,-0.0076806191354990005,-0.0018243958475068212,0.0029941434040665627,0.0012057659914717078,-0.0019734054803848267,-0.0077286395244300365,0.0029469020664691925,-0.0026284046471118927,-0.008951113559305668,0.014542419463396072,0.0019420308526605368,0.006392878480255604,0.0017115070950239897,-0.005408762954175472,0.007607313804328442,-0.015367235988378525,-0.002792517188936472,0.005832277704030275,-0.013552446849644184,-0.006321246735751629
2025-06-06,-0.008391574025154114,-0.017140032723546028,0.009370689280331135,0.01626531220972538,0.011187574826180935,0.021757822483778,0.008479869924485683,0.01250186376273632,0.02721484564244747,0.02203935757279396,0.02389063872396946,0.012101052328944206,0.013044496066868305,0.0133129907771945,-0.005294551607221365,0.009265637025237083,0.007503857836127281,0.003495618933811784,0.014327019453048706,0.0061858403496444225,-0.00525688799098134,-0.005209756083786488,0.017242876812815666,0.005756617523729801,0.0020721806213259697,0.009898975491523743,0.007465879898518324,0.00021583338093478233,0.00980359222739935,0.02463972195982933,0.009362480603158474,0.011481217108666897,-0.0050145722925662994
2025-06-10,-0.0033669639378786087,-0.005207607988268137,-0.003987439442425966,0.0060379090718925,0.01182718388736248,-0.006787823047488928,-0.00821719504892826,0.0013953637098893523,-0.014913145452737808,-0.01144615188241005,0.01823294721543789,0.026197180151939392,0.043608177453279495,0.002197990193963051,0.007393287494778633,-0.003837782423943281,0.015173915773630142,0.07522343844175339,0.006948907393962145,0.008048884570598602,-0.014375456608831882,0.0057381982915103436,0.02514457516372204,-0.0038784672506153584,0.031167970970273018,0.013673284091055393,0.0017209707293659449,-0.017603343352675438,-0.013895396143198013,0.001976872095838189,0.01095820963382721,0.01093650795519352,-0.0013349023647606373
2025-06-12,0.017785629257559776,0.004260792396962643,0.0012987438822165132,0.0021106372587382793,0.018605167046189308,-0.0037180178333073854,-0.04908226430416107,-0.006021318957209587,0.0037536611780524254,0.014077122323215008,0.0013115042820572853,-0.007642930373549461,-0.017757896333932877,0.0015049277571961284,0.007462587207555771,0.001017995411530137,-0.0017420635558664799,0.0043425955809652805,0.0003354871296323836,0.0023559967521578074,0.004761419724673033,-0.016509978100657463,0.018503110855817795,0.013137484900653362,-0.004924184177070856,0.014598838053643703,0.006578714121133089,-0.005869970191270113,0.017753997817635536,0.02524527907371521,-0.005129571072757244,-0.01334881130605936,-0.010176906362175941
2025-06-16,-0.01019402127712965,0.004880837630480528,0.0026975900400429964,0.009978075511753559,0.0011509995674714446,0.02209669165313244,0.006865305360406637,0.01498322281986475,0.020985770970582962,0.021914489567279816,0.0008219978772103786,0.012972972355782986,0.022160636261105537,0.023055801168084145,-0.003106457181274891,-0.0008922113920561969,0.016492612659931183,0.02935633435845375,0.02021312154829502,-0.007065105251967907,-0.01879022642970085,0.019138388335704803,0.0007413430139422417,0.008762305602431297,0.022381067276000977,-0.005721411667764187,0.0037364293821156025,0.005271312315016985,0.006318508181720972,-0.011826040223240852,0.007426003459841013,-0.011928592808544636,-0.0015895658871158957
2025-06-18,0.000944439903832972,0.009227140806615353,-0.006057647988200188,0.0047932835295796394,-0.0014489545719698071,0.01225349958986044,-0.012966969981789589,0.005909562576562166,-0.010899885557591915,0.007775934878736734,-0.0044439504854381084,-0.002288145711645484,-0.03245021030306816,0.01682734675705433,-0.005030112341046333,0.00036051898496225476,0.0005650989478453994,0.03263475000858307,0.016339531168341637,-0.005906571168452501,-0.009210571646690369,0.0021072649396955967,0.012819883413612843,0.0045915148220956326,-0.008200272917747498,-0.005012609995901585,-0.0031592168379575014,-0.017734402790665627,0.0018514978000894189,-0.005421443842351437,-0.050023291260004044,-0.004310315474867821,0.0088728666305542
2025-06-23,0.002846173942089081,0.0035163385327905416,0.00490783154964447,0.002484385622665286,-0.06014939397573471,0.003477089572697878,0.012798243202269077,0.015714261680841446,0.010609960183501244,0.015856623649597168,-0.018151113763451576,0.0010196543298661709,-0.03258569538593292,0.009443456307053566,0.020776845514774323,0.013168156147003174,0.028801394626498222,0.005204677581787109,0.01182069256901741,0.012989128939807415,0.0071406979113817215,0.02448440156877041,0.013817577622830868,0.017853865399956703,0.016422301530838013,0.002500035334378481,0.012183388695120811,-0.005676181521266699,0.009913579560816288,-0.00441355537623167,0.015183770097792149,0.015703415498137474,0.018042657524347305
2025-06-25,0.002919768914580345,0.009407022967934608,0.010698535479605198,0.006270794663578272,0.01025403756648302,0.0006807858007960021,-0.010204212740063667,-0.0038679351564496756,-0.012654886581003666,0.004409183748066425,-0.0022317254915833473,0.006468696519732475,-0.026128480210900307,0.011651957407593727,0.003987360280007124,-0.012590012513101101,-0.009335938841104507,-0.01564270816743374,0.009905897080898285,-0.008295134641230106,-0.020520061254501343,-0.014246533624827862,-0.008125600405037403,0.004397509153932333,-0.009652410633862019,-0.002058818005025387,-0.008705684915184975,-0.0033188459929078817,-0.020230233669281006,-0.011849225498735905,-0.01828167587518692,-0.012035566382110119,-0.007579640951007605
2025-06-27,-0.018101973459124565,0.000592117547057569,-0.015119459480047226,0.00039794103940948844,-0.007119174115359783,0.018358426168560982,0.05740794539451599,0.0073833586648106575,0.009850313887000084,-0.004360365215688944,-0.004510393366217613,0.007219050545245409,-0.005540171638131142,0.005297683645039797,0.014312448911368847,0.01085186842828989,-0.007668045815080404,0.008409013040363789,-0.0056959399953484535,0.012303358875215054,0.02051415853202343,0.008322933688759804,0.003419209737330675,-0.003040085546672344,0.14141514897346497,-0.002064851112663746,0.007723908871412277,0.013851824216544628,0.0013679409166797996,0.02121913991868496,0.007428332697600126,0.004975838121026754,0.01293413806706667
2025-07-01,0.012758252210915089,0.003572071436792612,0.006394759751856327,0.012833451852202415,0.03970830887556076,0.011067732237279415,0.0012400769628584385,0.006956529337912798,-0.0028644343838095665,-0.00404393021017313,0.01648457907140255,-0.004202064126729965,0.04972483590245247,-0.0018242433434352279,0.017626766115427017,0.024977559223771095,-0.012218926101922989,0.0198901928961277,0.0017232346581295133,0.012919842265546322,0.018044713884592056,0.010259842500090599,0.03292831405997276,-0.01083431951701641,0.03281715512275696,0.032470449805259705,0.011855053715407848,-0.012611730955541134,-0.002020415384322405,0.044419802725315094,0.0011822133092209697,0.009430737234652042,0.004693308845162392
2025-07-03,-0.004910454154014587,-0.010150398127734661,0.009780209511518478,0.005211392883211374,0.004671463277190924,0.010231098160147667,0.01818019151687622,-0.0014316183514893055,0.010861700400710106,0.017303286120295525,0.0026320822071284056,0.00825976487249136,-0.009442306123673916,0.010822824202477932,-0.0004573164042085409,0.004753379616886377,0.014906584285199642,0.02749781683087349,0.01841158978641033,0.006185815203934908,-0.001868622493930161,-0.006712176837027073,-0.017879543825984,0.015658019110560417,0.0,0.0023668191861361265,-0.0022979837376624346,0.008474932052195072,0.026043258607387543,0.0032136503141373396,0.013014115393161774,-0.0009181054774671793,0.007654237095266581
2025-07-08,-0.007591297850012779,0.1244371086359024,-0.003913192078471184,0.0002857488871086389,0.013730172999203205,-0.017977399751544,-0.0005032625631429255,0.00707557937130332,0.014168912544846535,-0.004944856744259596,0.03885546326637268,-0.010939769446849823,0.05590415373444557,-0.019386794418096542,-0.0003808524052146822,0.0018783893901854753,-0.007034009322524071,0.06978044658899307,-0.031981855630874634,-0.01090290118008852,-0.0063567268662154675,0.012435588985681534,0.00579289672896266,-0.0022125598043203354,-0.03469936177134514,0.01494333241134882,-0.016395412385463715,-0.006945699453353882,-0.010089686140418053,0.013051990419626236,-0.005877517629414797,0.006056531798094511,-0.02301056496798992
2025-07-10,0.0017498283414170146,0.019015232101082802,0.01872260309755802,0.005997031461447477,0.0129003394395113,0.02455800212919712,-0.002253241604194045,0.015175964683294296,-0.02598818577826023,-0.007389675825834274,0.007487218361347914,0.00784573145210743,0.01298502553254366,0.017870867624878883,0.0060724541544914246,-0.008202062919735909,-0.009384292177855968,0.016081564128398895,0.0176079198718071,0.004165011458098888,0.018160687759518623,0.008554218336939812,0.003696337342262268,-0.004039858467876911,0.014307147823274136,0.008570381440222263,0.006138998083770275,0.0015038427663967013,0.002620707033202052,-0.011287892237305641,-0.00526876887306571,0.0023343011271208525,-0.020348167046904564
2025-07-14,-0.0013417818117886782,-0.008486091159284115,-0.005548431072384119,-0.012101746164262295,0.005942904390394688,0.004528544377535582,0.01604931429028511,-0.0003696575004141778,0.006219131406396627,-0.0019149938598275185,-0.023848000913858414,0.0008338820189237595,-0.044990260154008865,0.011775152757763863,0.00010800249583553523,0.008987486362457275,0.0007050065323710442,-0.005563937593251467,0.0063939644023776054,-0.005741381552070379,0.006547192577272654,0.013195427134633064,0.0037119213957339525,-0.0005962849827483296,-0.0052457838319242,-0.011764846742153168,-0.021171297878026962,0.016275878995656967,0.003882731543853879,-0.01164278294891119,0.007359339389950037,-0.0009614865412004292,0.01451283972710371
2025-07-16,0.006794079206883907,-0.008965418674051762,0.0005020943353883922,0.005008699372410774,0.02201155014336109,0.004015798680484295,-0.0004349036898929626,0.020159201696515083,0.0014355848543345928,0.0028243213891983032,-0.005122935865074396,0.007035169284790754,0.0053447396494448185,0.0089419549331069,-0.0034635434858500957,0.006692373659461737,-0.002762901596724987,-0.010085572488605976,-0.002550808945670724,-0.0012984152417629957,-0.002405952662229538,0.006175530143082142,0.011101162992417812,-0.00039549870416522026,0.001526782289147377,0.0,0.006853609811514616,0.009971668012440205,0.006244925782084465,0.0026704075280576944,0.008264997974038124,-0.00024238174955826253,-0.0025191467721015215
2025-07-18,0.003854691516608,0.01663089729845524,0.004378664772957563,0.005508083384484053,-0.011770523153245449,-0.023745667189359665,-0.007212108001112938,-0.0104836942628026,0.009573870338499546,-0.003667000913992524,-0.008891398087143898,-0.006485266610980034,-0.004225323908030987,0.003422621637582779,0.0010022098431363702,-0.007706705946475267,0.013630109839141369,0.01307213120162487,0.004714534617960453,-0.010538436472415924,-0.01104729063808918,-0.03721565380692482,-0.01932184025645256,-0.003229778027161956,-0.007012827321887016,-0.004485274199396372,0.003468445036560297,0.0,0.015764499083161354,-0.01899418607354164,-0.0021749897859990597,-0.002689861226826906,-0.0004205796285532415
2025-07-22,0.01090480200946331,0.015299907885491848,0.0055852010846138,0.008995508775115013,0.03265146166086197,0.0038543648552149534,-0.0036697795148938894,0.017213819548487663,0.004982299637049437,-0.0026373243890702724,0.002402191748842597,0.0018189307302236557,0.04376237839460373,-0.0079494034871459,0.018965255469083786,0.005765165667980909,-0.009705789387226105,-0.00086023478070274,0.0015796335646882653,-0.005868416745215654,0.011531376279890537,-0.01065730769187212,0.028587576001882553,-0.009435403160750866,0.01833941414952278,0.03563127666711807,0.020999738946557045,-0.01589495874941349,0.013358183205127716,0.010541723109781742,0.0026180031709372997,0.011000645346939564,0.001879691844806075
2025-07-24,-0.006829222664237022,-0.0031109817791730165,-0.006564602255821228,-0.0018227893160656095,-0.0021690265275537968,-0.0013292129151523113,-0.01122230663895607,0.004503509029746056,0.0017947762971743941,-0.004820677917450666,0.017543721944093704,-0.008085355162620544,-0.19178342819213867,0.0023108376190066338,-0.00869984645396471,-0.06380608677864075,-0.07930133491754532,-0.03729836642742157,-0.0007079977658577263,-0.0008681504987180233,-0.01228492520749569,-0.010129437781870365,0.0015467257471755147,0.009855005890130997,-0.017480963841080666,-0.00039441787521354854,0.0033429148606956005,-0.008148787543177605,-0.01044187881052494,-0.048793673515319824,-0.0037222427781671286,0.005586665589362383,0.00956949032843113
2025-07-28,-0.007496505510061979,-0.02967166155576706,-0.0037011010572314262,0.0007945430115796626,-0.01740536279976368,-0.0027958457358181477,0.014271680265665054,-0.0018691780278459191,0.00422729691490531,-0.011273122392594814,0.009256846271455288,-0.009096969850361347,0.0078095016069710255,-0.007338341325521469,0.005022847559303045,0.003739044303074479,0.013348013162612915,-0.0009666727273724973,-0.0011391971493139863,-0.015736931934952736,0.002509715734049678,0.005143066868185997,-0.007702874485403299,-0.0023582966532558203,0.038201600313186646,-0.01955259032547474,-0.00754584139212966,-0.005176525097340345,-0.023801375180482864,0.0037643646355718374,-0.004407059401273727,-0.01685432717204094,0.0014353026635944843
2025-07-30,-0.008339380845427513,-0.005996298044919968,-0.013694800436496735,-0.010563460178673267,-0.007240607403218746,-0.016766469925642014,-0.0010621593100950122,0.009419535286724567,-0.009695854969322681,0.004697567783296108,-0.022345587611198425,-0.0030904358718544245,-0.05133507773280144,-0.001681860419921577,-0.014037754386663437,0.001982499146834016,-0.008226992562413216,-0.00343557121232152,0.008681518025696278,-0.009121756069362164,0.003100743517279625,-0.03465380147099495,-0.010706886649131775,0.001306250225752592,-0.02128967083990574,-0.020370710641145706,-0.024105364456772804,0.008113687857985497,-0.0034698466770350933,0.018858088180422783,-0.001082278206013143,-0.0025788741186261177,-0.007554185576736927
2025-08-01,0.01641380600631237,0.018758362159132957,0.0064086345955729485,-0.02532157115638256,0.006013740785419941,-0.01698218286037445,0.0002704176295083016,-0.021530482918024063,-0.02982115000486374,-0.014350449666380882,-0.0015839843545109034,-0.021383950486779213,-0.06657291203737259,-0.019565826281905174,0.01659579388797283,-0.021088937297463417,-0.012321258895099163,-0.02505883015692234,-0.023463686928153038,0.014186803251504898,0.009354022331535816,-0.032765164971351624,0.014865879900753498,-0.017757445573806763,-0.0009376773959957063,0.008550617843866348,0.0011954796500504017,-0.004834947641938925,-0.007405078038573265,-0.048395588994026184,-0.01787385903298855,0.0028024602215737104,0.005191621836274862
2025-08-05,0.002220151014626026,-0.01161879301071167,0.013221493922173977,-0.002116874326020479,-0.006179333198815584,-0.006551999133080244,0.01127026416361332,0.0012213471345603466,-0.019327981397509575,-0.01426392886787653,0.013154705986380577,-0.00866747833788395,0.03593747690320015,-0.007077049929648638,0.011980915442109108,0.0012221158249303699,-0.005212386138737202,0.03477299213409424,-0.009869862347841263,0.0013043604558333755,-0.018110040575265884,0.014901692979037762,0.011578024365007877,-0.014839664101600647,-0.0058981869369745255,0.05054926499724388,-0.0016596184577792883,-0.006694168318063021,0.00821714848279953,0.040739018470048904,-0.013891058973968029,-0.0065406509675085545,-0.002815397921949625
2025-08-07,0.0059879678301513195,-0.0028507481329143047,0.010326262563467026,0.03129874914884567,0.00010546411067480221,-0.0027445086743682623,0.01012458000332117,-0.02509484626352787,-0.033836446702480316,0.009920304641127586,0.002484202617779374,-0.020083943381905556,0.01444911677390337,-0.0069229481741786,-0.0016299590934067965,-0.012161459773778915,-0.008438835851848125,-0.03185930848121643,-0.015252187848091125,0.01314881257712841,0.0008122388389892876,0.006081453058868647,0.011638980358839035,-0.007840975187718868,-0.015084161423146725,0.01245857309550047,0.004112951923161745,6.41127408016473e-05,-0.008331199176609516,-0.00452651921659708,-0.022774582728743553,0.014068285003304482,-0.002324671484529972
2025-08-11,-0.025324517861008644,-0.007208064664155245,-0.019848469644784927,-0.008372316136956215,-0.010953879915177822,-0.004042597953230143,-0.013887840323150158,-0.019344612956047058,-0.03309759125113487,-0.01572408527135849,-0.01011486817151308,0.001066765864379704,-0.016631321981549263,-0.0028184286784380674,-0.0008254334097728133,0.0006471205851994455,-0.024950651451945305,0.03448611870408058,0.0027665758971124887,0.005811959505081177,-0.0035749245434999466,0.013026283122599125,-0.008213144727051258,-0.0005173156387172639,-0.0022942079231142998,0.0,0.009530373848974705,-0.0003874715184792876,-0.0023057125508785248,0.005881577730178833,-0.0026163754519075155,0.0006949699600227177,0.0019262178102508187
2025-08-13,0.0029220753349363804,-0.0058951787650585175,0.015707600861787796,0.015897421166300774,0.015148855745792389,0.011998593807220459,0.003261921927332878,0.0023959518875926733,0.022915909066796303,-0.013824391178786755,0.009216655977070332,0.025352971628308296,0.054237037897109985,0.0017606336623430252,0.02784108929336071,0.012501595541834831,0.02232428640127182,0.018624197691679,-0.007953695952892303,-0.0035418549086898565,0.011306893080472946,0.01477778423577547,0.02957089990377426,-0.016498329117894173,0.030245518311858177,0.02047852613031864,0.0020612035878002644,0.0014139621052891016,0.0201419685035944,0.03840126842260361,0.017106538638472557,0.010579639114439487,-0.025708898901939392
2025-08-15,0.00023985154984984547,0.003019339870661497,-0.002319507533684373,-0.005125280003994703,0.021065494045615196,-0.007371250074356794,0.008837679401040077,-0.02353215217590332,0.03812908008694649,-0.045764509588479996,0.008918599225580692,-0.007941288873553276,-0.0004279450513422489,-0.02230255864560604,-0.0023508567828685045,-0.0013829899253323674,0.010947405360639095,0.028915639966726303,-0.0125547144562006,0.005305606406182051,-6.486009806394577e-05,-0.02757096104323864,0.017368776723742485,-0.004430985078215599,0.007563942112028599,0.0011939933756366372,0.004024657420814037,-0.0020098716486245394,-0.01123229879885912,0.11313524097204208,-0.0029566700104624033,0.016868479549884796,-0.006131143309175968
2025-08-19,-0.005507846362888813,-0.010827955789864063,-0.018348613753914833,-0.0014302786439657211,0.00996327493339777,-0.003098762594163418,-0.03240266814827919,0.008326061069965363,0.008286219090223312,-0.0028418349102139473,-0.010536345653235912,-0.0024053906090557575,0.012401294894516468,-0.013192625716328621,0.031178481876850128,0.0015699217328801751,0.007613505702465773,0.06741370260715485,-0.0029886928386986256,0.014361850917339325,0.007197704631835222,0.009635481983423233,0.00839497335255146,-0.01427656039595604,-0.0071285441517829895,0.009922688826918602,0.01706387847661972,-0.01190331019461155,0.01480008102953434,-0.01387260016053915,-0.0008463971898891032,0.01231398992240429,0.005841953679919243
2025-08-21,-0.0019460211042314768,0.0012418493861332536,0.008503684774041176,-0.004923352971673012,-0.0023302403278648853,-0.0007460041670128703,-0.005154598969966173,-0.006440164055675268,-0.0025188729632645845,-0.0013420189497992396,0.015092495828866959,-0.0071168807335197926,-0.016328591853380203,-0.006584842223674059,-0.010107084177434444,0.0019336760742589831,-0.0130721190944314,-0.0017007195856422186,-0.002638267818838358,-0.0005658556474372745,0.00044702942250296474,-0.0023938631638884544,0.016633877530694008,-0.0012882743030786514,-0.0010496568866074085,0.014084763824939728,-0.004901961423456669,-0.001725730369798839,0.001929689198732376,0.011638328433036804,-0.0006979912286624312,-0.0006660508224740624,-0.04598628357052803
2025-08-25,-0.00017778178153093904,0.004262868780642748,-0.008393463678658009,-0.0026377933099865913,-0.018035870045423508,-0.010583519004285336,-0.01422374602407217,-0.007765298243612051,-0.0016929414123296738,-0.002677337499335408,0.00012650407734327018,-0.009722369723021984,-0.007595456205308437,-0.004187293350696564,-0.009468442760407925,-0.010012649931013584,-0.011048467829823494,-0.01013179961591959,-0.004533550702035427,-0.01725909486413002,-0.002007950795814395,-0.013637734577059746,-0.02386043593287468,-0.00587253225967288,0.010028542019426823,-0.029010290279984474,-0.016009505838155746,0.00019196052744518965,-0.014399848878383636,-0.008362291380763054,-0.003491409821435809,-0.00473667960613966,-0.007879765704274178
2025-08-27,0.004710601642727852,-0.008121821098029613,0.0027694350574165583,0.005132704973220825,-0.005575197283178568,0.005784816108644009,0.003358461195603013,0.0032641903962939978,0.025998637080192566,0.0007309163920581341,0.011876339092850685,0.0037328586913645267,0.0,0.0009609018452465534,0.0017160257557407022,-0.005903407000005245,0.009067200124263763,0.020325902849435806,0.002375105395913124,0.0014538302784785628,-0.0048369960859417915,-0.0002555853861849755,-0.010883742943406105,0.009318199940025806,-0.007530003320425749,0.006001189351081848,0.006327404174953699,0.0016905157826840878,0.004860984161496162,0.011418147943913937,-0.0023661989253014326,0.007027177140116692,0.00031227574800141156
2025-08-29,0.012135375291109085,0.012246830388903618,0.02544543705880642,-0.0018076535779982805,0.007325733546167612,0.013034403324127197,-0.006286703981459141,-0.03717270493507385,0.006734904833137989,-0.004909048322588205,0.008001989684998989,0.006270646583288908,0.01678643748164177,-0.0026398994959890842,-0.001670374535024166,-0.008393021300435066,-0.009157455526292324,-0.023540044203400612,0.0011618133867159486,0.009173558093607426,0.004218872636556625,-0.012967613525688648,0.010876826010644436,-0.005805216263979673,-0.007083457428961992,0.0064830416813492775,0.008890610188245773,-0.012905051931738853,0.004540581721812487,0.02476605214178562,0.005472976714372635,0.006805818062275648,0.009011429734528065
2025-09-03,0.012264609336853027,-0.0024102020543068647,0.011402703821659088,0.03738236427307129,-0.010757572017610073,-0.022813953459262848,-0.021288270130753517,-0.002237741369754076,0.01409781165421009,-0.0019193479092791677,-0.023571712896227837,-0.007553603500127792,-0.019860031083226204,-0.0003967996744904667,0.003439702093601227,-0.016682470217347145,0.010708487592637539,-0.008711902424693108,-0.0006341890548355877,-0.0010141587117686868,0.001993227517232299,-0.014823871664702892,-0.015325065702199936,0.00045526030589826405,0.006039047613739967,-0.007635158486664295,0.001138609484769404,0.0006327874725684524,0.011638675816357136,-0.002983672544360161,0.0022826867643743753,-0.0013707280158996582,0.016118790954351425
2025-09-05,0.013205346651375294,-0.0012262059608474374,0.00397639162838459,-0.00037538091419264674,0.012559229508042336,-0.013488381169736385,-0.004952653311192989,0.006782830692827702,0.02728707529604435,-0.016161557286977768,-0.02588871493935585,-0.007603890262544155,0.024376345798373222,-0.014377130195498466,0.017480948939919472,-0.004238353110849857,0.005446717608720064,-0.004888027440756559,-0.03156404197216034,-0.004258081782609224,-0.008267750963568687,-0.001415587612427771,0.007821761071681976,-0.025864627212285995,-0.01929575391113758,0.013759720139205456,0.005200336221605539,-0.0073371147736907005,-0.015180910937488079,0.01601262204349041,-0.022386088967323303,0.004516738001257181,-0.004169963300228119
2025-09-09,0.0014282835181802511,0.0023355300072580576,-0.013316690921783447,-0.014950618147850037,-0.000785500044003129,-0.0032935638446360826,-0.006211033556610346,-0.01115525420755148,-0.0008328186813741922,0.0068544186651706696,0.005504371132701635,-0.012446648441255093,0.006650055292993784,0.02931607887148857,-0.011014370247721672,-0.002564462833106518,0.011723650619387627,-0.0016352827660739422,0.016724636778235435,0.006356749217957258,-0.0008955110097303987,-0.005991926416754723,0.006164919584989548,0.0004214025684632361,-0.007445117924362421,0.006496124435216188,0.0028260713443160057,-0.01614575833082199,-0.0033940793946385384,0.08287064731121063,0.0049250018782913685,0.005754374898970127,9.776204387890175e-05
2025-09-11,-0.001840587123297155,0.008861648850142956,0.01361844502389431,0.014185256324708462,0.015038449317216873,0.018294544890522957,-0.0336560495197773,0.019829994067549706,0.015178785659372807,-0.006479126401245594,0.0029110664036124945,0.011079284362494946,0.04873022437095642,0.019494786858558655,0.02436031587421894,0.016908641904592514,0.0005059470422565937,-0.006480372976511717,0.01656525209546089,-0.002953289309516549,0.008105847053229809,0.037699323147535324,0.013240545988082886,0.0012782763224095106,0.0010768361389636993,0.011733932420611382,0.008101866580545902,0.01695220172405243,0.02573724277317524,0.019504038617014885,0.015757199376821518,0.014835280366241932,0.02206326276063919
2025-09-15,0.008947642520070076,0.014496124349534512,0.003062219824641943,0.011173251084983349,-0.007226068992167711,0.005976472049951553,-0.0008802726515568793,0.010190785862505436,-0.0009890568908303976,0.007338017225265503,0.0012721417006105185,-0.0029363532084971666,-0.03536238148808479,0.008552462793886662,4.730408909381367e-05,0.001323243253864348,0.010987360961735249,0.02825164422392845,0.0064629726111888885,-0.004370350856333971,-0.010963558219373226,-0.0076940301805734634,-0.01202311646193266,0.010650995187461376,0.000410851847846061,0.004180560819804668,-0.006799450609833002,0.016040006652474403,-0.009473704732954502,-0.006903639063239098,-0.0011202209861949086,-0.002276921644806862,0.00193075742572546
2025-09-17,-0.0019265079172328115,-0.013472563587129116,-0.01779293455183506,0.0035210514906793833,0.005951250437647104,0.027028651908040047,-0.0018154288409277797,0.022416843101382256,0.013785169459879398,0.01173421647399664,0.0034415132831782103,0.007521671708673239,0.002448076382279396,0.01100180484354496,-0.01061488501727581,0.0034546172246336937,0.006039533764123917,-0.014750150963664055,0.008245588280260563,0.012005033902823925,0.005523880012333393,-0.008599216118454933,0.0006164030637592077,0.0019233027705922723,-0.006066492758691311,0.006256507709622383,0.014322709292173386,-0.0017040560487657785,0.01126187201589346,0.005371390376240015,0.017982803285121918,0.010687943547964096,0.008185281418263912
2025-09-19,0.007600662298500538,0.006147083826363087,0.019681761041283607,0.031530559062957764,0.034142084419727325,-0.0016110509168356657,-4.641564373741858e-05,-0.0008997651166282594,0.011437510140240192,-0.006866844370961189,-0.016696058213710785,-0.009623012505471706,-0.026051953434944153,0.0008574958192184567,-0.004296864382922649,-0.003956489730626345,0.005269038025289774,-0.03292066976428032,0.0049361721612513065,-0.00045153204700909555,0.004109236877411604,0.007692471146583557,-0.0002453173801768571,0.01847313717007637,-0.016924556344747543,-0.004981338512152433,-0.008169705979526043,0.00031603535171598196,-0.0032438314519822598,0.005569467321038246,0.010091342963278294,-0.004360247869044542,-0.012334384955465794
2025-09-23,0.010610006749629974,0.002511578146368265,0.008932826109230518,-0.006464106496423483,0.0028281528502702713,0.001435936545021832,0.019840531051158905,-0.0017809164710342884,-0.020759478211402893,-0.003104454604908824,0.008740860968828201,-0.0027578005101531744,-0.013469669036567211,0.0009430428617633879,-0.0026490925811231136,0.0014821452787145972,0.0032008453272283077,0.019966237246990204,0.0009596414747647941,0.0075233690440654755,0.0006599199259653687,0.01567014679312706,-0.00548767251893878,-0.010198562406003475,-0.004922288935631514,0.0037366552278399467,-0.0037308265455067158,0.006938218604773283,0.0005432437756098807,0.018549412488937378,-0.016572751104831696,0.004392504692077637,-0.002922014333307743
2025-09-25,0.0012852605432271957,-0.011108338832855225,0.02079777792096138,0.01791158691048622,-0.02921731024980545,-0.000881537445820868,-0.00732573214918375,-0.013004868291318417,-0.02029489539563656,0.007841994054615498,0.009628207422792912,-0.003886580467224121,-0.041038066148757935,0.0029360547196120024,-0.005677708424627781,-0.0043238624930381775,0.05068762227892876,0.08500751852989197,9.568584937369451e-05,-0.0070979841984808445,-0.006692711729556322,-0.010207125917077065,-0.026325704529881477,-0.006134616676717997,-0.028195034712553024,-0.02055012434720993,-0.0017730079125612974,-0.005405695177614689,-0.008858625777065754,-0.01792503520846367,-0.011134146712720394,0.0039292448200285435,0.003110141260549426
2025-09-29,0.012006108649075031,0.026266397908329964,0.008423753082752228,-0.004040109924972057,0.0036200133617967367,0.0018420732812955976,-0.01907249726355076,0.012481851503252983,0.0068368795327842236,0.007410661317408085,-0.025676455348730087,0.011478741653263569,-0.0030534432735294104,0.0020041107200086117,-0.008055063895881176,0.005221989005804062,-0.01599009521305561,-0.029153263196349144,-0.0011713010026142001,0.005618490744382143,-0.007398630492389202,0.008276667445898056,0.0002546260366216302,0.006120441481471062,0.00345686380751431,0.0037806883919984102,0.006731459870934486,0.0017125646118074656,-0.0045466115698218346,0.0031919144093990326,0.008235844783484936,-0.008289246819913387,-0.0007757634157314897
2025-10-01,0.006927612703293562,0.0052930014207959175,0.022172585129737854,0.003215156262740493,0.056153908371925354,-0.010897343046963215,-0.0029232550878077745,0.007662070449441671,-0.005542771425098181,0.004811540711671114,-0.004582512658089399,-0.013629629276692867,0.005219622049480677,-0.013705488294363022,-0.020369423553347588,-0.0015213371952995658,0.015229298733174801,0.0688140019774437,-0.015076820738613605,0.006912171375006437,-0.011151541955769062,0.005270313937216997,0.07126990705728531,0.0033922544680535793,0.06213339418172836,0.06569069623947144,-0.003063586074858904,-0.0007772886310704052,-0.007116446737200022,0.008650620467960835,0.018717559054493904,-0.0027341386303305626,-0.010730771347880363
2025-10-03,0.010647105053067207,0.03214425593614578,0.0341283418238163,0.003455274971202016,0.0016462969360873103,-0.0007265317835845053,-0.00521057890728116,0.014730807393789291,0.006176467519253492,0.0002945703745353967,0.0011730259284377098,0.002938491990789771,0.005472567398101091,0.013508844189345837,0.00012658107152674347,-0.009332086890935898,0.0057382769882678986,-0.01268052589148283,0.008031444624066353,0.008286324329674244,0.0036614439450204372,-0.0008820217335596681,-0.003581460565328598,0.0031167517881840467,-0.03604486212134361,0.010652104392647743,0.0014458672376349568,-0.00030012024217285216,0.016011705622076988,0.01815374754369259,0.011181604117155075,0.0062018586322665215,0.0036315505858510733
2025-10-07,0.0070914472453296185,0.012157573364675045,-0.018959006294608116,-0.0008183689205907285,0.004816340282559395,-0.012182667851448059,0.009466774761676788,-0.017656702548265457,-0.024881791323423386,0.0011601770529523492,0.005761857610195875,-0.0019531222060322762,-0.04007510840892792,-0.008988822810351849,-0.006493640132248402,-9.569775284035131e-05,0.01525856927037239,0.015726951882243156,-0.004830817226320505,0.010384635999798775,0.0009453388629481196,-0.0038551685865968466,-0.013491603545844555,-0.008721839636564255,-0.03227001428604126,-0.006072085816413164,0.014061825349926949,0.0027804311830550432,0.007891522720456123,0.013537904247641563,0.008949742652475834,-0.0009656649199314415,0.005244265776127577
2025-10-09,-0.024282759055495262,0.005829193629324436,-0.0378241166472435,-0.01570046693086624,0.0027455200906842947,0.001912736683152616,-0.04224323853850365,-0.003511267714202404,0.020175326615571976,-0.005274839233607054,-0.013753622770309448,-0.008076205849647522,-0.023277688771486282,0.004433118738234043,-0.016021830961108208,-0.027146166190505028,-0.004258278291672468,0.009836552664637566,0.0049215927720069885,0.003773821983486414,-0.0020060036331415176,-0.02020265907049179,0.012651176191866398,-0.004678834695369005,-0.015020253136754036,-0.01728244498372078,-0.0007302523590624332,-0.03864431753754616,-0.029975181445479393,-0.006046606227755547,-0.012371211312711239,-0.011929459869861603,-0.011042348109185696
2025-10-13,0.03283124789595604,0.050669264048337936,0.06579207628965378,0.009697171859443188,0.007793567609041929,0.02145906537771225,0.022661609575152397,0.02702820859849453,0.028833912685513496,-0.007090182509273291,0.02021077275276184,0.00984238926321268,0.03660981357097626,0.028909845277667046,0.009587882086634636,0.009905422106385231,-0.0021620080806314945,0.023102054372429848,0.023257581517100334,-0.0035863902885466814,0.010383176617324352,0.015674859285354614,-0.0033782070968300104,0.006029170472174883,0.032582011073827744,-0.002019811188802123,-0.014806115999817848,0.00726599246263504,0.0009621732169762254,0.011666476726531982,-0.0010189857566729188,-0.0025125257670879364,0.002745750593021512
2025-10-15,0.009187545627355576,-0.0017081338446587324,0.014972666278481483,0.006316537968814373,0.011739492416381836,-0.006601287983357906,-0.0014009017031639814,0.012397491373121738,-0.01339371781796217,0.012447590939700603,-0.0018390403129160404,0.0048456513322889805,0.012692849151790142,-0.0036785383708775043,0.001494782860390842,-0.02972656674683094,0.016520477831363678,0.04177580401301384,0.011879686266183853,-0.006389814894646406,0.0022630963940173388,0.006143783684819937,-0.006990124937146902,-0.0002727012906689197,0.0120500847697258,-0.00531597388908267,-0.011733924970030785,-0.015170942060649395,-0.02271285653114319,0.003383818781003356,-0.00775144761428237,-0.004201122559607029,0.016833564266562462
2025-10-17,-0.021322939544916153,-0.005359277594834566,-0.06142649054527283,0.019370613619685173,0.010090581141412258,0.07020530849695206,0.0049431780353188515,-0.025993064045906067,-0.011940882541239262,0.014940673485398293,0.008989892899990082,0.007163939066231251,-0.0004567134892567992,-0.009702825918793678,0.01157468929886818,-0.0010342254536226392,0.019058451056480408,0.00460388557985425,-0.003288078820332885,0.012497504241764545,0.008998768404126167,0.008090779185295105,0.010313714854419231,0.0038432921282947063,0.007898172363638878,0.011489707976579666,0.01196021307259798,0.005714281927794218,0.001680724322795868,-0.00019632726616691798,0.01916520670056343,0.0046965512447059155,0.011764858849346638
2025-10-21,-0.059062033891677856,-0.013698908500373363,-0.07447969913482666,0.0020189841743558645,-0.007245976477861404,0.016290951520204544,0.0020272177644073963,-0.01236951258033514,0.03527570515871048,0.0009903048630803823,-0.004476564470678568,0.02068495564162731,0.005532553419470787,-0.005701931193470955,0.00515521178022027,0.014695072546601295,-0.005656798370182514,0.0005248087109066546,-0.017583200708031654,0.03981615602970123,-0.000942602870054543,0.07383100688457489,0.014947998337447643,0.0016821186291053891,0.010884064249694347,0.0064594075083732605,-0.002239987952634692,0.07392121106386185,0.01530174259096384,0.002438795519992709,0.008096974343061447,-0.012330613099038601,-0.007783639710396528
2025-10-23,0.019854040816426277,0.024097515270113945,0.021284272894263268,0.004362573381513357,-0.010494766756892204,0.008289390243589878,0.005433331243693829,0.012741787359118462,-0.00621482077986002,-0.005534776486456394,0.0063435290940105915,-0.0004422927158884704,0.12176889181137085,0.008265616372227669,-0.010180945508182049,0.06583546102046967,-0.008768496103584766,0.03303448110818863,0.0014610490761697292,-0.012362361885607243,-0.010177073068916798,0.02579616755247116,-0.004920171573758125,3.841293073492125e-05,0.008648045361042023,-0.0020247185602784157,6.572015263373032e-05,0.008169716224074364,0.002269420539960265,-0.00288103218190372,0.0017359046032652259,-0.03580939397215843,-0.002616788260638714
2025-10-27,-0.028695490211248398,0.009185120463371277,-0.03823970630764961,0.022535281255841255,-0.0020586480386555195,0.011429057456552982,0.007426584605127573,0.008268339559435844,0.002508302917703986,0.010702850297093391,-0.0018016299000009894,0.005892269313335419,0.03641080856323242,0.007764308247715235,-0.0036530927754938602,-0.004962758161127567,0.018145667389035225,0.03238530457019806,0.012272905558347702,0.005008213222026825,0.01367366686463356,-0.0005936879897490144,0.005812293849885464,0.01499377004802227,-0.00755279092118144,0.00040378328412771225,-0.0049304901622235775,0.0032971894834190607,0.0016659011598676443,0.009554291144013405,0.0012657861225306988,0.010506178252398968,-0.016141626983880997
2025-10-29,0.004402578342705965,0.017929906025528908,0.012567920610308647,0.002598920138552785,-0.0010962059022858739,-0.007813727483153343,-0.04463902860879898,0.110060915350914,-0.011073429137468338,-0.01792338117957115,0.006273689214140177,-0.012709205038845539,-0.020701304078102112,-0.011465724557638168,-0.020189419388771057,-0.00711450120434165,-0.014047166332602501,-0.004585470072925091,0.0004911827854812145,-0.026136938482522964,-0.013306173495948315,-0.013274768367409706,-0.005183996167033911,-0.0009597726748324931,-0.031332552433013916,-0.00860826950520277,-0.017325621098279953,-0.013013153336942196,-0.0008207709761336446,-0.03479811176657677,-0.016333289444446564,0.022382410243153572,-0.006905649323016405
2025-10-31,-0.004784902557730675,-0.0024646902456879616,-0.009002195671200752,-0.0038023164961487055,0.02178158611059189,0.005141702014952898,0.00468713091686368,-0.010151696391403675,0.014544126577675343,0.002739310497418046,0.026990454643964767,0.0069501036778092384,0.0020986637100577354,-0.0010002580238506198,0.00010535836918279529,0.006078145932406187,-0.008583460003137589,-0.004242006689310074,0.00541445380076766,-0.0011604714673012495,-0.013314430601894855,0.00030036564567126334,-0.0034830777440220118,-0.015236517414450645,-0.004788076039403677,0.01471210177987814,0.0052675120532512665,0.006068777292966843,-0.008857987821102142,-0.00929617416113615,-0.01251166220754385,0.019822824746370316,-0.01032409630715847
2025-11-04,-0.013236251659691334,-0.024266669526696205,-0.01595519855618477,0.003672871273010969,0.0013491373974829912,-0.0031297332607209682,-0.0322929210960865,-0.041162360459566116,-0.02675720863044262,-0.029027005657553673,-0.0042286217212677,-0.005814213305711746,-0.02793717011809349,0.006737117655575275,0.012424101121723652,-0.006645889952778816,-0.012814369052648544,-0.06457231193780899,-0.00032333043054677546,0.010100369341671467,0.009536993689835072,-0.009913957677781582,0.016471680253744125,-0.005235797725617886,-0.02292647585272789,-0.014706172049045563,-0.00575905991718173,-0.008110021241009235,0.035310301929712296,-0.00890745036303997,0.010041344910860062,-0.0038076331838965416,0.0066712964326143265
2025-11-06,-0.00010053679579868913,-0.0035323090851306915,-0.001442659879103303,-0.0013706648023799062,-0.013439451344311237,-0.00019131629960611463,-0.005683538969606161,0.0011063101701438427,-0.05453121289610863,-0.014810911379754543,0.0018324207048863173,-0.007843157276511192,-0.024451153352856636,-0.006971793714910746,-0.012841576710343361,-0.0058021158911287785,0.018250154331326485,-0.030153021216392517,0.005567189771682024,0.00799588393419981,-0.024037644267082214,-0.0028643584810197353,0.016336960718035698,-0.020035305991768837,-0.003548401640728116,0.00970490463078022,0.002329485723748803,0.00630195764824748,-0.001410589087754488,-0.019036386162042618,-0.009099035523831844,0.0032700588926672935,0.0020674290135502815
2025-11-10,0.027716515585780144,0.029727812856435776,0.044001638889312744,0.004538365174084902,0.01074774656444788,-0.001792465802282095,0.0010271529899910092,0.013669246807694435,0.0075998869724571705,0.014249985106289387,0.004055690951645374,0.013454275205731392,-0.008560579270124435,0.013716357760131359,-0.0018340175738558173,0.010252770967781544,0.014434190467000008,0.008357313461601734,0.008493231609463692,-0.0004254586820024997,-0.0018704691901803017,0.01702251471579075,0.005432617384940386,0.018308864906430244,-0.004758366383612156,-0.0016387106152251363,-0.010120407678186893,0.011573104187846184,0.00917836744338274,-0.008145175874233246,-0.0034880326129496098,-0.004506775643676519,-0.0016583881806582212
2025-11-12,0.023487484082579613,0.008088402450084686,0.052229296416044235,-0.0064878445118665695,-0.006432316266000271,0.007026223465800285,0.0014844428515061736,0.008922494947910309,0.006197512615472078,0.030894199386239052,-0.018865998834371567,0.015551132149994373,-0.0058439625427126884,0.034758053719997406,-0.008344847708940506,0.00587058300152421,0.004008307587355375,0.0002639123995322734,0.015062494203448296,-0.001397452550008893,0.00035844254307448864,0.014187140390276909,0.005482503212988377,0.004824468400329351,0.016490237787365913,0.014013487845659256,-0.003574435133486986,-0.008573613129556179,0.00038459201459772885,0.03484164550900459,0.0018607195233926177,0.002453951630741358,0.0
2025-11-14,-0.024002555757761,-0.007497343234717846,-0.04793325811624527,-0.0019803752657026052,0.002199996029958129,-0.02091754786670208,-0.0003083914634771645,0.0008668295340612531,0.01334487833082676,0.007980512455105782,0.013027025386691093,-0.016963062807917595,-0.007819377817213535,-0.018279071897268295,-0.015635037794709206,0.001810322399251163,0.002718917792662978,-0.010919872671365738,-0.019149569794535637,0.0012655340833589435,-0.0017896638019010425,-0.013690215535461903,-0.00010764578473754227,0.013597015291452408,-0.028573449701070786,-0.028713926672935486,-0.0019619702361524105,0.009212472476065159,-0.00045250289258547127,-0.032583341002464294,-0.01819596067070961,-0.0012169707333669066,-0.0005852847825735807
2025-11-18,-0.0017221024027094245,-0.007528247311711311,-0.0034627635031938553,-7.473925506928936e-05,0.006650167983025312,-0.0017304233042523265,-0.01143045537173748,-0.009409191086888313,-0.01500462181866169,-0.005285168997943401,0.0033253675792366266,0.005566783715039492,0.008272158913314342,0.0009536666329950094,-0.062078021466732025,-0.02389608696103096,-0.024595875293016434,-0.011008142493665218,-0.0032011480070650578,0.007611007895320654,-0.001017194939777255,0.0024155692663043737,0.0377243310213089,-0.027366621419787407,-0.006539606489241123,0.014645060524344444,0.00799155980348587,-0.00519481860101223,0.008191030472517014,-0.021890152245759964,-0.01412852481007576,0.011395473964512348,-0.015268940478563309
2025-11-20,-0.00521255936473608,-0.0097317174077034,-0.010748626664280891,-0.008638626895844936,-0.018660126253962517,-0.002440379001200199,-0.03462596237659454,-0.01269981823861599,-0.011075727641582489,-0.03835868835449219,-0.009205054491758347,-0.01900038681924343,-0.017037726938724518,-0.015759864822030067,-0.006358010694384575,-0.012833256274461746,0.006460199598222971,-0.043364912271499634,-0.016255604103207588,0.001405307906679809,0.004679628182202578,-0.011896641924977303,-0.000842024979647249,-0.01613071747124195,-0.019505733624100685,-0.01948111690580845,0.008130655623972416,-0.006002893205732107,0.008302615955471992,0.007895201444625854,-0.001080449321307242,-0.010494307614862919,0.06260470300912857
2025-11-24,0.003721560351550579,-0.009327624924480915,0.008425836451351643,0.01618574745953083,-0.009645290672779083,0.008577626198530197,-0.00323283183388412,0.016522422432899475,-0.0012776755029335618,0.001837986521422863,-0.0015346864238381386,-0.022695163264870644,0.014755429700016975,0.0213206447660923,-0.019827179610729218,-0.007182879839092493,0.022209811955690384,0.03670922666788101,-6.707497959723696e-05,-0.004947124049067497,-0.014489487744867802,0.008707303553819656,0.02664674073457718,0.003974141553044319,-0.013950390741229057,0.007162720430642366,-0.02645338885486126,0.02059050276875496,0.0026510211173444986,-0.002879485720768571,0.00401648785918951,-0.025050437077879906,-0.01203569769859314
2025-11-26,0.006261760834604502,0.02078460156917572,0.03817511722445488,0.002091851783916354,0.01009232085198164,0.003660802962258458,0.02425934188067913,0.012487657368183136,-0.02583053708076477,-0.003281058045104146,0.0065762936137616634,0.001160957501269877,0.03014446422457695,0.01691904105246067,0.012455165386199951,-0.005406688898801804,-0.004179832991212606,0.02698400244116783,0.01519750989973545,0.003711535595357418,0.0062615154311060905,-0.004323136992752552,-0.009796143509447575,0.017683781683444977,0.010155564174056053,-0.0003888870123773813,-0.0016176149947568774,0.00602311734110117,0.0027879823464900255,0.01045751478523016,-0.002214479725807905,0.007119237445294857,0.01943611167371273
