t0,t1,asset,weight,expected_portfolio_return x1000,realized_portfolio_return x1000,objective,is_robust
2023-02-21,2023-02-28,bonds:EMB,0.0,-96,0,-0.10511401510740007,0
2023-02-21,2023-02-28,bonds:HYG,0.0,-96,0,-0.10511401510740007,0
2023-02-21,2023-02-28,bonds:IEF,0.0,-96,0,-0.10511401510740007,0
2023-02-21,2023-02-28,bonds:LQD,0.0,-96,0,-0.10511401510740007,0
2023-02-21,2023-02-28,bonds:SHY,1.0,-96,0,-0.10511401510740007,0
2023-02-21,2023-02-28,bonds:TIP,0.0,-96,0,-0.10511401510740007,0
2023-02-21,2023-02-28,bonds:TLT,0.0,-96,0,-0.10511401510740007,0
2023-02-28,2023-03-07,bonds:EMB,0.0,368,13,0.29461454368179546,0
2023-02-28,2023-03-07,bonds:HYG,0.0,368,13,0.29461454368179546,0
2023-02-28,2023-03-07,bonds:IEF,0.0,368,13,0.29461454368179546,0
2023-02-28,2023-03-07,bonds:LQD,0.0,368,13,0.29461454368179546,0
2023-02-28,2023-03-07,bonds:SHY,0.0,368,13,0.29461454368179546,0
2023-02-28,2023-03-07,bonds:TIP,0.0,368,13,0.29461454368179546,0
2023-02-28,2023-03-07,bonds:TLT,1.0,368,13,0.29461454368179546,0
2023-03-07,2023-03-14,bonds:EMB,0.0,62,27,0.022969105662454154,0
2023-03-07,2023-03-14,bonds:HYG,0.0,62,27,0.022969105662454154,0
2023-03-07,2023-03-14,bonds:IEF,1.0,62,27,0.022969105662454154,0
2023-03-07,2023-03-14,bonds:LQD,0.0,62,27,0.022969105662454154,0
2023-03-07,2023-03-14,bonds:SHY,0.0,62,27,0.022969105662454154,0
2023-03-07,2023-03-14,bonds:TIP,0.0,62,27,0.022969105662454154,0
2023-03-07,2023-03-14,bonds:TLT,0.0,62,27,0.022969105662454154,0
2023-03-14,2023-03-21,bonds:EMB,0.0,32,-4,0.021719288605445423,0
2023-03-14,2023-03-21,bonds:HYG,0.0,32,-4,0.021719288605445423,0
2023-03-14,2023-03-21,bonds:IEF,0.0,32,-4,0.021719288605445423,0
2023-03-14,2023-03-21,bonds:LQD,0.0,32,-4,0.021719288605445423,0
2023-03-14,2023-03-21,bonds:SHY,1.0,32,-4,0.021719288605445423,0
2023-03-14,2023-03-21,bonds:TIP,0.0,32,-4,0.021719288605445423,0
2023-03-14,2023-03-21,bonds:TLT,0.0,32,-4,0.021719288605445423,0
2023-03-21,2023-03-28,bonds:EMB,1.0,91,-9,0.03229629913557588,0
2023-03-21,2023-03-28,bonds:HYG,0.0,91,-9,0.03229629913557588,0
2023-03-21,2023-03-28,bonds:IEF,0.0,91,-9,0.03229629913557588,0
2023-03-21,2023-03-28,bonds:LQD,0.0,91,-9,0.03229629913557588,0
2023-03-21,2023-03-28,bonds:SHY,0.0,91,-9,0.03229629913557588,0
2023-03-21,2023-03-28,bonds:TIP,0.0,91,-9,0.03229629913557588,0
2023-03-21,2023-03-28,bonds:TLT,0.0,91,-9,0.03229629913557588,0
2023-03-28,2023-04-04,bonds:EMB,1.0,171,18,0.11238488952556583,0
2023-03-28,2023-04-04,bonds:HYG,0.0,171,18,0.11238488952556583,0
2023-03-28,2023-04-04,bonds:IEF,0.0,171,18,0.11238488952556583,0
2023-03-28,2023-04-04,bonds:LQD,0.0,171,18,0.11238488952556583,0
2023-03-28,2023-04-04,bonds:SHY,0.0,171,18,0.11238488952556583,0
2023-03-28,2023-04-04,bonds:TIP,0.0,171,18,0.11238488952556583,0
2023-03-28,2023-04-04,bonds:TLT,0.0,171,18,0.11238488952556583,0
2023-04-04,2023-04-12,bonds:EMB,0.0,91,1,0.06693132891217678,0
2023-04-04,2023-04-12,bonds:HYG,0.5005900020519951,91,1,0.06693132891217678,0
2023-04-04,2023-04-12,bonds:IEF,0.0,91,1,0.06693132891217678,0
2023-04-04,2023-04-12,bonds:LQD,0.0,91,1,0.06693132891217678,0
2023-04-04,2023-04-12,bonds:SHY,0.4994099979480049,91,1,0.06693132891217678,0
2023-04-04,2023-04-12,bonds:TIP,0.0,91,1,0.06693132891217678,0
2023-04-04,2023-04-12,bonds:TLT,0.0,91,1,0.06693132891217678,0
2023-04-12,2023-04-19,bonds:EMB,1.0,380,-13,0.32208626953056546,0
2023-04-12,2023-04-19,bonds:HYG,0.0,380,-13,0.32208626953056546,0
2023-04-12,2023-04-19,bonds:IEF,0.0,380,-13,0.32208626953056546,0
2023-04-12,2023-04-19,bonds:LQD,0.0,380,-13,0.32208626953056546,0
2023-04-12,2023-04-19,bonds:SHY,0.0,380,-13,0.32208626953056546,0
2023-04-12,2023-04-19,bonds:TIP,0.0,380,-13,0.32208626953056546,0
2023-04-12,2023-04-19,bonds:TLT,0.0,380,-13,0.32208626953056546,0
2023-04-19,2023-04-26,bonds:EMB,0.0,117,7,0.04582027596388233,0
2023-04-19,2023-04-26,bonds:HYG,0.0,117,7,0.04582027596388233,0
2023-04-19,2023-04-26,bonds:IEF,0.0,117,7,0.04582027596388233,0
2023-04-19,2023-04-26,bonds:LQD,0.0,117,7,0.04582027596388233,0
2023-04-19,2023-04-26,bonds:SHY,0.0,117,7,0.04582027596388233,0
2023-04-19,2023-04-26,bonds:TIP,0.0,117,7,0.04582027596388233,0
2023-04-19,2023-04-26,bonds:TLT,1.0,117,7,0.04582027596388233,0
2023-04-26,2023-05-03,bonds:EMB,0.0,166,5,0.1185240366693204,0
2023-04-26,2023-05-03,bonds:HYG,0.0,166,5,0.1185240366693204,0
2023-04-26,2023-05-03,bonds:IEF,0.0,166,5,0.1185240366693204,0
2023-04-26,2023-05-03,bonds:LQD,1.0,166,5,0.1185240366693204,0
2023-04-26,2023-05-03,bonds:SHY,0.0,166,5,0.1185240366693204,0
2023-04-26,2023-05-03,bonds:TIP,0.0,166,5,0.1185240366693204,0
2023-04-26,2023-05-03,bonds:TLT,0.0,166,5,0.1185240366693204,0
2023-05-03,2023-05-10,bonds:EMB,0.0,971,-11,0.9004379254007089,0
2023-05-03,2023-05-10,bonds:HYG,0.0,971,-11,0.9004379254007089,0
2023-05-03,2023-05-10,bonds:IEF,0.0,971,-11,0.9004379254007089,0
2023-05-03,2023-05-10,bonds:LQD,0.0,971,-11,0.9004379254007089,0
2023-05-03,2023-05-10,bonds:SHY,0.0,971,-11,0.9004379254007089,0
2023-05-03,2023-05-10,bonds:TIP,0.0,971,-11,0.9004379254007089,0
2023-05-03,2023-05-10,bonds:TLT,1.0,971,-11,0.9004379254007089,0
2023-05-10,2023-05-17,bonds:EMB,0.0,568,-24,0.4968369372419301,0
2023-05-10,2023-05-17,bonds:HYG,0.0,568,-24,0.4968369372419301,0
2023-05-10,2023-05-17,bonds:IEF,0.0,568,-24,0.4968369372419301,0
2023-05-10,2023-05-17,bonds:LQD,0.0,568,-24,0.4968369372419301,0
2023-05-10,2023-05-17,bonds:SHY,0.0,568,-24,0.4968369372419301,0
2023-05-10,2023-05-17,bonds:TIP,0.0,568,-24,0.4968369372419301,0
2023-05-10,2023-05-17,bonds:TLT,1.0,568,-24,0.4968369372419301,0
2023-05-17,2023-05-24,bonds:EMB,0.0,752,-12,0.6809335468201111,0
2023-05-17,2023-05-24,bonds:HYG,0.0,752,-12,0.6809335468201111,0
2023-05-17,2023-05-24,bonds:IEF,0.0,752,-12,0.6809335468201111,0
2023-05-17,2023-05-24,bonds:LQD,0.0,752,-12,0.6809335468201111,0
2023-05-17,2023-05-24,bonds:SHY,0.0,752,-12,0.6809335468201111,0
2023-05-17,2023-05-24,bonds:TIP,0.0,752,-12,0.6809335468201111,0
2023-05-17,2023-05-24,bonds:TLT,1.0,752,-12,0.6809335468201111,0
2023-05-24,2023-06-01,bonds:EMB,0.0,1130,30,1.059730030829217,0
2023-05-24,2023-06-01,bonds:HYG,0.0,1130,30,1.059730030829217,0
2023-05-24,2023-06-01,bonds:IEF,0.0,1130,30,1.059730030829217,0
2023-05-24,2023-06-01,bonds:LQD,0.0,1130,30,1.059730030829217,0
2023-05-24,2023-06-01,bonds:SHY,0.0,1130,30,1.059730030829217,0
2023-05-24,2023-06-01,bonds:TIP,0.0,1130,30,1.059730030829217,0
2023-05-24,2023-06-01,bonds:TLT,1.0,1130,30,1.059730030829217,0
2023-06-01,2023-06-08,bonds:EMB,0.0,23,0,0.010936912709882519,0
2023-06-01,2023-06-08,bonds:HYG,0.0,23,0,0.010936912709882519,0
2023-06-01,2023-06-08,bonds:IEF,0.0,23,0,0.010936912709882519,0
2023-06-01,2023-06-08,bonds:LQD,0.0,23,0,0.010936912709882519,0
2023-06-01,2023-06-08,bonds:SHY,0.9018863654201243,23,0,0.010936912709882519,0
2023-06-01,2023-06-08,bonds:TIP,0.09811363457987572,23,0,0.010936912709882519,0
2023-06-01,2023-06-08,bonds:TLT,0.0,23,0,0.010936912709882519,0
2023-06-08,2023-06-15,bonds:EMB,0.0,89,3,0.04898503829218132,0
2023-06-08,2023-06-15,bonds:HYG,0.0,89,3,0.04898503829218132,0
2023-06-08,2023-06-15,bonds:IEF,1.0,89,3,0.04898503829218132,0
2023-06-08,2023-06-15,bonds:LQD,0.0,89,3,0.04898503829218132,0
2023-06-08,2023-06-15,bonds:SHY,0.0,89,3,0.04898503829218132,0
2023-06-08,2023-06-15,bonds:TIP,0.0,89,3,0.04898503829218132,0
2023-06-08,2023-06-15,bonds:TLT,0.0,89,3,0.04898503829218132,0
2023-06-15,2023-06-23,bonds:EMB,1.0,108,3,0.05061528405480504,0
2023-06-15,2023-06-23,bonds:HYG,0.0,108,3,0.05061528405480504,0
2023-06-15,2023-06-23,bonds:IEF,0.0,108,3,0.05061528405480504,0
2023-06-15,2023-06-23,bonds:LQD,0.0,108,3,0.05061528405480504,0
2023-06-15,2023-06-23,bonds:SHY,0.0,108,3,0.05061528405480504,0
2023-06-15,2023-06-23,bonds:TIP,0.0,108,3,0.05061528405480504,0
2023-06-15,2023-06-23,bonds:TLT,0.0,108,3,0.05061528405480504,0
2023-06-23,2023-06-30,bonds:EMB,0.0,288,11,0.24622806452426285,0
2023-06-23,2023-06-30,bonds:HYG,1.0,288,11,0.24622806452426285,0
2023-06-23,2023-06-30,bonds:IEF,0.0,288,11,0.24622806452426285,0
2023-06-23,2023-06-30,bonds:LQD,0.0,288,11,0.24622806452426285,0
2023-06-23,2023-06-30,bonds:SHY,0.0,288,11,0.24622806452426285,0
2023-06-23,2023-06-30,bonds:TIP,0.0,288,11,0.24622806452426285,0
2023-06-23,2023-06-30,bonds:TLT,0.0,288,11,0.24622806452426285,0
2023-06-30,2023-07-10,bonds:EMB,0.0,141,-4,0.10099019233809378,0
2023-06-30,2023-07-10,bonds:HYG,1.0,141,-4,0.10099019233809378,0
2023-06-30,2023-07-10,bonds:IEF,0.0,141,-4,0.10099019233809378,0
2023-06-30,2023-07-10,bonds:LQD,0.0,141,-4,0.10099019233809378,0
2023-06-30,2023-07-10,bonds:SHY,0.0,141,-4,0.10099019233809378,0
2023-06-30,2023-07-10,bonds:TIP,0.0,141,-4,0.10099019233809378,0
2023-06-30,2023-07-10,bonds:TLT,0.0,141,-4,0.10099019233809378,0
2023-07-10,2023-07-17,bonds:EMB,0.0,16,3,0.0062271968661090655,0
2023-07-10,2023-07-17,bonds:HYG,0.0,16,3,0.0062271968661090655,0
2023-07-10,2023-07-17,bonds:IEF,0.0,16,3,0.0062271968661090655,0
2023-07-10,2023-07-17,bonds:LQD,0.0,16,3,0.0062271968661090655,0
2023-07-10,2023-07-17,bonds:SHY,1.0,16,3,0.0062271968661090655,0
2023-07-10,2023-07-17,bonds:TIP,0.0,16,3,0.0062271968661090655,0
2023-07-10,2023-07-17,bonds:TLT,0.0,16,3,0.0062271968661090655,0
2023-07-17,2023-07-24,bonds:EMB,0.0,891,-4,0.2582279163771601,1
2023-07-17,2023-07-24,bonds:HYG,0.0,891,-4,0.2582279163771601,1
2023-07-17,2023-07-24,bonds:IEF,0.0,891,-4,0.2582279163771601,1
2023-07-17,2023-07-24,bonds:LQD,0.0,891,-4,0.2582279163771601,1
2023-07-17,2023-07-24,bonds:SHY,0.0,891,-4,0.2582279163771601,1
2023-07-17,2023-07-24,bonds:TIP,0.0,891,-4,0.2582279163771601,1
2023-07-17,2023-07-24,bonds:TLT,1.0,891,-4,0.2582279163771601,1
2023-07-24,2023-07-31,bonds:EMB,0.19788816029678205,-54,2,-0.14064573355992718,1
2023-07-24,2023-07-31,bonds:HYG,0.022981919856740737,-54,2,-0.14064573355992718,1
2023-07-24,2023-07-31,bonds:IEF,0.0,-54,2,-0.14064573355992718,1
2023-07-24,2023-07-31,bonds:LQD,0.0,-54,2,-0.14064573355992718,1
2023-07-24,2023-07-31,bonds:SHY,0.7791299198464773,-54,2,-0.14064573355992718,1
2023-07-24,2023-07-31,bonds:TIP,0.0,-54,2,-0.14064573355992718,1
2023-07-24,2023-07-31,bonds:TLT,0.0,-54,2,-0.14064573355992718,1
2023-07-31,2023-08-07,bonds:EMB,0.0781927395849573,253,1,0.05918593600771437,1
2023-07-31,2023-08-07,bonds:HYG,0.0,253,1,0.05918593600771437,1
2023-07-31,2023-08-07,bonds:IEF,0.0,253,1,0.05918593600771437,1
2023-07-31,2023-08-07,bonds:LQD,0.0,253,1,0.05918593600771437,1
2023-07-31,2023-08-07,bonds:SHY,0.0,253,1,0.05918593600771437,1
2023-07-31,2023-08-07,bonds:TIP,0.9218072604150427,253,1,0.05918593600771437,1
2023-07-31,2023-08-07,bonds:TLT,0.0,253,1,0.05918593600771437,1
2023-08-07,2023-08-14,bonds:EMB,0.0,359,-1,0.1468142066718598,1
2023-08-07,2023-08-14,bonds:HYG,1.0,359,-1,0.1468142066718598,1
2023-08-07,2023-08-14,bonds:IEF,0.0,359,-1,0.1468142066718598,1
2023-08-07,2023-08-14,bonds:LQD,0.0,359,-1,0.1468142066718598,1
2023-08-07,2023-08-14,bonds:SHY,0.0,359,-1,0.1468142066718598,1
2023-08-07,2023-08-14,bonds:TIP,0.0,359,-1,0.1468142066718598,1
2023-08-07,2023-08-14,bonds:TLT,0.0,359,-1,0.1468142066718598,1
2023-08-14,2023-08-21,bonds:EMB,0.0,51,0,-0.024040795169754842,1
2023-08-14,2023-08-21,bonds:HYG,0.0,51,0,-0.024040795169754842,1
2023-08-14,2023-08-21,bonds:IEF,0.0,51,0,-0.024040795169754842,1
2023-08-14,2023-08-21,bonds:LQD,0.0,51,0,-0.024040795169754842,1
2023-08-14,2023-08-21,bonds:SHY,1.0,51,0,-0.024040795169754842,1
2023-08-14,2023-08-21,bonds:TIP,0.0,51,0,-0.024040795169754842,1
2023-08-14,2023-08-21,bonds:TLT,0.0,51,0,-0.024040795169754842,1
2023-08-21,2023-08-28,bonds:EMB,0.0,49,1,-0.012101918910434122,1
2023-08-21,2023-08-28,bonds:HYG,0.0,49,1,-0.012101918910434122,1
2023-08-21,2023-08-28,bonds:IEF,0.0,49,1,-0.012101918910434122,1
2023-08-21,2023-08-28,bonds:LQD,0.0,49,1,-0.012101918910434122,1
2023-08-21,2023-08-28,bonds:SHY,1.0,49,1,-0.012101918910434122,1
2023-08-21,2023-08-28,bonds:TIP,0.0,49,1,-0.012101918910434122,1
2023-08-21,2023-08-28,bonds:TLT,0.0,49,1,-0.012101918910434122,1
2023-08-28,2023-09-05,bonds:EMB,0.0,215,-7,0.041611383370780755,1
2023-08-28,2023-09-05,bonds:HYG,0.0,215,-7,0.041611383370780755,1
2023-08-28,2023-09-05,bonds:IEF,0.0,215,-7,0.041611383370780755,1
2023-08-28,2023-09-05,bonds:LQD,0.0,215,-7,0.041611383370780755,1
2023-08-28,2023-09-05,bonds:SHY,0.7278281675317737,215,-7,0.041611383370780755,1
2023-08-28,2023-09-05,bonds:TIP,0.0,215,-7,0.041611383370780755,1
2023-08-28,2023-09-05,bonds:TLT,0.2721718324682264,215,-7,0.041611383370780755,1
2023-09-05,2023-09-12,bonds:EMB,0.017442350147193197,-134,1,-0.202332468920126,1
2023-09-05,2023-09-12,bonds:HYG,0.0,-134,1,-0.202332468920126,1
2023-09-05,2023-09-12,bonds:IEF,0.0,-134,1,-0.202332468920126,1
2023-09-05,2023-09-12,bonds:LQD,0.0,-134,1,-0.202332468920126,1
2023-09-05,2023-09-12,bonds:SHY,0.9825576498528068,-134,1,-0.202332468920126,1
2023-09-05,2023-09-12,bonds:TIP,0.0,-134,1,-0.202332468920126,1
2023-09-05,2023-09-12,bonds:TLT,0.0,-134,1,-0.202332468920126,1
2023-09-12,2023-09-19,bonds:EMB,0.0,471,-8,0.2166981415010937,1
2023-09-12,2023-09-19,bonds:HYG,0.0,471,-8,0.2166981415010937,1
2023-09-12,2023-09-19,bonds:IEF,1.0,471,-8,0.2166981415010937,1
2023-09-12,2023-09-19,bonds:LQD,0.0,471,-8,0.2166981415010937,1
2023-09-12,2023-09-19,bonds:SHY,0.0,471,-8,0.2166981415010937,1
2023-09-12,2023-09-19,bonds:TIP,0.0,471,-8,0.2166981415010937,1
2023-09-12,2023-09-19,bonds:TLT,0.0,471,-8,0.2166981415010937,1
2023-09-19,2023-09-26,bonds:EMB,0.0,64,-2,-0.02335174288686717,1
2023-09-19,2023-09-26,bonds:HYG,0.20471213676363553,64,-2,-0.02335174288686717,1
2023-09-19,2023-09-26,bonds:IEF,0.0,64,-2,-0.02335174288686717,1
2023-09-19,2023-09-26,bonds:LQD,0.0,64,-2,-0.02335174288686717,1
2023-09-19,2023-09-26,bonds:SHY,0.727404439866396,64,-2,-0.02335174288686717,1
2023-09-19,2023-09-26,bonds:TIP,0.0678834233699684,64,-2,-0.02335174288686717,1
2023-09-19,2023-09-26,bonds:TLT,0.0,64,-2,-0.02335174288686717,1
2023-09-26,2023-10-03,bonds:EMB,0.0,16,0,-0.06105136825227668,1
2023-09-26,2023-10-03,bonds:HYG,0.0,16,0,-0.06105136825227668,1
2023-09-26,2023-10-03,bonds:IEF,0.0476580850250125,16,0,-0.06105136825227668,1
2023-09-26,2023-10-03,bonds:LQD,0.0,16,0,-0.06105136825227668,1
2023-09-26,2023-10-03,bonds:SHY,0.9523419149749874,16,0,-0.06105136825227668,1
2023-09-26,2023-10-03,bonds:TIP,0.0,16,0,-0.06105136825227668,1
2023-09-26,2023-10-03,bonds:TLT,0.0,16,0,-0.06105136825227668,1
2023-10-03,2023-10-10,bonds:EMB,0.05213495468326656,49,3,-0.03012146098185166,1
2023-10-03,2023-10-10,bonds:HYG,0.09136221494365977,49,3,-0.03012146098185166,1
2023-10-03,2023-10-10,bonds:IEF,0.0,49,3,-0.03012146098185166,1
2023-10-03,2023-10-10,bonds:LQD,0.0,49,3,-0.03012146098185166,1
2023-10-03,2023-10-10,bonds:SHY,0.8565028303730736,49,3,-0.03012146098185166,1
2023-10-03,2023-10-10,bonds:TIP,0.0,49,3,-0.03012146098185166,1
2023-10-03,2023-10-10,bonds:TLT,0.0,49,3,-0.03012146098185166,1
2023-10-10,2023-10-17,bonds:EMB,0.0,-42,-3,-0.11704249719199537,1
2023-10-10,2023-10-17,bonds:HYG,0.0,-42,-3,-0.11704249719199537,1
2023-10-10,2023-10-17,bonds:IEF,0.0,-42,-3,-0.11704249719199537,1
2023-10-10,2023-10-17,bonds:LQD,0.0,-42,-3,-0.11704249719199537,1
2023-10-10,2023-10-17,bonds:SHY,1.0,-42,-3,-0.11704249719199537,1
2023-10-10,2023-10-17,bonds:TIP,0.0,-42,-3,-0.11704249719199537,1
2023-10-10,2023-10-17,bonds:TLT,0.0,-42,-3,-0.11704249719199537,1
2023-10-17,2023-10-24,bonds:EMB,0.0,20,3,-0.054409970370838154,1
2023-10-17,2023-10-24,bonds:HYG,0.0,20,3,-0.054409970370838154,1
2023-10-17,2023-10-24,bonds:IEF,0.0,20,3,-0.054409970370838154,1
2023-10-17,2023-10-24,bonds:LQD,0.0,20,3,-0.054409970370838154,1
2023-10-17,2023-10-24,bonds:SHY,1.0,20,3,-0.054409970370838154,1
2023-10-17,2023-10-24,bonds:TIP,0.0,20,3,-0.054409970370838154,1
2023-10-17,2023-10-24,bonds:TLT,0.0,20,3,-0.054409970370838154,1
2023-10-24,2023-10-31,bonds:EMB,0.07216534251424161,16,2,-0.06029391549637998,1
2023-10-24,2023-10-31,bonds:HYG,0.0,16,2,-0.06029391549637998,1
2023-10-24,2023-10-31,bonds:IEF,0.0,16,2,-0.06029391549637998,1
2023-10-24,2023-10-31,bonds:LQD,0.0,16,2,-0.06029391549637998,1
2023-10-24,2023-10-31,bonds:SHY,0.9278346574857583,16,2,-0.06029391549637998,1
2023-10-24,2023-10-31,bonds:TIP,0.0,16,2,-0.06029391549637998,1
2023-10-24,2023-10-31,bonds:TLT,0.0,16,2,-0.06029391549637998,1
2023-10-31,2023-11-07,bonds:EMB,1.0,296,14,0.04915469131135498,1
2023-10-31,2023-11-07,bonds:HYG,0.0,296,14,0.04915469131135498,1
2023-10-31,2023-11-07,bonds:IEF,0.0,296,14,0.04915469131135498,1
2023-10-31,2023-11-07,bonds:LQD,0.0,296,14,0.04915469131135498,1
2023-10-31,2023-11-07,bonds:SHY,0.0,296,14,0.04915469131135498,1
2023-10-31,2023-11-07,bonds:TIP,0.0,296,14,0.04915469131135498,1
2023-10-31,2023-11-07,bonds:TLT,0.0,296,14,0.04915469131135498,1
2023-11-07,2023-11-14,bonds:EMB,0.0,233,8,0.032460662690235995,1
2023-11-07,2023-11-14,bonds:HYG,0.6354303345205427,233,8,0.032460662690235995,1
2023-11-07,2023-11-14,bonds:IEF,0.0,233,8,0.032460662690235995,1
2023-11-07,2023-11-14,bonds:LQD,0.3645696654794574,233,8,0.032460662690235995,1
2023-11-07,2023-11-14,bonds:SHY,0.0,233,8,0.032460662690235995,1
2023-11-07,2023-11-14,bonds:TIP,0.0,233,8,0.032460662690235995,1
2023-11-07,2023-11-14,bonds:TLT,0.0,233,8,0.032460662690235995,1
2023-11-14,2023-11-21,bonds:EMB,0.0,-32,1,-0.10925187012273453,1
2023-11-14,2023-11-21,bonds:HYG,0.0,-32,1,-0.10925187012273453,1
2023-11-14,2023-11-21,bonds:IEF,0.0,-32,1,-0.10925187012273453,1
2023-11-14,2023-11-21,bonds:LQD,0.0,-32,1,-0.10925187012273453,1
2023-11-14,2023-11-21,bonds:SHY,1.0,-32,1,-0.10925187012273453,1
2023-11-14,2023-11-21,bonds:TIP,0.0,-32,1,-0.10925187012273453,1
2023-11-14,2023-11-21,bonds:TLT,0.0,-32,1,-0.10925187012273453,1
2023-11-21,2023-11-29,bonds:EMB,0.0,1747,19,0.8648562295537386,1
2023-11-21,2023-11-29,bonds:HYG,0.0,1747,19,0.8648562295537386,1
2023-11-21,2023-11-29,bonds:IEF,0.0,1747,19,0.8648562295537386,1
2023-11-21,2023-11-29,bonds:LQD,0.0,1747,19,0.8648562295537386,1
2023-11-21,2023-11-29,bonds:SHY,0.0,1747,19,0.8648562295537386,1
2023-11-21,2023-11-29,bonds:TIP,0.0,1747,19,0.8648562295537386,1
2023-11-21,2023-11-29,bonds:TLT,1.0,1747,19,0.8648562295537386,1
2023-11-29,2023-12-06,bonds:EMB,0.0,-179,2,-0.2692452257263102,1
2023-11-29,2023-12-06,bonds:HYG,0.0,-179,2,-0.2692452257263102,1
2023-11-29,2023-12-06,bonds:IEF,0.0,-179,2,-0.2692452257263102,1
2023-11-29,2023-12-06,bonds:LQD,0.0,-179,2,-0.2692452257263102,1
2023-11-29,2023-12-06,bonds:SHY,1.0,-179,2,-0.2692452257263102,1
2023-11-29,2023-12-06,bonds:TIP,0.0,-179,2,-0.2692452257263102,1
2023-11-29,2023-12-06,bonds:TLT,0.0,-179,2,-0.2692452257263102,1
2023-12-06,2023-12-13,bonds:EMB,0.0,61,3,-0.03718494235089775,1
2023-12-06,2023-12-13,bonds:HYG,0.0,61,3,-0.03718494235089775,1
2023-12-06,2023-12-13,bonds:IEF,0.0,61,3,-0.03718494235089775,1
2023-12-06,2023-12-13,bonds:LQD,0.0,61,3,-0.03718494235089775,1
2023-12-06,2023-12-13,bonds:SHY,0.9735292290037953,61,3,-0.03718494235089775,1
2023-12-06,2023-12-13,bonds:TIP,0.0,61,3,-0.03718494235089775,1
2023-12-06,2023-12-13,bonds:TLT,0.0264707709962047,61,3,-0.03718494235089775,1
2023-12-13,2023-12-20,bonds:EMB,1.0,267,1,-0.006826523778564365,1
2023-12-13,2023-12-20,bonds:HYG,0.0,267,1,-0.006826523778564365,1
2023-12-13,2023-12-20,bonds:IEF,0.0,267,1,-0.006826523778564365,1
2023-12-13,2023-12-20,bonds:LQD,0.0,267,1,-0.006826523778564365,1
2023-12-13,2023-12-20,bonds:SHY,0.0,267,1,-0.006826523778564365,1
2023-12-13,2023-12-20,bonds:TIP,0.0,267,1,-0.006826523778564365,1
2023-12-13,2023-12-20,bonds:TLT,0.0,267,1,-0.006826523778564365,1
2023-12-20,2023-12-28,bonds:EMB,0.0,465,3,0.07836108572629878,1
2023-12-20,2023-12-28,bonds:HYG,0.0,465,3,0.07836108572629878,1
2023-12-20,2023-12-28,bonds:IEF,1.0,465,3,0.07836108572629878,1
2023-12-20,2023-12-28,bonds:LQD,0.0,465,3,0.07836108572629878,1
2023-12-20,2023-12-28,bonds:SHY,0.0,465,3,0.07836108572629878,1
2023-12-20,2023-12-28,bonds:TIP,0.0,465,3,0.07836108572629878,1
2023-12-20,2023-12-28,bonds:TLT,0.0,465,3,0.07836108572629878,1
2023-12-28,2024-01-05,bonds:EMB,0.0,326,-8,0.1076376825058836,1
2023-12-28,2024-01-05,bonds:HYG,0.8497780058154975,326,-8,0.1076376825058836,1
2023-12-28,2024-01-05,bonds:IEF,0.0,326,-8,0.1076376825058836,1
2023-12-28,2024-01-05,bonds:LQD,0.0,326,-8,0.1076376825058836,1
2023-12-28,2024-01-05,bonds:SHY,0.0,326,-8,0.1076376825058836,1
2023-12-28,2024-01-05,bonds:TIP,0.15022199418450247,326,-8,0.1076376825058836,1
2023-12-28,2024-01-05,bonds:TLT,0.0,326,-8,0.1076376825058836,1
2024-01-05,2024-01-12,bonds:EMB,0.0,1040,-7,0.10176008642340506,1
2024-01-05,2024-01-12,bonds:HYG,0.0,1040,-7,0.10176008642340506,1
2024-01-05,2024-01-12,bonds:IEF,0.0,1040,-7,0.10176008642340506,1
2024-01-05,2024-01-12,bonds:LQD,0.0,1040,-7,0.10176008642340506,1
2024-01-05,2024-01-12,bonds:SHY,0.0,1040,-7,0.10176008642340506,1
2024-01-05,2024-01-12,bonds:TIP,0.0,1040,-7,0.10176008642340506,1
2024-01-05,2024-01-12,bonds:TLT,1.0,1040,-7,0.10176008642340506,1
2024-01-12,2024-01-22,bonds:EMB,0.9992922601731203,530,-1,0.25155795030931805,1
2024-01-12,2024-01-22,bonds:HYG,0.0,530,-1,0.25155795030931805,1
2024-01-12,2024-01-22,bonds:IEF,0.0,530,-1,0.25155795030931805,1
2024-01-12,2024-01-22,bonds:LQD,0.0007077398268796102,530,-1,0.25155795030931805,1
2024-01-12,2024-01-22,bonds:SHY,0.0,530,-1,0.25155795030931805,1
2024-01-12,2024-01-22,bonds:TIP,0.0,530,-1,0.25155795030931805,1
2024-01-12,2024-01-22,bonds:TLT,0.0,530,-1,0.25155795030931805,1
2024-01-22,2024-01-29,bonds:EMB,1.0,404,9,0.11642880821886635,1
2024-01-22,2024-01-29,bonds:HYG,0.0,404,9,0.11642880821886635,1
2024-01-22,2024-01-29,bonds:IEF,0.0,404,9,0.11642880821886635,1
2024-01-22,2024-01-29,bonds:LQD,0.0,404,9,0.11642880821886635,1
2024-01-22,2024-01-29,bonds:SHY,0.0,404,9,0.11642880821886635,1
2024-01-22,2024-01-29,bonds:TIP,0.0,404,9,0.11642880821886635,1
2024-01-22,2024-01-29,bonds:TLT,0.0,404,9,0.11642880821886635,1
2024-01-29,2024-02-05,bonds:EMB,1.0,427,-9,0.13414299168025418,1
2024-01-29,2024-02-05,bonds:HYG,0.0,427,-9,0.13414299168025418,1
2024-01-29,2024-02-05,bonds:IEF,0.0,427,-9,0.13414299168025418,1
2024-01-29,2024-02-05,bonds:LQD,0.0,427,-9,0.13414299168025418,1
2024-01-29,2024-02-05,bonds:SHY,0.0,427,-9,0.13414299168025418,1
2024-01-29,2024-02-05,bonds:TIP,0.0,427,-9,0.13414299168025418,1
2024-01-29,2024-02-05,bonds:TLT,0.0,427,-9,0.13414299168025418,1
2024-02-05,2024-02-12,bonds:EMB,0.0,-43,-1,-0.14368766350061624,1
2024-02-05,2024-02-12,bonds:HYG,0.0,-43,-1,-0.14368766350061624,1
2024-02-05,2024-02-12,bonds:IEF,0.0,-43,-1,-0.14368766350061624,1
2024-02-05,2024-02-12,bonds:LQD,0.0,-43,-1,-0.14368766350061624,1
2024-02-05,2024-02-12,bonds:SHY,0.9633733659177558,-43,-1,-0.14368766350061624,1
2024-02-05,2024-02-12,bonds:TIP,0.0,-43,-1,-0.14368766350061624,1
2024-02-05,2024-02-12,bonds:TLT,0.03662663408224413,-43,-1,-0.14368766350061624,1
2024-02-12,2024-02-20,bonds:EMB,0.0,-63,1,-0.14612474353621502,1
2024-02-12,2024-02-20,bonds:HYG,0.0,-63,1,-0.14612474353621502,1
2024-02-12,2024-02-20,bonds:IEF,0.0,-63,1,-0.14612474353621502,1
2024-02-12,2024-02-20,bonds:LQD,0.0,-63,1,-0.14612474353621502,1
2024-02-12,2024-02-20,bonds:SHY,1.0,-63,1,-0.14612474353621502,1
2024-02-12,2024-02-20,bonds:TIP,0.0,-63,1,-0.14612474353621502,1
2024-02-12,2024-02-20,bonds:TLT,0.0,-63,1,-0.14612474353621502,1
2024-02-20,2024-02-27,bonds:EMB,0.0,541,3,0.2834959066784521,1
2024-02-20,2024-02-27,bonds:HYG,1.0,541,3,0.2834959066784521,1
2024-02-20,2024-02-27,bonds:IEF,0.0,541,3,0.2834959066784521,1
2024-02-20,2024-02-27,bonds:LQD,0.0,541,3,0.2834959066784521,1
2024-02-20,2024-02-27,bonds:SHY,0.0,541,3,0.2834959066784521,1
2024-02-20,2024-02-27,bonds:TIP,0.0,541,3,0.2834959066784521,1
2024-02-20,2024-02-27,bonds:TLT,0.0,541,3,0.2834959066784521,1
2024-02-27,2024-03-05,bonds:EMB,0.0,-124,2,-0.21565609820802936,1
2024-02-27,2024-03-05,bonds:HYG,0.0,-124,2,-0.21565609820802936,1
2024-02-27,2024-03-05,bonds:IEF,0.0,-124,2,-0.21565609820802936,1
2024-02-27,2024-03-05,bonds:LQD,0.0,-124,2,-0.21565609820802936,1
2024-02-27,2024-03-05,bonds:SHY,1.0,-124,2,-0.21565609820802936,1
2024-02-27,2024-03-05,bonds:TIP,0.0,-124,2,-0.21565609820802936,1
2024-02-27,2024-03-05,bonds:TLT,0.0,-124,2,-0.21565609820802936,1
2024-03-05,2024-03-12,bonds:EMB,0.0,-154,0,-0.25880281073274247,1
2024-03-05,2024-03-12,bonds:HYG,0.0,-154,0,-0.25880281073274247,1
2024-03-05,2024-03-12,bonds:IEF,0.0,-154,0,-0.25880281073274247,1
2024-03-05,2024-03-12,bonds:LQD,0.0,-154,0,-0.25880281073274247,1
2024-03-05,2024-03-12,bonds:SHY,0.9498431350465113,-154,0,-0.25880281073274247,1
2024-03-05,2024-03-12,bonds:TIP,0.050156864953488686,-154,0,-0.25880281073274247,1
2024-03-05,2024-03-12,bonds:TLT,0.0,-154,0,-0.25880281073274247,1
2024-03-12,2024-03-19,bonds:EMB,0.0,48,0,-0.053105090597684534,1
2024-03-12,2024-03-19,bonds:HYG,0.017506523639454673,48,0,-0.053105090597684534,1
2024-03-12,2024-03-19,bonds:IEF,0.0,48,0,-0.053105090597684534,1
2024-03-12,2024-03-19,bonds:LQD,0.0,48,0,-0.053105090597684534,1
2024-03-12,2024-03-19,bonds:SHY,0.9824934763605453,48,0,-0.053105090597684534,1
2024-03-12,2024-03-19,bonds:TIP,0.0,48,0,-0.053105090597684534,1
2024-03-12,2024-03-19,bonds:TLT,0.0,48,0,-0.053105090597684534,1
2024-03-19,2024-03-26,bonds:EMB,0.0,-14,0,-0.11713391281834754,1
2024-03-19,2024-03-26,bonds:HYG,0.0,-14,0,-0.11713391281834754,1
2024-03-19,2024-03-26,bonds:IEF,0.0,-14,0,-0.11713391281834754,1
2024-03-19,2024-03-26,bonds:LQD,0.0,-14,0,-0.11713391281834754,1
2024-03-19,2024-03-26,bonds:SHY,0.9690707416328075,-14,0,-0.11713391281834754,1
2024-03-19,2024-03-26,bonds:TIP,0.030929258367192552,-14,0,-0.11713391281834754,1
2024-03-19,2024-03-26,bonds:TLT,0.0,-14,0,-0.11713391281834754,1
2024-03-26,2024-04-03,bonds:EMB,0.0,-33,-1,-0.13145226474376587,1
2024-03-26,2024-04-03,bonds:HYG,0.0,-33,-1,-0.13145226474376587,1
2024-03-26,2024-04-03,bonds:IEF,0.0,-33,-1,-0.13145226474376587,1
2024-03-26,2024-04-03,bonds:LQD,0.0,-33,-1,-0.13145226474376587,1
2024-03-26,2024-04-03,bonds:SHY,1.0,-33,-1,-0.13145226474376587,1
2024-03-26,2024-04-03,bonds:TIP,0.0,-33,-1,-0.13145226474376587,1
2024-03-26,2024-04-03,bonds:TLT,0.0,-33,-1,-0.13145226474376587,1
2024-04-03,2024-04-10,bonds:EMB,0.0,-2,-5,-0.09957905385846867,1
2024-04-03,2024-04-10,bonds:HYG,0.0,-2,-5,-0.09957905385846867,1
2024-04-03,2024-04-10,bonds:IEF,0.0,-2,-5,-0.09957905385846867,1
2024-04-03,2024-04-10,bonds:LQD,0.0,-2,-5,-0.09957905385846867,1
2024-04-03,2024-04-10,bonds:SHY,1.0,-2,-5,-0.09957905385846867,1
2024-04-03,2024-04-10,bonds:TIP,0.0,-2,-5,-0.09957905385846867,1
2024-04-03,2024-04-10,bonds:TLT,0.0,-2,-5,-0.09957905385846867,1
2024-04-10,2024-04-17,bonds:EMB,0.0,-67,0,-0.1659500301095638,1
2024-04-10,2024-04-17,bonds:HYG,0.0,-67,0,-0.1659500301095638,1
2024-04-10,2024-04-17,bonds:IEF,0.0,-67,0,-0.1659500301095638,1
2024-04-10,2024-04-17,bonds:LQD,0.0,-67,0,-0.1659500301095638,1
2024-04-10,2024-04-17,bonds:SHY,1.0,-67,0,-0.1659500301095638,1
2024-04-10,2024-04-17,bonds:TIP,0.0,-67,0,-0.1659500301095638,1
2024-04-10,2024-04-17,bonds:TLT,0.0,-67,0,-0.1659500301095638,1
2024-04-17,2024-04-24,bonds:EMB,0.0,-87,1,-0.18722464428827465,1
2024-04-17,2024-04-24,bonds:HYG,0.0,-87,1,-0.18722464428827465,1
2024-04-17,2024-04-24,bonds:IEF,0.0,-87,1,-0.18722464428827465,1
2024-04-17,2024-04-24,bonds:LQD,0.0,-87,1,-0.18722464428827465,1
2024-04-17,2024-04-24,bonds:SHY,1.0,-87,1,-0.18722464428827465,1
2024-04-17,2024-04-24,bonds:TIP,0.0,-87,1,-0.18722464428827465,1
2024-04-17,2024-04-24,bonds:TLT,0.0,-87,1,-0.18722464428827465,1
2024-04-24,2024-05-01,bonds:EMB,0.16168368654753465,-19,1,-0.14523531269229553,1
2024-04-24,2024-05-01,bonds:HYG,0.0,-19,1,-0.14523531269229553,1
2024-04-24,2024-05-01,bonds:IEF,0.0,-19,1,-0.14523531269229553,1
2024-04-24,2024-05-01,bonds:LQD,0.0,-19,1,-0.14523531269229553,1
2024-04-24,2024-05-01,bonds:SHY,0.8383163134524654,-19,1,-0.14523531269229553,1
2024-04-24,2024-05-01,bonds:TIP,0.0,-19,1,-0.14523531269229553,1
2024-04-24,2024-05-01,bonds:TLT,0.0,-19,1,-0.14523531269229553,1
2024-05-01,2024-05-08,bonds:EMB,0.0,-3,1,-0.0936835404307056,1
2024-05-01,2024-05-08,bonds:HYG,0.0,-3,1,-0.0936835404307056,1
2024-05-01,2024-05-08,bonds:IEF,0.0,-3,1,-0.0936835404307056,1
2024-05-01,2024-05-08,bonds:LQD,0.0,-3,1,-0.0936835404307056,1
2024-05-01,2024-05-08,bonds:SHY,1.0,-3,1,-0.0936835404307056,1
2024-05-01,2024-05-08,bonds:TIP,0.0,-3,1,-0.0936835404307056,1
2024-05-01,2024-05-08,bonds:TLT,0.0,-3,1,-0.0936835404307056,1
2024-05-08,2024-05-15,bonds:EMB,0.0,1755,16,0.9925913884065742,1
2024-05-08,2024-05-15,bonds:HYG,0.0,1755,16,0.9925913884065742,1
2024-05-08,2024-05-15,bonds:IEF,0.0,1755,16,0.9925913884065742,1
2024-05-08,2024-05-15,bonds:LQD,0.0,1755,16,0.9925913884065742,1
2024-05-08,2024-05-15,bonds:SHY,0.0,1755,16,0.9925913884065742,1
2024-05-08,2024-05-15,bonds:TIP,0.0,1755,16,0.9925913884065742,1
2024-05-08,2024-05-15,bonds:TLT,1.0,1755,16,0.9925913884065742,1
2024-05-15,2024-05-22,bonds:EMB,0.0,0,-1,-0.08985497524273513,1
2024-05-15,2024-05-22,bonds:HYG,0.0,0,-1,-0.08985497524273513,1
2024-05-15,2024-05-22,bonds:IEF,0.0,0,-1,-0.08985497524273513,1
2024-05-15,2024-05-22,bonds:LQD,0.0,0,-1,-0.08985497524273513,1
2024-05-15,2024-05-22,bonds:SHY,1.0,0,-1,-0.08985497524273513,1
2024-05-15,2024-05-22,bonds:TIP,0.0,0,-1,-0.08985497524273513,1
2024-05-15,2024-05-22,bonds:TLT,0.0,0,-1,-0.08985497524273513,1
2024-05-22,2024-05-30,bonds:EMB,0.0,19,0,-0.06760840423567645,1
2024-05-22,2024-05-30,bonds:HYG,0.0,19,0,-0.06760840423567645,1
2024-05-22,2024-05-30,bonds:IEF,0.0,19,0,-0.06760840423567645,1
2024-05-22,2024-05-30,bonds:LQD,0.0,19,0,-0.06760840423567645,1
2024-05-22,2024-05-30,bonds:SHY,1.0,19,0,-0.06760840423567645,1
2024-05-22,2024-05-30,bonds:TIP,0.0,19,0,-0.06760840423567645,1
2024-05-22,2024-05-30,bonds:TLT,0.0,19,0,-0.06760840423567645,1
2024-05-30,2024-06-06,bonds:EMB,0.0,95,3,-0.006848278977882261,1
2024-05-30,2024-06-06,bonds:HYG,0.0657111206140298,95,3,-0.006848278977882261,1
2024-05-30,2024-06-06,bonds:IEF,0.00413416429766411,95,3,-0.006848278977882261,1
2024-05-30,2024-06-06,bonds:LQD,0.02509576284507563,95,3,-0.006848278977882261,1
2024-05-30,2024-06-06,bonds:SHY,0.9050589522432304,95,3,-0.006848278977882261,1
2024-05-30,2024-06-06,bonds:TIP,0.0,95,3,-0.006848278977882261,1
2024-05-30,2024-06-06,bonds:TLT,0.0,95,3,-0.006848278977882261,1
2024-06-06,2024-06-13,bonds:EMB,0.0,-74,4,-0.15494430558797517,1
2024-06-06,2024-06-13,bonds:HYG,0.0,-74,4,-0.15494430558797517,1
2024-06-06,2024-06-13,bonds:IEF,0.0,-74,4,-0.15494430558797517,1
2024-06-06,2024-06-13,bonds:LQD,0.0,-74,4,-0.15494430558797517,1
2024-06-06,2024-06-13,bonds:SHY,1.0,-74,4,-0.15494430558797517,1
2024-06-06,2024-06-13,bonds:TIP,0.0,-74,4,-0.15494430558797517,1
2024-06-06,2024-06-13,bonds:TLT,0.0,-74,4,-0.15494430558797517,1
2024-06-13,2024-06-21,bonds:EMB,0.0,-42,0,-0.12182093302174077,1
2024-06-13,2024-06-21,bonds:HYG,0.0,-42,0,-0.12182093302174077,1
2024-06-13,2024-06-21,bonds:IEF,0.0,-42,0,-0.12182093302174077,1
2024-06-13,2024-06-21,bonds:LQD,0.0,-42,0,-0.12182093302174077,1
2024-06-13,2024-06-21,bonds:SHY,1.0,-42,0,-0.12182093302174077,1
2024-06-13,2024-06-21,bonds:TIP,0.0,-42,0,-0.12182093302174077,1
2024-06-13,2024-06-21,bonds:TLT,0.0,-42,0,-0.12182093302174077,1
2024-06-21,2024-06-28,bonds:EMB,0.06245153383153947,91,0,-0.003015301672715192,1
2024-06-21,2024-06-28,bonds:HYG,0.0,91,0,-0.003015301672715192,1
2024-06-21,2024-06-28,bonds:IEF,0.0,91,0,-0.003015301672715192,1
2024-06-21,2024-06-28,bonds:LQD,0.0,91,0,-0.003015301672715192,1
2024-06-21,2024-06-28,bonds:SHY,0.9375074923384719,91,0,-0.003015301672715192,1
2024-06-21,2024-06-28,bonds:TIP,4.0973829988721315e-05,91,0,-0.003015301672715192,1
2024-06-21,2024-06-28,bonds:TLT,0.0,91,0,-0.003015301672715192,1
2024-06-28,2024-07-08,bonds:EMB,0.0,-33,4,-0.11458642901741098,1
2024-06-28,2024-07-08,bonds:HYG,0.0,-33,4,-0.11458642901741098,1
2024-06-28,2024-07-08,bonds:IEF,0.0,-33,4,-0.11458642901741098,1
2024-06-28,2024-07-08,bonds:LQD,0.0,-33,4,-0.11458642901741098,1
2024-06-28,2024-07-08,bonds:SHY,1.0,-33,4,-0.11458642901741098,1
2024-06-28,2024-07-08,bonds:TIP,0.0,-33,4,-0.11458642901741098,1
2024-06-28,2024-07-08,bonds:TLT,0.0,-33,4,-0.11458642901741098,1
2024-07-08,2024-07-15,bonds:EMB,0.0,-56,4,-0.13790505110874662,1
2024-07-08,2024-07-15,bonds:HYG,0.0,-56,4,-0.13790505110874662,1
2024-07-08,2024-07-15,bonds:IEF,0.0,-56,4,-0.13790505110874662,1
2024-07-08,2024-07-15,bonds:LQD,0.0,-56,4,-0.13790505110874662,1
2024-07-08,2024-07-15,bonds:SHY,1.0,-56,4,-0.13790505110874662,1
2024-07-08,2024-07-15,bonds:TIP,0.0,-56,4,-0.13790505110874662,1
2024-07-08,2024-07-15,bonds:TLT,0.0,-56,4,-0.13790505110874662,1
2024-07-15,2024-07-22,bonds:EMB,0.02018717486281105,34,0,-0.04576776852387525,1
2024-07-15,2024-07-22,bonds:HYG,0.0,34,0,-0.04576776852387525,1
2024-07-15,2024-07-22,bonds:IEF,0.0,34,0,-0.04576776852387525,1
2024-07-15,2024-07-22,bonds:LQD,0.0,34,0,-0.04576776852387525,1
2024-07-15,2024-07-22,bonds:SHY,0.9798128251371889,34,0,-0.04576776852387525,1
2024-07-15,2024-07-22,bonds:TIP,0.0,34,0,-0.04576776852387525,1
2024-07-15,2024-07-22,bonds:TLT,0.0,34,0,-0.04576776852387525,1
2024-07-22,2024-07-29,bonds:EMB,1.0,292,2,-0.047245024249210975,1
2024-07-22,2024-07-29,bonds:HYG,0.0,292,2,-0.047245024249210975,1
2024-07-22,2024-07-29,bonds:IEF,0.0,292,2,-0.047245024249210975,1
2024-07-22,2024-07-29,bonds:LQD,0.0,292,2,-0.047245024249210975,1
2024-07-22,2024-07-29,bonds:SHY,0.0,292,2,-0.047245024249210975,1
2024-07-22,2024-07-29,bonds:TIP,0.0,292,2,-0.047245024249210975,1
2024-07-22,2024-07-29,bonds:TLT,0.0,292,2,-0.047245024249210975,1
2024-07-29,2024-08-05,bonds:EMB,0.00010179845106777942,117,4,0.02136693488471287,1
2024-07-29,2024-08-05,bonds:HYG,0.2627893382831431,117,4,0.02136693488471287,1
2024-07-29,2024-08-05,bonds:IEF,0.0,117,4,0.02136693488471287,1
2024-07-29,2024-08-05,bonds:LQD,0.0,117,4,0.02136693488471287,1
2024-07-29,2024-08-05,bonds:SHY,0.7371088632657891,117,4,0.02136693488471287,1
2024-07-29,2024-08-05,bonds:TIP,0.0,117,4,0.02136693488471287,1
2024-07-29,2024-08-05,bonds:TLT,0.0,117,4,0.02136693488471287,1
2024-08-05,2024-08-12,bonds:EMB,0.0,36,0,-0.028794187747167507,1
2024-08-05,2024-08-12,bonds:HYG,0.0,36,0,-0.028794187747167507,1
2024-08-05,2024-08-12,bonds:IEF,0.0,36,0,-0.028794187747167507,1
2024-08-05,2024-08-12,bonds:LQD,0.0,36,0,-0.028794187747167507,1
2024-08-05,2024-08-12,bonds:SHY,1.0,36,0,-0.028794187747167507,1
2024-08-05,2024-08-12,bonds:TIP,0.0,36,0,-0.028794187747167507,1
2024-08-05,2024-08-12,bonds:TLT,0.0,36,0,-0.028794187747167507,1
2024-08-12,2024-08-19,bonds:EMB,0.0,4,1,-0.10757055892239711,1
2024-08-12,2024-08-19,bonds:HYG,0.3747553048277697,4,1,-0.10757055892239711,1
2024-08-12,2024-08-19,bonds:IEF,0.0,4,1,-0.10757055892239711,1
2024-08-12,2024-08-19,bonds:LQD,0.0,4,1,-0.10757055892239711,1
2024-08-12,2024-08-19,bonds:SHY,0.6252446951722302,4,1,-0.10757055892239711,1
2024-08-12,2024-08-19,bonds:TIP,0.0,4,1,-0.10757055892239711,1
2024-08-12,2024-08-19,bonds:TLT,0.0,4,1,-0.10757055892239711,1
2024-08-19,2024-08-26,bonds:EMB,0.0,-49,2,-0.1542501314078815,1
2024-08-19,2024-08-26,bonds:HYG,0.33378934263513477,-49,2,-0.1542501314078815,1
2024-08-19,2024-08-26,bonds:IEF,0.0,-49,2,-0.1542501314078815,1
2024-08-19,2024-08-26,bonds:LQD,0.0,-49,2,-0.1542501314078815,1
2024-08-19,2024-08-26,bonds:SHY,0.6662106573648653,-49,2,-0.1542501314078815,1
2024-08-19,2024-08-26,bonds:TIP,0.0,-49,2,-0.1542501314078815,1
2024-08-19,2024-08-26,bonds:TLT,0.0,-49,2,-0.1542501314078815,1
2024-08-26,2024-09-03,bonds:EMB,0.0,-11,0,-0.08418936647311114,1
2024-08-26,2024-09-03,bonds:HYG,0.0,-11,0,-0.08418936647311114,1
2024-08-26,2024-09-03,bonds:IEF,0.0,-11,0,-0.08418936647311114,1
2024-08-26,2024-09-03,bonds:LQD,0.0,-11,0,-0.08418936647311114,1
2024-08-26,2024-09-03,bonds:SHY,0.9802617024235986,-11,0,-0.08418936647311114,1
2024-08-26,2024-09-03,bonds:TIP,0.019738297576401432,-11,0,-0.08418936647311114,1
2024-08-26,2024-09-03,bonds:TLT,0.0,-11,0,-0.08418936647311114,1
2024-09-03,2024-09-10,bonds:EMB,0.0,191,2,-0.04345245204578122,1
2024-09-03,2024-09-10,bonds:HYG,1.0,191,2,-0.04345245204578122,1
2024-09-03,2024-09-10,bonds:IEF,0.0,191,2,-0.04345245204578122,1
2024-09-03,2024-09-10,bonds:LQD,0.0,191,2,-0.04345245204578122,1
2024-09-03,2024-09-10,bonds:SHY,0.0,191,2,-0.04345245204578122,1
2024-09-03,2024-09-10,bonds:TIP,0.0,191,2,-0.04345245204578122,1
2024-09-03,2024-09-10,bonds:TLT,0.0,191,2,-0.04345245204578122,1
2024-09-10,2024-09-17,bonds:EMB,0.0,322,1,-9.71783582064718e-05,1
2024-09-10,2024-09-17,bonds:HYG,0.0,322,1,-9.71783582064718e-05,1
2024-09-10,2024-09-17,bonds:IEF,1.0,322,1,-9.71783582064718e-05,1
2024-09-10,2024-09-17,bonds:LQD,0.0,322,1,-9.71783582064718e-05,1
2024-09-10,2024-09-17,bonds:SHY,0.0,322,1,-9.71783582064718e-05,1
2024-09-10,2024-09-17,bonds:TIP,0.0,322,1,-9.71783582064718e-05,1
2024-09-10,2024-09-17,bonds:TLT,0.0,322,1,-9.71783582064718e-05,1
2024-09-17,2024-09-24,bonds:EMB,0.0,37,2,-0.050794415511193285,1
2024-09-17,2024-09-24,bonds:HYG,0.0,37,2,-0.050794415511193285,1
2024-09-17,2024-09-24,bonds:IEF,0.0,37,2,-0.050794415511193285,1
2024-09-17,2024-09-24,bonds:LQD,0.0,37,2,-0.050794415511193285,1
2024-09-17,2024-09-24,bonds:SHY,0.925506949944049,37,2,-0.050794415511193285,1
2024-09-17,2024-09-24,bonds:TIP,0.07449305005595096,37,2,-0.050794415511193285,1
2024-09-17,2024-09-24,bonds:TLT,0.0,37,2,-0.050794415511193285,1
2024-09-24,2024-10-01,bonds:EMB,0.0,19,0,-0.05646155580594422,1
2024-09-24,2024-10-01,bonds:HYG,0.3160461082878226,19,0,-0.05646155580594422,1
2024-09-24,2024-10-01,bonds:IEF,0.0,19,0,-0.05646155580594422,1
2024-09-24,2024-10-01,bonds:LQD,0.0,19,0,-0.05646155580594422,1
2024-09-24,2024-10-01,bonds:SHY,0.6839538917121775,19,0,-0.05646155580594422,1
2024-09-24,2024-10-01,bonds:TIP,0.0,19,0,-0.05646155580594422,1
2024-09-24,2024-10-01,bonds:TLT,0.0,19,0,-0.05646155580594422,1
2024-10-01,2024-10-08,bonds:EMB,0.0,117,-8,-0.0341205253053317,1
2024-10-01,2024-10-08,bonds:HYG,0.8723357440154139,117,-8,-0.0341205253053317,1
2024-10-01,2024-10-08,bonds:IEF,0.0,117,-8,-0.0341205253053317,1
2024-10-01,2024-10-08,bonds:LQD,0.0,117,-8,-0.0341205253053317,1
2024-10-01,2024-10-08,bonds:SHY,0.0,117,-8,-0.0341205253053317,1
2024-10-01,2024-10-08,bonds:TIP,0.0,117,-8,-0.0341205253053317,1
2024-10-01,2024-10-08,bonds:TLT,0.12766425598458608,117,-8,-0.0341205253053317,1
2024-10-08,2024-10-15,bonds:EMB,0.0,-87,1,-0.15939576465103605,1
2024-10-08,2024-10-15,bonds:HYG,0.13772964611550426,-87,1,-0.15939576465103605,1
2024-10-08,2024-10-15,bonds:IEF,0.0,-87,1,-0.15939576465103605,1
2024-10-08,2024-10-15,bonds:LQD,0.0,-87,1,-0.15939576465103605,1
2024-10-08,2024-10-15,bonds:SHY,0.8622703538844957,-87,1,-0.15939576465103605,1
2024-10-08,2024-10-15,bonds:TIP,0.0,-87,1,-0.15939576465103605,1
2024-10-08,2024-10-15,bonds:TLT,0.0,-87,1,-0.15939576465103605,1
2024-10-15,2024-10-22,bonds:EMB,0.0,1,-1,-0.07042772889250537,1
2024-10-15,2024-10-22,bonds:HYG,0.09465020464612839,1,-1,-0.07042772889250537,1
2024-10-15,2024-10-22,bonds:IEF,0.0,1,-1,-0.07042772889250537,1
2024-10-15,2024-10-22,bonds:LQD,0.0,1,-1,-0.07042772889250537,1
2024-10-15,2024-10-22,bonds:SHY,0.9053497953538716,1,-1,-0.07042772889250537,1
2024-10-15,2024-10-22,bonds:TIP,0.0,1,-1,-0.07042772889250537,1
2024-10-15,2024-10-22,bonds:TLT,0.0,1,-1,-0.07042772889250537,1
2024-10-22,2024-10-29,bonds:EMB,0.0,-29,0,-0.10118209947733399,1
2024-10-22,2024-10-29,bonds:HYG,0.0,-29,0,-0.10118209947733399,1
2024-10-22,2024-10-29,bonds:IEF,0.0,-29,0,-0.10118209947733399,1
2024-10-22,2024-10-29,bonds:LQD,0.0,-29,0,-0.10118209947733399,1
2024-10-22,2024-10-29,bonds:SHY,1.0,-29,0,-0.10118209947733399,1
2024-10-22,2024-10-29,bonds:TIP,0.0,-29,0,-0.10118209947733399,1
2024-10-22,2024-10-29,bonds:TLT,0.0,-29,0,-0.10118209947733399,1
2024-10-29,2024-11-05,bonds:EMB,0.0,1159,8,0.5603808310503079,1
2024-10-29,2024-11-05,bonds:HYG,0.0,1159,8,0.5603808310503079,1
2024-10-29,2024-11-05,bonds:IEF,0.0,1159,8,0.5603808310503079,1
2024-10-29,2024-11-05,bonds:LQD,0.0,1159,8,0.5603808310503079,1
2024-10-29,2024-11-05,bonds:SHY,0.0,1159,8,0.5603808310503079,1
2024-10-29,2024-11-05,bonds:TIP,0.0,1159,8,0.5603808310503079,1
2024-10-29,2024-11-05,bonds:TLT,1.0,1159,8,0.5603808310503079,1
2024-11-05,2024-11-12,bonds:EMB,0.0,685,5,0.0580510285014318,1
2024-11-05,2024-11-12,bonds:HYG,0.0,685,5,0.0580510285014318,1
2024-11-05,2024-11-12,bonds:IEF,0.0,685,5,0.0580510285014318,1
2024-11-05,2024-11-12,bonds:LQD,0.0,685,5,0.0580510285014318,1
2024-11-05,2024-11-12,bonds:SHY,0.0,685,5,0.0580510285014318,1
2024-11-05,2024-11-12,bonds:TIP,0.0,685,5,0.0580510285014318,1
2024-11-05,2024-11-12,bonds:TLT,1.0,685,5,0.0580510285014318,1
2024-11-12,2024-11-19,bonds:EMB,0.0,125,4,-0.0591075350787507,1
2024-11-12,2024-11-19,bonds:HYG,0.0,125,4,-0.0591075350787507,1
2024-11-12,2024-11-19,bonds:IEF,0.0,125,4,-0.0591075350787507,1
2024-11-12,2024-11-19,bonds:LQD,0.0,125,4,-0.0591075350787507,1
2024-11-12,2024-11-19,bonds:SHY,0.0,125,4,-0.0591075350787507,1
2024-11-12,2024-11-19,bonds:TIP,1.0,125,4,-0.0591075350787507,1
2024-11-12,2024-11-19,bonds:TLT,0.0,125,4,-0.0591075350787507,1
2024-11-19,2024-11-26,bonds:EMB,0.0,-1,1,-0.07234547221875866,1
2024-11-19,2024-11-26,bonds:HYG,0.0,-1,1,-0.07234547221875866,1
2024-11-19,2024-11-26,bonds:IEF,0.0,-1,1,-0.07234547221875866,1
2024-11-19,2024-11-26,bonds:LQD,0.0,-1,1,-0.07234547221875866,1
2024-11-19,2024-11-26,bonds:SHY,1.0,-1,1,-0.07234547221875866,1
2024-11-19,2024-11-26,bonds:TIP,0.0,-1,1,-0.07234547221875866,1
2024-11-19,2024-11-26,bonds:TLT,0.0,-1,1,-0.07234547221875866,1
2024-11-26,2024-12-04,bonds:EMB,0.0,17,2,-0.04859931403359543,1
2024-11-26,2024-12-04,bonds:HYG,0.23576523095619734,17,2,-0.04859931403359543,1
2024-11-26,2024-12-04,bonds:IEF,0.0,17,2,-0.04859931403359543,1
2024-11-26,2024-12-04,bonds:LQD,0.0,17,2,-0.04859931403359543,1
2024-11-26,2024-12-04,bonds:SHY,0.7642347690438026,17,2,-0.04859931403359543,1
2024-11-26,2024-12-04,bonds:TIP,0.0,17,2,-0.04859931403359543,1
2024-11-26,2024-12-04,bonds:TLT,0.0,17,2,-0.04859931403359543,1
2024-12-04,2024-12-11,bonds:EMB,0.0,83,0,0.011106303718580754,1
2024-12-04,2024-12-11,bonds:HYG,0.025408519490237702,83,0,0.011106303718580754,1
2024-12-04,2024-12-11,bonds:IEF,0.0,83,0,0.011106303718580754,1
2024-12-04,2024-12-11,bonds:LQD,0.0,83,0,0.011106303718580754,1
2024-12-04,2024-12-11,bonds:SHY,0.9745914805097623,83,0,0.011106303718580754,1
2024-12-04,2024-12-11,bonds:TIP,0.0,83,0,0.011106303718580754,1
2024-12-04,2024-12-11,bonds:TLT,0.0,83,0,0.011106303718580754,1
2024-12-11,2024-12-18,bonds:EMB,0.0,19,-2,-0.054979995713481514,1
2024-12-11,2024-12-18,bonds:HYG,0.0,19,-2,-0.054979995713481514,1
2024-12-11,2024-12-18,bonds:IEF,0.0,19,-2,-0.054979995713481514,1
2024-12-11,2024-12-18,bonds:LQD,0.0,19,-2,-0.054979995713481514,1
2024-12-11,2024-12-18,bonds:SHY,1.0,19,-2,-0.054979995713481514,1
2024-12-11,2024-12-18,bonds:TIP,0.0,19,-2,-0.054979995713481514,1
2024-12-11,2024-12-18,bonds:TLT,0.0,19,-2,-0.054979995713481514,1
2024-12-18,2024-12-26,bonds:EMB,0.0,-31,1,-0.10500230281584999,1
2024-12-18,2024-12-26,bonds:HYG,0.1848491361866273,-31,1,-0.10500230281584999,1
2024-12-18,2024-12-26,bonds:IEF,0.0,-31,1,-0.10500230281584999,1
2024-12-18,2024-12-26,bonds:LQD,0.0,-31,1,-0.10500230281584999,1
2024-12-18,2024-12-26,bonds:SHY,0.7807801791319905,-31,1,-0.10500230281584999,1
2024-12-18,2024-12-26,bonds:TIP,0.0,-31,1,-0.10500230281584999,1
2024-12-18,2024-12-26,bonds:TLT,0.034370684681382324,-31,1,-0.10500230281584999,1
2024-12-26,2025-01-03,bonds:EMB,0.0,171,2,0.01702836627671492,1
2024-12-26,2025-01-03,bonds:HYG,0.5342035360370325,171,2,0.01702836627671492,1
2024-12-26,2025-01-03,bonds:IEF,0.0,171,2,0.01702836627671492,1
2024-12-26,2025-01-03,bonds:LQD,0.46579646396296737,171,2,0.01702836627671492,1
2024-12-26,2025-01-03,bonds:SHY,0.0,171,2,0.01702836627671492,1
2024-12-26,2025-01-03,bonds:TIP,0.0,171,2,0.01702836627671492,1
2024-12-26,2025-01-03,bonds:TLT,0.0,171,2,0.01702836627671492,1
2025-01-03,2025-01-13,bonds:EMB,0.0,24,-1,-0.04568433485010916,1
2025-01-03,2025-01-13,bonds:HYG,0.0,24,-1,-0.04568433485010916,1
2025-01-03,2025-01-13,bonds:IEF,0.0,24,-1,-0.04568433485010916,1
2025-01-03,2025-01-13,bonds:LQD,0.0,24,-1,-0.04568433485010916,1
2025-01-03,2025-01-13,bonds:SHY,1.0,24,-1,-0.04568433485010916,1
2025-01-03,2025-01-13,bonds:TIP,0.0,24,-1,-0.04568433485010916,1
2025-01-03,2025-01-13,bonds:TLT,0.0,24,-1,-0.04568433485010916,1
2025-01-13,2025-01-21,bonds:EMB,0.2695203959177639,-37,7,-0.12663970441319503,1
2025-01-13,2025-01-21,bonds:HYG,0.0,-37,7,-0.12663970441319503,1
2025-01-13,2025-01-21,bonds:IEF,0.0,-37,7,-0.12663970441319503,1
2025-01-13,2025-01-21,bonds:LQD,0.0,-37,7,-0.12663970441319503,1
2025-01-13,2025-01-21,bonds:SHY,0.7304796040822361,-37,7,-0.12663970441319503,1
2025-01-13,2025-01-21,bonds:TIP,0.0,-37,7,-0.12663970441319503,1
2025-01-13,2025-01-21,bonds:TLT,0.0,-37,7,-0.12663970441319503,1
2025-01-21,2025-01-28,bonds:EMB,0.1352096239781816,53,2,-0.023103226547638668,1
2025-01-21,2025-01-28,bonds:HYG,0.0005315994178611127,53,2,-0.023103226547638668,1
2025-01-21,2025-01-28,bonds:IEF,0.0,53,2,-0.023103226547638668,1
2025-01-21,2025-01-28,bonds:LQD,0.0,53,2,-0.023103226547638668,1
2025-01-21,2025-01-28,bonds:SHY,0.8642587766039572,53,2,-0.023103226547638668,1
2025-01-21,2025-01-28,bonds:TIP,0.0,53,2,-0.023103226547638668,1
2025-01-21,2025-01-28,bonds:TLT,0.0,53,2,-0.023103226547638668,1
2025-01-28,2025-02-04,bonds:EMB,0.0,-2,1,-0.0653018360760317,1
2025-01-28,2025-02-04,bonds:HYG,0.0,-2,1,-0.0653018360760317,1
2025-01-28,2025-02-04,bonds:IEF,0.08853028901139429,-2,1,-0.0653018360760317,1
2025-01-28,2025-02-04,bonds:LQD,0.0,-2,1,-0.0653018360760317,1
2025-01-28,2025-02-04,bonds:SHY,0.9114697109886057,-2,1,-0.0653018360760317,1
2025-01-28,2025-02-04,bonds:TIP,0.0,-2,1,-0.0653018360760317,1
2025-01-28,2025-02-04,bonds:TLT,0.0,-2,1,-0.0653018360760317,1
2025-02-04,2025-02-11,bonds:EMB,0.0,-91,-2,-0.1590617554424241,1
2025-02-04,2025-02-11,bonds:HYG,0.0,-91,-2,-0.1590617554424241,1
2025-02-04,2025-02-11,bonds:IEF,0.0,-91,-2,-0.1590617554424241,1
2025-02-04,2025-02-11,bonds:LQD,0.0,-91,-2,-0.1590617554424241,1
2025-02-04,2025-02-11,bonds:SHY,0.9453109654314145,-91,-2,-0.1590617554424241,1
2025-02-04,2025-02-11,bonds:TIP,0.0,-91,-2,-0.1590617554424241,1
2025-02-04,2025-02-11,bonds:TLT,0.05468903456858562,-91,-2,-0.1590617554424241,1
2025-02-11,2025-02-19,bonds:EMB,0.0,-167,2,-0.2362242450922033,1
2025-02-11,2025-02-19,bonds:HYG,0.0,-167,2,-0.2362242450922033,1
2025-02-11,2025-02-19,bonds:IEF,0.0,-167,2,-0.2362242450922033,1
2025-02-11,2025-02-19,bonds:LQD,0.0,-167,2,-0.2362242450922033,1
2025-02-11,2025-02-19,bonds:SHY,1.0,-167,2,-0.2362242450922033,1
2025-02-11,2025-02-19,bonds:TIP,0.0,-167,2,-0.2362242450922033,1
2025-02-11,2025-02-19,bonds:TLT,0.0,-167,2,-0.2362242450922033,1
2025-02-19,2025-02-26,bonds:EMB,0.0,44,4,-0.056098661833593515,1
2025-02-19,2025-02-26,bonds:HYG,0.30590284472627005,44,4,-0.056098661833593515,1
2025-02-19,2025-02-26,bonds:IEF,0.0,44,4,-0.056098661833593515,1
2025-02-19,2025-02-26,bonds:LQD,0.0,44,4,-0.056098661833593515,1
2025-02-19,2025-02-26,bonds:SHY,0.5794040444980193,44,4,-0.056098661833593515,1
2025-02-19,2025-02-26,bonds:TIP,0.11469311077571066,44,4,-0.056098661833593515,1
2025-02-19,2025-02-26,bonds:TLT,0.0,44,4,-0.056098661833593515,1
2025-02-26,2025-03-05,bonds:EMB,0.0,-76,1,-0.14909399764497513,1
2025-02-26,2025-03-05,bonds:HYG,0.0,-76,1,-0.14909399764497513,1
2025-02-26,2025-03-05,bonds:IEF,0.0,-76,1,-0.14909399764497513,1
2025-02-26,2025-03-05,bonds:LQD,0.0,-76,1,-0.14909399764497513,1
2025-02-26,2025-03-05,bonds:SHY,0.9707860713649288,-76,1,-0.14909399764497513,1
2025-02-26,2025-03-05,bonds:TIP,0.0,-76,1,-0.14909399764497513,1
2025-02-26,2025-03-05,bonds:TLT,0.029213928635071273,-76,1,-0.14909399764497513,1
2025-03-05,2025-03-12,bonds:EMB,0.0,17,0,-0.05117583675743284,1
2025-03-05,2025-03-12,bonds:HYG,0.0,17,0,-0.05117583675743284,1
2025-03-05,2025-03-12,bonds:IEF,0.0,17,0,-0.05117583675743284,1
2025-03-05,2025-03-12,bonds:LQD,0.0,17,0,-0.05117583675743284,1
2025-03-05,2025-03-12,bonds:SHY,1.0,17,0,-0.05117583675743284,1
2025-03-05,2025-03-12,bonds:TIP,0.0,17,0,-0.05117583675743284,1
2025-03-05,2025-03-12,bonds:TLT,0.0,17,0,-0.05117583675743284,1
2025-03-12,2025-03-19,bonds:EMB,0.0,77,0,-0.021279667560362283,1
2025-03-12,2025-03-19,bonds:HYG,0.0,77,0,-0.021279667560362283,1
2025-03-12,2025-03-19,bonds:IEF,0.24172701827501564,77,0,-0.021279667560362283,1
2025-03-12,2025-03-19,bonds:LQD,0.0,77,0,-0.021279667560362283,1
2025-03-12,2025-03-19,bonds:SHY,0.7582729817249844,77,0,-0.021279667560362283,1
2025-03-12,2025-03-19,bonds:TIP,0.0,77,0,-0.021279667560362283,1
2025-03-12,2025-03-19,bonds:TLT,0.0,77,0,-0.021279667560362283,1
2025-03-19,2025-03-26,bonds:EMB,0.0,246,-3,0.060419993834330867,1
2025-03-19,2025-03-26,bonds:HYG,1.0,246,-3,0.060419993834330867,1
2025-03-19,2025-03-26,bonds:IEF,0.0,246,-3,0.060419993834330867,1
2025-03-19,2025-03-26,bonds:LQD,0.0,246,-3,0.060419993834330867,1
2025-03-19,2025-03-26,bonds:SHY,0.0,246,-3,0.060419993834330867,1
2025-03-19,2025-03-26,bonds:TIP,0.0,246,-3,0.060419993834330867,1
2025-03-19,2025-03-26,bonds:TLT,0.0,246,-3,0.060419993834330867,1
2025-03-26,2025-04-02,bonds:EMB,1.0,1098,6,0.7720370327309746,1
2025-03-26,2025-04-02,bonds:HYG,0.0,1098,6,0.7720370327309746,1
2025-03-26,2025-04-02,bonds:IEF,0.0,1098,6,0.7720370327309746,1
2025-03-26,2025-04-02,bonds:LQD,0.0,1098,6,0.7720370327309746,1
2025-03-26,2025-04-02,bonds:SHY,0.0,1098,6,0.7720370327309746,1
2025-03-26,2025-04-02,bonds:TIP,0.0,1098,6,0.7720370327309746,1
2025-03-26,2025-04-02,bonds:TLT,0.0,1098,6,0.7720370327309746,1
2025-04-02,2025-04-09,bonds:EMB,6.739132973533942e-05,-10,-3,-0.08495939429758222,1
2025-04-02,2025-04-09,bonds:HYG,0.0,-10,-3,-0.08495939429758222,1
2025-04-02,2025-04-09,bonds:IEF,0.0,-10,-3,-0.08495939429758222,1
2025-04-02,2025-04-09,bonds:LQD,0.0,-10,-3,-0.08495939429758222,1
2025-04-02,2025-04-09,bonds:SHY,0.8835893314586034,-10,-3,-0.08495939429758222,1
2025-04-02,2025-04-09,bonds:TIP,0.11634327721166127,-10,-3,-0.08495939429758222,1
2025-04-02,2025-04-09,bonds:TLT,0.0,-10,-3,-0.08495939429758222,1
2025-04-09,2025-04-16,bonds:EMB,0.0,43,2,-0.03199706149551075,1
2025-04-09,2025-04-16,bonds:HYG,0.0,43,2,-0.03199706149551075,1
2025-04-09,2025-04-16,bonds:IEF,0.04236821812607116,43,2,-0.03199706149551075,1
2025-04-09,2025-04-16,bonds:LQD,0.0,43,2,-0.03199706149551075,1
2025-04-09,2025-04-16,bonds:SHY,0.9115994872703179,43,2,-0.03199706149551075,1
2025-04-09,2025-04-16,bonds:TIP,0.0,43,2,-0.03199706149551075,1
2025-04-09,2025-04-16,bonds:TLT,0.04603229460361092,43,2,-0.03199706149551075,1
2025-04-16,2025-04-24,bonds:EMB,0.2001999246311535,184,12,-0.05702210709748853,1
2025-04-16,2025-04-24,bonds:HYG,0.7998000753688465,184,12,-0.05702210709748853,1
2025-04-16,2025-04-24,bonds:IEF,0.0,184,12,-0.05702210709748853,1
2025-04-16,2025-04-24,bonds:LQD,0.0,184,12,-0.05702210709748853,1
2025-04-16,2025-04-24,bonds:SHY,0.0,184,12,-0.05702210709748853,1
2025-04-16,2025-04-24,bonds:TIP,0.0,184,12,-0.05702210709748853,1
2025-04-16,2025-04-24,bonds:TLT,0.0,184,12,-0.05702210709748853,1
2025-04-24,2025-05-01,bonds:EMB,0.0,-89,1,-0.1661000865935367,1
2025-04-24,2025-05-01,bonds:HYG,0.0,-89,1,-0.1661000865935367,1
2025-04-24,2025-05-01,bonds:IEF,0.0,-89,1,-0.1661000865935367,1
2025-04-24,2025-05-01,bonds:LQD,0.0,-89,1,-0.1661000865935367,1
2025-04-24,2025-05-01,bonds:SHY,1.0,-89,1,-0.1661000865935367,1
2025-04-24,2025-05-01,bonds:TIP,0.0,-89,1,-0.1661000865935367,1
2025-04-24,2025-05-01,bonds:TLT,0.0,-89,1,-0.1661000865935367,1
2025-05-01,2025-05-08,bonds:EMB,0.0,331,0,0.07045874632465073,1
2025-05-01,2025-05-08,bonds:HYG,1.0,331,0,0.07045874632465073,1
2025-05-01,2025-05-08,bonds:IEF,0.0,331,0,0.07045874632465073,1
2025-05-01,2025-05-08,bonds:LQD,0.0,331,0,0.07045874632465073,1
2025-05-01,2025-05-08,bonds:SHY,0.0,331,0,0.07045874632465073,1
2025-05-01,2025-05-08,bonds:TIP,0.0,331,0,0.07045874632465073,1
2025-05-01,2025-05-08,bonds:TLT,0.0,331,0,0.07045874632465073,1
2025-05-08,2025-05-15,bonds:EMB,0.0,-15,0,-0.09180632629020988,1
2025-05-08,2025-05-15,bonds:HYG,0.0,-15,0,-0.09180632629020988,1
2025-05-08,2025-05-15,bonds:IEF,0.0,-15,0,-0.09180632629020988,1
2025-05-08,2025-05-15,bonds:LQD,0.0,-15,0,-0.09180632629020988,1
2025-05-08,2025-05-15,bonds:SHY,1.0,-15,0,-0.09180632629020988,1
2025-05-08,2025-05-15,bonds:TIP,0.0,-15,0,-0.09180632629020988,1
2025-05-08,2025-05-15,bonds:TLT,0.0,-15,0,-0.09180632629020988,1
2025-05-15,2025-05-22,bonds:EMB,0.0,379,-11,0.04764370194263526,1
2025-05-15,2025-05-22,bonds:HYG,0.0,379,-11,0.04764370194263526,1
2025-05-15,2025-05-22,bonds:IEF,0.10221161229570949,379,-11,0.04764370194263526,1
2025-05-15,2025-05-22,bonds:LQD,0.0,379,-11,0.04764370194263526,1
2025-05-15,2025-05-22,bonds:SHY,0.0,379,-11,0.04764370194263526,1
2025-05-15,2025-05-22,bonds:TIP,0.49905372120711594,379,-11,0.04764370194263526,1
2025-05-15,2025-05-22,bonds:TLT,0.39873466649717454,379,-11,0.04764370194263526,1
2025-05-22,2025-05-30,bonds:EMB,0.0,80,3,-0.03987948294071266,1
2025-05-22,2025-05-30,bonds:HYG,0.0,80,3,-0.03987948294071266,1
2025-05-22,2025-05-30,bonds:IEF,0.0,80,3,-0.03987948294071266,1
2025-05-22,2025-05-30,bonds:LQD,0.0,80,3,-0.03987948294071266,1
2025-05-22,2025-05-30,bonds:SHY,0.6205459669579887,80,3,-0.03987948294071266,1
2025-05-22,2025-05-30,bonds:TIP,0.3794540330420113,80,3,-0.03987948294071266,1
2025-05-22,2025-05-30,bonds:TLT,0.0,80,3,-0.03987948294071266,1
2025-05-30,2025-06-06,bonds:EMB,0.0,44,0,-0.070752334253711,1
2025-05-30,2025-06-06,bonds:HYG,0.18856378759414863,44,0,-0.070752334253711,1
2025-05-30,2025-06-06,bonds:IEF,0.0,44,0,-0.070752334253711,1
2025-05-30,2025-06-06,bonds:LQD,0.0,44,0,-0.070752334253711,1
2025-05-30,2025-06-06,bonds:SHY,0.8114362124058514,44,0,-0.070752334253711,1
2025-05-30,2025-06-06,bonds:TIP,0.0,44,0,-0.070752334253711,1
2025-05-30,2025-06-06,bonds:TLT,0.0,44,0,-0.070752334253711,1
2025-06-06,2025-06-13,bonds:EMB,0.0,181,0,-0.2375314097862432,1
2025-06-06,2025-06-13,bonds:HYG,1.0,181,0,-0.2375314097862432,1
2025-06-06,2025-06-13,bonds:IEF,0.0,181,0,-0.2375314097862432,1
2025-06-06,2025-06-13,bonds:LQD,0.0,181,0,-0.2375314097862432,1
2025-06-06,2025-06-13,bonds:SHY,0.0,181,0,-0.2375314097862432,1
2025-06-06,2025-06-13,bonds:TIP,0.0,181,0,-0.2375314097862432,1
2025-06-06,2025-06-13,bonds:TLT,0.0,181,0,-0.2375314097862432,1
2025-06-13,2025-06-23,bonds:EMB,0.0,1214,15,0.42696703757714305,1
2025-06-13,2025-06-23,bonds:HYG,0.0,1214,15,0.42696703757714305,1
2025-06-13,2025-06-23,bonds:IEF,0.0,1214,15,0.42696703757714305,1
2025-06-13,2025-06-23,bonds:LQD,0.0,1214,15,0.42696703757714305,1
2025-06-13,2025-06-23,bonds:SHY,0.0,1214,15,0.42696703757714305,1
2025-06-13,2025-06-23,bonds:TIP,0.0,1214,15,0.42696703757714305,1
2025-06-13,2025-06-23,bonds:TLT,1.0,1214,15,0.42696703757714305,1
2025-06-23,2025-06-30,bonds:EMB,0.11585266914746666,168,2,0.028428916081631086,1
2025-06-23,2025-06-30,bonds:HYG,0.0,168,2,0.028428916081631086,1
2025-06-23,2025-06-30,bonds:IEF,0.0,168,2,0.028428916081631086,1
2025-06-23,2025-06-30,bonds:LQD,0.0,168,2,0.028428916081631086,1
2025-06-23,2025-06-30,bonds:SHY,0.8841473308525333,168,2,0.028428916081631086,1
2025-06-23,2025-06-30,bonds:TIP,0.0,168,2,0.028428916081631086,1
2025-06-23,2025-06-30,bonds:TLT,0.0,168,2,0.028428916081631086,1
2025-06-30,2025-07-08,bonds:EMB,0.0,749,-11,0.2420041863113499,1
2025-06-30,2025-07-08,bonds:HYG,0.0,749,-11,0.2420041863113499,1
2025-06-30,2025-07-08,bonds:IEF,0.0,749,-11,0.2420041863113499,1
2025-06-30,2025-07-08,bonds:LQD,1.0,749,-11,0.2420041863113499,1
2025-06-30,2025-07-08,bonds:SHY,0.0,749,-11,0.2420041863113499,1
2025-06-30,2025-07-08,bonds:TIP,0.0,749,-11,0.2420041863113499,1
2025-06-30,2025-07-08,bonds:TLT,0.0,749,-11,0.2420041863113499,1
2025-07-08,2025-07-15,bonds:EMB,0.0,288,-3,-0.010997176944442095,1
2025-07-08,2025-07-15,bonds:HYG,0.7130808123720315,288,-3,-0.010997176944442095,1
2025-07-08,2025-07-15,bonds:IEF,0.0,288,-3,-0.010997176944442095,1
2025-07-08,2025-07-15,bonds:LQD,0.0,288,-3,-0.010997176944442095,1
2025-07-08,2025-07-15,bonds:SHY,0.28691918762796864,288,-3,-0.010997176944442095,1
2025-07-08,2025-07-15,bonds:TIP,0.0,288,-3,-0.010997176944442095,1
2025-07-08,2025-07-15,bonds:TLT,0.0,288,-3,-0.010997176944442095,1
2025-07-15,2025-07-22,bonds:EMB,0.0,-94,2,-0.23827474384793704,1
2025-07-15,2025-07-22,bonds:HYG,0.004228434053522991,-94,2,-0.23827474384793704,1
2025-07-15,2025-07-22,bonds:IEF,0.0,-94,2,-0.23827474384793704,1
2025-07-15,2025-07-22,bonds:LQD,0.0,-94,2,-0.23827474384793704,1
2025-07-15,2025-07-22,bonds:SHY,0.973695380181467,-94,2,-0.23827474384793704,1
2025-07-15,2025-07-22,bonds:TIP,0.0,-94,2,-0.23827474384793704,1
2025-07-15,2025-07-22,bonds:TLT,0.022076185765010047,-94,2,-0.23827474384793704,1
2025-07-22,2025-07-29,bonds:EMB,0.015815337392387163,-80,0,-0.2157288781083559,1
2025-07-22,2025-07-29,bonds:HYG,0.0,-80,0,-0.2157288781083559,1
2025-07-22,2025-07-29,bonds:IEF,0.0,-80,0,-0.2157288781083559,1
2025-07-22,2025-07-29,bonds:LQD,0.0,-80,0,-0.2157288781083559,1
2025-07-22,2025-07-29,bonds:SHY,0.9841846626076128,-80,0,-0.2157288781083559,1
2025-07-22,2025-07-29,bonds:TIP,0.0,-80,0,-0.2157288781083559,1
2025-07-22,2025-07-29,bonds:TLT,0.0,-80,0,-0.2157288781083559,1
2025-07-29,2025-08-05,bonds:EMB,0.0,-91,4,-0.22797088513149383,1
2025-07-29,2025-08-05,bonds:HYG,0.0,-91,4,-0.22797088513149383,1
2025-07-29,2025-08-05,bonds:IEF,0.0,-91,4,-0.22797088513149383,1
2025-07-29,2025-08-05,bonds:LQD,0.0,-91,4,-0.22797088513149383,1
2025-07-29,2025-08-05,bonds:SHY,1.0,-91,4,-0.22797088513149383,1
2025-07-29,2025-08-05,bonds:TIP,0.0,-91,4,-0.22797088513149383,1
2025-07-29,2025-08-05,bonds:TLT,0.0,-91,4,-0.22797088513149383,1
2025-08-05,2025-08-12,bonds:EMB,0.0,-60,0,-0.19575863620331013,1
2025-08-05,2025-08-12,bonds:HYG,0.0,-60,0,-0.19575863620331013,1
2025-08-05,2025-08-12,bonds:IEF,0.0,-60,0,-0.19575863620331013,1
2025-08-05,2025-08-12,bonds:LQD,0.0,-60,0,-0.19575863620331013,1
2025-08-05,2025-08-12,bonds:SHY,1.0,-60,0,-0.19575863620331013,1
2025-08-05,2025-08-12,bonds:TIP,0.0,-60,0,-0.19575863620331013,1
2025-08-05,2025-08-12,bonds:TLT,0.0,-60,0,-0.19575863620331013,1
2025-08-12,2025-08-19,bonds:EMB,0.0,-9,-1,-0.14647029445676144,1
2025-08-12,2025-08-19,bonds:HYG,0.15566809955601288,-9,-1,-0.14647029445676144,1
2025-08-12,2025-08-19,bonds:IEF,0.0,-9,-1,-0.14647029445676144,1
2025-08-12,2025-08-19,bonds:LQD,0.0,-9,-1,-0.14647029445676144,1
2025-08-12,2025-08-19,bonds:SHY,0.8443319004439871,-9,-1,-0.14647029445676144,1
2025-08-12,2025-08-19,bonds:TIP,0.0,-9,-1,-0.14647029445676144,1
2025-08-12,2025-08-19,bonds:TLT,0.0,-9,-1,-0.14647029445676144,1
2025-08-19,2025-08-26,bonds:EMB,0.1430790063592664,30,1,-0.10903538984159666,1
2025-08-19,2025-08-26,bonds:HYG,0.0,30,1,-0.10903538984159666,1
2025-08-19,2025-08-26,bonds:IEF,0.0,30,1,-0.10903538984159666,1
2025-08-19,2025-08-26,bonds:LQD,0.0,30,1,-0.10903538984159666,1
2025-08-19,2025-08-26,bonds:SHY,0.8569209936407336,30,1,-0.10903538984159666,1
2025-08-19,2025-08-26,bonds:TIP,0.0,30,1,-0.10903538984159666,1
2025-08-19,2025-08-26,bonds:TLT,0.0,30,1,-0.10903538984159666,1
2025-08-26,2025-09-03,bonds:EMB,0.25535084670276365,94,1,-0.062080193832085365,1
2025-08-26,2025-09-03,bonds:HYG,0.0,94,1,-0.062080193832085365,1
2025-08-26,2025-09-03,bonds:IEF,0.0,94,1,-0.062080193832085365,1
2025-08-26,2025-09-03,bonds:LQD,0.0,94,1,-0.062080193832085365,1
2025-08-26,2025-09-03,bonds:SHY,0.7446491532972364,94,1,-0.062080193832085365,1
2025-08-26,2025-09-03,bonds:TIP,0.0,94,1,-0.062080193832085365,1
2025-08-26,2025-09-03,bonds:TLT,0.0,94,1,-0.062080193832085365,1
2025-09-03,2025-09-10,bonds:EMB,0.0,128,1,-0.010435849095818664,1
2025-09-03,2025-09-10,bonds:HYG,0.0,128,1,-0.010435849095818664,1
2025-09-03,2025-09-10,bonds:IEF,0.0,128,1,-0.010435849095818664,1
2025-09-03,2025-09-10,bonds:LQD,0.0,128,1,-0.010435849095818664,1
2025-09-03,2025-09-10,bonds:SHY,1.0,128,1,-0.010435849095818664,1
2025-09-03,2025-09-10,bonds:TIP,0.0,128,1,-0.010435849095818664,1
2025-09-03,2025-09-10,bonds:TLT,0.0,128,1,-0.010435849095818664,1
2025-09-10,2025-09-17,bonds:EMB,0.0,80,0,-0.09378740111100214,1
2025-09-10,2025-09-17,bonds:HYG,0.2577782899794697,80,0,-0.09378740111100214,1
2025-09-10,2025-09-17,bonds:IEF,0.0,80,0,-0.09378740111100214,1
2025-09-10,2025-09-17,bonds:LQD,0.0,80,0,-0.09378740111100214,1
2025-09-10,2025-09-17,bonds:SHY,0.5954135222115231,80,0,-0.09378740111100214,1
2025-09-10,2025-09-17,bonds:TIP,0.14680818780900717,80,0,-0.09378740111100214,1
2025-09-10,2025-09-17,bonds:TLT,0.0,80,0,-0.09378740111100214,1
2025-09-17,2025-09-24,bonds:EMB,0.0,57,0,-0.07461597568544683,1
2025-09-17,2025-09-24,bonds:HYG,0.020484379640542585,57,0,-0.07461597568544683,1
2025-09-17,2025-09-24,bonds:IEF,0.0,57,0,-0.07461597568544683,1
2025-09-17,2025-09-24,bonds:LQD,0.0,57,0,-0.07461597568544683,1
2025-09-17,2025-09-24,bonds:SHY,0.9795156203594574,57,0,-0.07461597568544683,1
2025-09-17,2025-09-24,bonds:TIP,0.0,57,0,-0.07461597568544683,1
2025-09-17,2025-09-24,bonds:TLT,0.0,57,0,-0.07461597568544683,1
2025-09-24,2025-10-01,bonds:EMB,0.7144987231277333,350,3,0.027974730360321387,1
2025-09-24,2025-10-01,bonds:HYG,0.0,350,3,0.027974730360321387,1
2025-09-24,2025-10-01,bonds:IEF,0.28550127687226673,350,3,0.027974730360321387,1
2025-09-24,2025-10-01,bonds:LQD,0.0,350,3,0.027974730360321387,1
2025-09-24,2025-10-01,bonds:SHY,0.0,350,3,0.027974730360321387,1
2025-09-24,2025-10-01,bonds:TIP,0.0,350,3,0.027974730360321387,1
2025-09-24,2025-10-01,bonds:TLT,0.0,350,3,0.027974730360321387,1
2025-10-01,2025-10-08,bonds:EMB,0.0,1169,-3,0.4267413943284248,1
2025-10-01,2025-10-08,bonds:HYG,0.0,1169,-3,0.4267413943284248,1
2025-10-01,2025-10-08,bonds:IEF,0.0,1169,-3,0.4267413943284248,1
2025-10-01,2025-10-08,bonds:LQD,0.0,1169,-3,0.4267413943284248,1
2025-10-01,2025-10-08,bonds:SHY,0.0,1169,-3,0.4267413943284248,1
2025-10-01,2025-10-08,bonds:TIP,0.0,1169,-3,0.4267413943284248,1
2025-10-01,2025-10-08,bonds:TLT,1.0,1169,-3,0.4267413943284248,1
2025-10-08,2025-10-15,bonds:EMB,0.38306487757929536,67,3,-0.08172506491238214,1
2025-10-08,2025-10-15,bonds:HYG,0.0,67,3,-0.08172506491238214,1
2025-10-08,2025-10-15,bonds:IEF,0.0,67,3,-0.08172506491238214,1
2025-10-08,2025-10-15,bonds:LQD,0.0,67,3,-0.08172506491238214,1
2025-10-08,2025-10-15,bonds:SHY,0.6169351224207047,67,3,-0.08172506491238214,1
2025-10-08,2025-10-15,bonds:TIP,0.0,67,3,-0.08172506491238214,1
2025-10-08,2025-10-15,bonds:TLT,0.0,67,3,-0.08172506491238214,1
2025-10-15,2025-10-22,bonds:EMB,0.0,481,2,0.2700124218425253,1
2025-10-15,2025-10-22,bonds:HYG,0.9127694734330519,481,2,0.2700124218425253,1
2025-10-15,2025-10-22,bonds:IEF,0.0,481,2,0.2700124218425253,1
2025-10-15,2025-10-22,bonds:LQD,0.0,481,2,0.2700124218425253,1
2025-10-15,2025-10-22,bonds:SHY,0.0,481,2,0.2700124218425253,1
2025-10-15,2025-10-22,bonds:TIP,0.0,481,2,0.2700124218425253,1
2025-10-15,2025-10-22,bonds:TLT,0.08723052656694799,481,2,0.2700124218425253,1
2025-10-22,2025-10-29,bonds:EMB,0.0,888,-3,0.14719035809033898,1
2025-10-22,2025-10-29,bonds:HYG,0.0,888,-3,0.14719035809033898,1
2025-10-22,2025-10-29,bonds:IEF,0.0,888,-3,0.14719035809033898,1
2025-10-22,2025-10-29,bonds:LQD,0.0,888,-3,0.14719035809033898,1
2025-10-22,2025-10-29,bonds:SHY,0.0,888,-3,0.14719035809033898,1
2025-10-22,2025-10-29,bonds:TIP,0.0,888,-3,0.14719035809033898,1
2025-10-22,2025-10-29,bonds:TLT,1.0,888,-3,0.14719035809033898,1
2025-10-29,2025-11-05,bonds:EMB,0.0,-13,0,-0.09313636403800607,1
2025-10-29,2025-11-05,bonds:HYG,0.0,-13,0,-0.09313636403800607,1
2025-10-29,2025-11-05,bonds:IEF,0.0,-13,0,-0.09313636403800607,1
2025-10-29,2025-11-05,bonds:LQD,0.0,-13,0,-0.09313636403800607,1
2025-10-29,2025-11-05,bonds:SHY,1.0,-13,0,-0.09313636403800607,1
2025-10-29,2025-11-05,bonds:TIP,0.0,-13,0,-0.09313636403800607,1
2025-10-29,2025-11-05,bonds:TLT,0.0,-13,0,-0.09313636403800607,1
2025-11-05,2025-11-12,bonds:EMB,0.41721349421368015,52,2,-0.07301253244560817,1
2025-11-05,2025-11-12,bonds:HYG,0.0,52,2,-0.07301253244560817,1
2025-11-05,2025-11-12,bonds:IEF,0.0,52,2,-0.07301253244560817,1
2025-11-05,2025-11-12,bonds:LQD,0.0,52,2,-0.07301253244560817,1
2025-11-05,2025-11-12,bonds:SHY,0.5827865057863199,52,2,-0.07301253244560817,1
2025-11-05,2025-11-12,bonds:TIP,0.0,52,2,-0.07301253244560817,1
2025-11-05,2025-11-12,bonds:TLT,0.0,52,2,-0.07301253244560817,1
2025-11-12,2025-11-19,bonds:EMB,0.0,-82,0,-0.18246733832980516,1
2025-11-12,2025-11-19,bonds:HYG,0.17702431074384262,-82,0,-0.18246733832980516,1
2025-11-12,2025-11-19,bonds:IEF,0.0,-82,0,-0.18246733832980516,1
2025-11-12,2025-11-19,bonds:LQD,0.0,-82,0,-0.18246733832980516,1
2025-11-12,2025-11-19,bonds:SHY,0.6757146305865324,-82,0,-0.18246733832980516,1
2025-11-12,2025-11-19,bonds:TIP,0.12218703293445325,-82,0,-0.18246733832980516,1
2025-11-12,2025-11-19,bonds:TLT,0.025074025735171677,-82,0,-0.18246733832980516,1
2025-11-19,2025-11-26,bonds:EMB,0.0,422,14,0.12575732669702264,1
2025-11-19,2025-11-26,bonds:HYG,0.0,422,14,0.12575732669702264,1
2025-11-19,2025-11-26,bonds:IEF,0.0,422,14,0.12575732669702264,1
2025-11-19,2025-11-26,bonds:LQD,0.6280039493223608,422,14,0.12575732669702264,1
2025-11-19,2025-11-26,bonds:SHY,0.0,422,14,0.12575732669702264,1
2025-11-19,2025-11-26,bonds:TIP,0.0,422,14,0.12575732669702264,1
2025-11-19,2025-11-26,bonds:TLT,0.3719960506776392,422,14,0.12575732669702264,1
