t0,t1,asset,y_true x1000,y_pred x1000,err x1000
2023-02-21,2023-02-28,bonds:EMB,9,-264,274
2023-02-21,2023-02-28,bonds:HYG,8,-139,147
2023-02-21,2023-02-28,bonds:IEF,2,-382,385
2023-02-21,2023-02-28,bonds:LQD,0,-326,327
2023-02-21,2023-02-28,bonds:SHY,0,-96,95
2023-02-21,2023-02-28,bonds:TIP,2,-206,208
2023-02-21,2023-02-28,bonds:TLT,3,-703,707
2023-02-28,2023-03-07,bonds:EMB,3,162,-159
2023-02-28,2023-03-07,bonds:HYG,4,233,-228
2023-02-28,2023-03-07,bonds:IEF,2,205,-203
2023-02-28,2023-03-07,bonds:LQD,6,119,-112
2023-02-28,2023-03-07,bonds:SHY,-1,21,-22
2023-02-28,2023-03-07,bonds:TIP,0,264,-265
2023-02-28,2023-03-07,bonds:TLT,13,368,-355
2023-03-07,2023-03-14,bonds:EMB,5,-134,139
2023-03-07,2023-03-14,bonds:HYG,-3,-273,269
2023-03-07,2023-03-14,bonds:IEF,27,62,-35
2023-03-07,2023-03-14,bonds:LQD,11,-53,64
2023-03-07,2023-03-14,bonds:SHY,14,-109,123
2023-03-07,2023-03-14,bonds:TIP,19,-167,187
2023-03-07,2023-03-14,bonds:TLT,22,-127,149
2023-03-14,2023-03-21,bonds:EMB,-1,-168,166
2023-03-14,2023-03-21,bonds:HYG,8,-260,269
2023-03-14,2023-03-21,bonds:IEF,-10,-247,237
2023-03-14,2023-03-21,bonds:LQD,5,-304,309
2023-03-14,2023-03-21,bonds:SHY,-4,32,-36
2023-03-14,2023-03-21,bonds:TIP,-10,-115,104
2023-03-14,2023-03-21,bonds:TLT,-10,-557,546
2023-03-21,2023-03-28,bonds:EMB,-9,91,-101
2023-03-21,2023-03-28,bonds:HYG,-8,-8,0
2023-03-21,2023-03-28,bonds:IEF,-6,-515,508
2023-03-21,2023-03-28,bonds:LQD,-7,-345,337
2023-03-21,2023-03-28,bonds:SHY,-1,-121,119
2023-03-21,2023-03-28,bonds:TIP,-5,-329,323
2023-03-21,2023-03-28,bonds:TLT,-17,-1051,1033
2023-03-28,2023-04-04,bonds:EMB,18,171,-153
2023-03-28,2023-04-04,bonds:HYG,12,-47,60
2023-03-28,2023-04-04,bonds:IEF,18,-295,313
2023-03-28,2023-04-04,bonds:LQD,17,-141,158
2023-03-28,2023-04-04,bonds:SHY,4,-160,165
2023-03-28,2023-04-04,bonds:TIP,10,-54,65
2023-03-28,2023-04-04,bonds:TLT,29,-338,367
2023-04-04,2023-04-12,bonds:EMB,-2,110,-113
2023-04-04,2023-04-12,bonds:HYG,5,110,-105
2023-04-04,2023-04-12,bonds:IEF,-7,-60,53
2023-04-04,2023-04-12,bonds:LQD,-7,50,-58
2023-04-04,2023-04-12,bonds:SHY,-2,72,-75
2023-04-04,2023-04-12,bonds:TIP,-2,52,-55
2023-04-04,2023-04-12,bonds:TLT,-12,-284,272
2023-04-12,2023-04-19,bonds:EMB,-13,380,-394
2023-04-12,2023-04-19,bonds:HYG,-7,20,-28
2023-04-12,2023-04-19,bonds:IEF,-11,-172,160
2023-04-12,2023-04-19,bonds:LQD,-11,24,-36
2023-04-12,2023-04-19,bonds:SHY,-4,-92,87
2023-04-12,2023-04-19,bonds:TIP,-8,-111,102
2023-04-12,2023-04-19,bonds:TLT,-18,-211,192
2023-04-19,2023-04-26,bonds:EMB,6,-240,246
2023-04-19,2023-04-26,bonds:HYG,0,-261,261
2023-04-19,2023-04-26,bonds:IEF,8,-39,48
2023-04-19,2023-04-26,bonds:LQD,5,-330,335
2023-04-19,2023-04-26,bonds:SHY,3,2,0
2023-04-19,2023-04-26,bonds:TIP,6,-74,81
2023-04-19,2023-04-26,bonds:TLT,7,117,-109
2023-04-26,2023-05-03,bonds:EMB,6,-93,100
2023-04-26,2023-05-03,bonds:HYG,-1,-179,177
2023-04-26,2023-05-03,bonds:IEF,15,33,-18
2023-04-26,2023-05-03,bonds:LQD,5,166,-160
2023-04-26,2023-05-03,bonds:SHY,4,21,-17
2023-04-26,2023-05-03,bonds:TIP,4,-113,118
2023-04-26,2023-05-03,bonds:TLT,16,3,13
2023-05-03,2023-05-10,bonds:EMB,3,63,-59
2023-05-03,2023-05-10,bonds:HYG,6,-87,93
2023-05-03,2023-05-10,bonds:IEF,-5,351,-356
2023-05-03,2023-05-10,bonds:LQD,-3,324,-328
2023-05-03,2023-05-10,bonds:SHY,-1,101,-103
2023-05-03,2023-05-10,bonds:TIP,-3,359,-363
2023-05-03,2023-05-10,bonds:TLT,-11,971,-983
2023-05-10,2023-05-17,bonds:EMB,-14,195,-209
2023-05-10,2023-05-17,bonds:HYG,-8,160,-168
2023-05-10,2023-05-17,bonds:IEF,-14,332,-347
2023-05-10,2023-05-17,bonds:LQD,-16,504,-520
2023-05-10,2023-05-17,bonds:SHY,-3,36,-40
2023-05-10,2023-05-17,bonds:TIP,-8,147,-155
2023-05-10,2023-05-17,bonds:TLT,-24,568,-592
2023-05-17,2023-05-24,bonds:EMB,0,47,-48
2023-05-17,2023-05-24,bonds:HYG,-6,70,-77
2023-05-17,2023-05-24,bonds:IEF,-6,290,-297
2023-05-17,2023-05-24,bonds:LQD,-3,271,-274
2023-05-17,2023-05-24,bonds:SHY,-2,27,-29
2023-05-17,2023-05-24,bonds:TIP,-4,135,-139
2023-05-17,2023-05-24,bonds:TLT,-12,752,-765
2023-05-24,2023-06-01,bonds:EMB,17,509,-492
2023-05-24,2023-06-01,bonds:HYG,13,254,-241
2023-05-24,2023-06-01,bonds:IEF,16,432,-416
2023-05-24,2023-06-01,bonds:LQD,18,515,-497
2023-05-24,2023-06-01,bonds:SHY,4,43,-39
2023-05-24,2023-06-01,bonds:TIP,8,275,-267
2023-05-24,2023-06-01,bonds:TLT,30,1130,-1099
2023-06-01,2023-06-08,bonds:EMB,4,-16,21
2023-06-01,2023-06-08,bonds:HYG,1,-2,4
2023-06-01,2023-06-08,bonds:IEF,0,-34,34
2023-06-01,2023-06-08,bonds:LQD,-2,-29,26
2023-06-01,2023-06-08,bonds:SHY,0,21,-21
2023-06-01,2023-06-08,bonds:TIP,2,36,-34
2023-06-01,2023-06-08,bonds:TLT,0,-230,231
2023-06-08,2023-06-15,bonds:EMB,11,90,-79
2023-06-08,2023-06-15,bonds:HYG,5,-292,297
2023-06-08,2023-06-15,bonds:IEF,3,89,-85
2023-06-08,2023-06-15,bonds:LQD,10,50,-40
2023-06-08,2023-06-15,bonds:SHY,0,19,-18
2023-06-08,2023-06-15,bonds:TIP,4,40,-36
2023-06-08,2023-06-15,bonds:TLT,10,-57,68
2023-06-15,2023-06-23,bonds:EMB,3,108,-105
2023-06-15,2023-06-23,bonds:HYG,-9,-42,32
2023-06-15,2023-06-23,bonds:IEF,2,-118,121
2023-06-15,2023-06-23,bonds:LQD,0,-52,52
2023-06-15,2023-06-23,bonds:SHY,0,14,-14
2023-06-15,2023-06-23,bonds:TIP,1,-77,78
2023-06-15,2023-06-23,bonds:TLT,7,-94,101
2023-06-23,2023-06-30,bonds:EMB,2,-15,18
2023-06-23,2023-06-30,bonds:HYG,11,288,-276
2023-06-23,2023-06-30,bonds:IEF,-7,29,-37
2023-06-23,2023-06-30,bonds:LQD,2,181,-178
2023-06-23,2023-06-30,bonds:SHY,-2,-7,5
2023-06-23,2023-06-30,bonds:TIP,-2,-4,1
2023-06-23,2023-06-30,bonds:TLT,-4,131,-136
2023-06-30,2023-07-10,bonds:EMB,-16,53,-70
2023-06-30,2023-07-10,bonds:HYG,-4,141,-146
2023-06-30,2023-07-10,bonds:IEF,-9,99,-108
2023-06-30,2023-07-10,bonds:LQD,-13,37,-50
2023-06-30,2023-07-10,bonds:SHY,1,33,-32
2023-06-30,2023-07-10,bonds:TIP,-8,1,-9
2023-06-30,2023-07-10,bonds:TLT,-28,2,-31
2023-07-10,2023-07-17,bonds:EMB,18,-372,390
2023-07-10,2023-07-17,bonds:HYG,8,-158,166
2023-07-10,2023-07-17,bonds:IEF,14,-263,278
2023-07-10,2023-07-17,bonds:LQD,9,-367,377
2023-07-10,2023-07-17,bonds:SHY,3,16,-13
2023-07-10,2023-07-17,bonds:TIP,12,-226,238
2023-07-10,2023-07-17,bonds:TLT,16,-570,586
2023-07-17,2023-07-24,bonds:EMB,-3,178,-182
2023-07-17,2023-07-24,bonds:HYG,-2,-30,27
2023-07-17,2023-07-24,bonds:IEF,-6,332,-339
2023-07-17,2023-07-24,bonds:LQD,0,460,-460
2023-07-17,2023-07-24,bonds:SHY,-1,-26,24
2023-07-17,2023-07-24,bonds:TIP,3,87,-83
2023-07-17,2023-07-24,bonds:TLT,-4,891,-896
2023-07-24,2023-07-31,bonds:EMB,7,26,-19
2023-07-24,2023-07-31,bonds:HYG,4,-14,18
2023-07-24,2023-07-31,bonds:IEF,-3,-31,28
2023-07-24,2023-07-31,bonds:LQD,1,-72,74
2023-07-24,2023-07-31,bonds:SHY,1,-76,78
2023-07-24,2023-07-31,bonds:TIP,-2,-61,59
2023-07-24,2023-07-31,bonds:TLT,-11,-237,226
2023-07-31,2023-08-07,bonds:EMB,-5,214,-220
2023-07-31,2023-08-07,bonds:HYG,0,88,-88
2023-07-31,2023-08-07,bonds:IEF,-1,171,-173
2023-07-31,2023-08-07,bonds:LQD,-7,203,-210
2023-07-31,2023-08-07,bonds:SHY,3,-17,20
2023-07-31,2023-08-07,bonds:TIP,2,256,-253
2023-07-31,2023-08-07,bonds:TLT,-26,247,-273
2023-08-07,2023-08-14,bonds:EMB,-12,189,-201
2023-08-07,2023-08-14,bonds:HYG,-1,359,-361
2023-08-07,2023-08-14,bonds:IEF,-13,220,-234
2023-08-07,2023-08-14,bonds:LQD,-9,147,-157
2023-08-07,2023-08-14,bonds:SHY,-2,119,-122
2023-08-07,2023-08-14,bonds:TIP,-9,-76,67
2023-08-07,2023-08-14,bonds:TLT,-15,150,-166
2023-08-14,2023-08-21,bonds:EMB,-7,-236,228
2023-08-14,2023-08-21,bonds:HYG,-6,-171,164
2023-08-14,2023-08-21,bonds:IEF,-8,24,-33
2023-08-14,2023-08-21,bonds:LQD,-9,-246,237
2023-08-14,2023-08-21,bonds:SHY,0,51,-51
2023-08-14,2023-08-21,bonds:TIP,-4,-117,113
2023-08-14,2023-08-21,bonds:TLT,-22,-264,242
2023-08-21,2023-08-28,bonds:EMB,13,-302,316
2023-08-21,2023-08-28,bonds:HYG,10,-148,158
2023-08-21,2023-08-28,bonds:IEF,9,-109,119
2023-08-21,2023-08-28,bonds:LQD,14,-258,272
2023-08-21,2023-08-28,bonds:SHY,1,49,-47
2023-08-21,2023-08-28,bonds:TIP,4,-120,125
2023-08-21,2023-08-28,bonds:TLT,22,-494,516
2023-08-28,2023-09-05,bonds:EMB,-15,106,-122
2023-08-28,2023-09-05,bonds:HYG,-5,53,-59
2023-08-28,2023-09-05,bonds:IEF,-10,119,-130
2023-08-28,2023-09-05,bonds:LQD,-14,63,-77
2023-08-28,2023-09-05,bonds:SHY,0,75,-76
2023-08-28,2023-09-05,bonds:TIP,-6,50,-57
2023-08-28,2023-09-05,bonds:TLT,-26,589,-615
2023-09-05,2023-09-12,bonds:EMB,5,-122,127
2023-09-05,2023-09-12,bonds:HYG,3,-198,201
2023-09-05,2023-09-12,bonds:IEF,3,-250,253
2023-09-05,2023-09-12,bonds:LQD,2,-250,253
2023-09-05,2023-09-12,bonds:SHY,1,-135,136
2023-09-05,2023-09-12,bonds:TIP,5,-155,161
2023-09-05,2023-09-12,bonds:TLT,5,-167,172
2023-09-12,2023-09-19,bonds:EMB,-3,403,-407
2023-09-12,2023-09-19,bonds:HYG,-4,35,-40
2023-09-12,2023-09-19,bonds:IEF,-8,471,-479
2023-09-12,2023-09-19,bonds:LQD,-4,422,-427
2023-09-12,2023-09-19,bonds:SHY,-1,163,-165
2023-09-12,2023-09-19,bonds:TIP,-4,387,-391
2023-09-12,2023-09-19,bonds:TLT,-15,365,-381
2023-09-19,2023-09-26,bonds:EMB,-18,35,-54
2023-09-19,2023-09-26,bonds:HYG,-11,130,-141
2023-09-19,2023-09-26,bonds:IEF,-11,-52,41
2023-09-19,2023-09-26,bonds:LQD,-16,-18,2
2023-09-19,2023-09-26,bonds:SHY,1,42,-40
2023-09-19,2023-09-26,bonds:TIP,-11,104,-116
2023-09-19,2023-09-26,bonds:TLT,-46,-360,314
2023-09-26,2023-10-03,bonds:EMB,-21,-13,-7
2023-09-26,2023-10-03,bonds:HYG,-13,-140,127
2023-09-26,2023-10-03,bonds:IEF,-13,102,-115
2023-09-26,2023-10-03,bonds:LQD,-21,59,-80
2023-09-26,2023-10-03,bonds:SHY,0,11,-11
2023-09-26,2023-10-03,bonds:TIP,-10,-35,24
2023-09-26,2023-10-03,bonds:TLT,-35,0,-35
2023-10-03,2023-10-10,bonds:EMB,6,130,-123
2023-10-03,2023-10-10,bonds:HYG,9,100,-91
2023-10-03,2023-10-10,bonds:IEF,6,-145,152
2023-10-03,2023-10-10,bonds:LQD,8,-233,241
2023-10-03,2023-10-10,bonds:SHY,2,38,-36
2023-10-03,2023-10-10,bonds:TIP,5,-49,54
2023-10-03,2023-10-10,bonds:TLT,4,-553,558
2023-10-10,2023-10-17,bonds:EMB,-13,-82,68
2023-10-10,2023-10-17,bonds:HYG,-11,-79,68
2023-10-10,2023-10-17,bonds:IEF,-19,-251,232
2023-10-10,2023-10-17,bonds:LQD,-19,-181,162
2023-10-10,2023-10-17,bonds:SHY,-3,-42,39
2023-10-10,2023-10-17,bonds:TIP,-7,-237,229
2023-10-10,2023-10-17,bonds:TLT,-37,-671,634
2023-10-17,2023-10-24,bonds:EMB,11,-241,253
2023-10-17,2023-10-24,bonds:HYG,7,-188,196
2023-10-17,2023-10-24,bonds:IEF,7,-226,233
2023-10-17,2023-10-24,bonds:LQD,9,-244,253
2023-10-17,2023-10-24,bonds:SHY,3,20,-16
2023-10-17,2023-10-24,bonds:TIP,3,-117,120
2023-10-17,2023-10-24,bonds:TLT,10,-716,726
2023-10-24,2023-10-31,bonds:EMB,6,71,-64
2023-10-24,2023-10-31,bonds:HYG,5,-6,11
2023-10-24,2023-10-31,bonds:IEF,3,-58,61
2023-10-24,2023-10-31,bonds:LQD,0,-26,26
2023-10-24,2023-10-31,bonds:SHY,1,12,-10
2023-10-24,2023-10-31,bonds:TIP,2,-86,88
2023-10-24,2023-10-31,bonds:TLT,1,-329,331
2023-10-31,2023-11-07,bonds:EMB,14,296,-281
2023-10-31,2023-11-07,bonds:HYG,17,-16,33
2023-10-31,2023-11-07,bonds:IEF,13,-144,157
2023-10-31,2023-11-07,bonds:LQD,19,-85,105
2023-10-31,2023-11-07,bonds:SHY,1,-42,43
2023-10-31,2023-11-07,bonds:TIP,9,65,-56
2023-10-31,2023-11-07,bonds:TLT,34,287,-253
2023-11-07,2023-11-14,bonds:EMB,5,90,-84
2023-11-07,2023-11-14,bonds:HYG,7,208,-200
2023-11-07,2023-11-14,bonds:IEF,5,10,-4
2023-11-07,2023-11-14,bonds:LQD,10,277,-267
2023-11-07,2023-11-14,bonds:SHY,3,45,-42
2023-11-07,2023-11-14,bonds:TIP,0,-60,59
2023-11-07,2023-11-14,bonds:TLT,2,-128,130
2023-11-14,2023-11-21,bonds:EMB,17,-413,431
2023-11-14,2023-11-21,bonds:HYG,6,-319,325
2023-11-14,2023-11-21,bonds:IEF,10,-974,985
2023-11-14,2023-11-21,bonds:LQD,15,-1226,1241
2023-11-14,2023-11-21,bonds:SHY,1,-32,34
2023-11-14,2023-11-21,bonds:TIP,5,-630,636
2023-11-14,2023-11-21,bonds:TLT,22,-2479,2501
2023-11-21,2023-11-29,bonds:EMB,15,383,-368
2023-11-21,2023-11-29,bonds:HYG,10,400,-390
2023-11-21,2023-11-29,bonds:IEF,12,594,-582
2023-11-21,2023-11-29,bonds:LQD,14,885,-870
2023-11-21,2023-11-29,bonds:SHY,4,46,-42
2023-11-21,2023-11-29,bonds:TIP,6,370,-363
2023-11-21,2023-11-29,bonds:TLT,19,1747,-1728
2023-11-29,2023-12-06,bonds:EMB,19,-203,222
2023-11-29,2023-12-06,bonds:HYG,6,-305,312
2023-11-29,2023-12-06,bonds:IEF,16,-516,533
2023-11-29,2023-12-06,bonds:LQD,19,-456,475
2023-11-29,2023-12-06,bonds:SHY,2,-179,181
2023-11-29,2023-12-06,bonds:TIP,7,-369,376
2023-11-29,2023-12-06,bonds:TLT,49,-804,854
2023-12-06,2023-12-13,bonds:EMB,13,-136,150
2023-12-06,2023-12-13,bonds:HYG,14,-9,23
2023-12-06,2023-12-13,bonds:IEF,10,176,-166
2023-12-06,2023-12-13,bonds:LQD,16,139,-123
2023-12-06,2023-12-13,bonds:SHY,3,51,-47
2023-12-06,2023-12-13,bonds:TIP,9,-18,28
2023-12-06,2023-12-13,bonds:TLT,15,459,-443
2023-12-13,2023-12-20,bonds:EMB,1,267,-265
2023-12-13,2023-12-20,bonds:HYG,1,69,-67
2023-12-13,2023-12-20,bonds:IEF,3,16,-12
2023-12-13,2023-12-20,bonds:LQD,-1,26,-28
2023-12-13,2023-12-20,bonds:SHY,0,-23,23
2023-12-13,2023-12-20,bonds:TIP,0,3,-3
2023-12-13,2023-12-20,bonds:TLT,5,-220,225
2023-12-20,2023-12-28,bonds:EMB,3,112,-109
2023-12-20,2023-12-28,bonds:HYG,1,-14,16
2023-12-20,2023-12-28,bonds:IEF,3,465,-462
2023-12-20,2023-12-28,bonds:LQD,7,267,-260
2023-12-20,2023-12-28,bonds:SHY,0,122,-121
2023-12-20,2023-12-28,bonds:TIP,0,175,-176
2023-12-20,2023-12-28,bonds:TLT,8,506,-498
2023-12-28,2024-01-05,bonds:EMB,-21,112,-133
2023-12-28,2024-01-05,bonds:HYG,-9,325,-334
2023-12-28,2024-01-05,bonds:IEF,-11,137,-148
2023-12-28,2024-01-05,bonds:LQD,-18,352,-371
2023-12-28,2024-01-05,bonds:SHY,-1,78,-80
2023-12-28,2024-01-05,bonds:TIP,-6,330,-337
2023-12-28,2024-01-05,bonds:TLT,-26,765,-791
2024-01-05,2024-01-12,bonds:EMB,13,305,-291
2024-01-05,2024-01-12,bonds:HYG,7,236,-229
2024-01-05,2024-01-12,bonds:IEF,6,338,-332
2024-01-05,2024-01-12,bonds:LQD,8,212,-203
2024-01-05,2024-01-12,bonds:SHY,4,65,-61
2024-01-05,2024-01-12,bonds:TIP,6,118,-111
2024-01-05,2024-01-12,bonds:TLT,-7,1040,-1048
2024-01-12,2024-01-22,bonds:EMB,-1,530,-532
2024-01-12,2024-01-22,bonds:HYG,0,394,-394
2024-01-12,2024-01-22,bonds:IEF,-2,357,-360
2024-01-12,2024-01-22,bonds:LQD,0,642,-642
2024-01-12,2024-01-22,bonds:SHY,-1,149,-150
2024-01-12,2024-01-22,bonds:TIP,-1,354,-356
2024-01-12,2024-01-22,bonds:TLT,-1,896,-898
2024-01-22,2024-01-29,bonds:EMB,9,404,-394
2024-01-22,2024-01-29,bonds:HYG,8,143,-134
2024-01-22,2024-01-29,bonds:IEF,5,222,-217
2024-01-22,2024-01-29,bonds:LQD,5,225,-219
2024-01-22,2024-01-29,bonds:SHY,1,29,-28
2024-01-22,2024-01-29,bonds:TIP,4,93,-89
2024-01-22,2024-01-29,bonds:TLT,10,399,-389
2024-01-29,2024-02-05,bonds:EMB,-9,427,-437
2024-01-29,2024-02-05,bonds:HYG,-6,10,-16
2024-01-29,2024-02-05,bonds:IEF,-8,270,-279
2024-01-29,2024-02-05,bonds:LQD,-8,135,-143
2024-01-29,2024-02-05,bonds:SHY,-1,28,-29
2024-01-29,2024-02-05,bonds:TIP,-7,145,-152
2024-01-29,2024-02-05,bonds:TLT,-13,747,-761
2024-02-05,2024-02-12,bonds:EMB,-1,-32,31
2024-02-05,2024-02-12,bonds:HYG,1,-100,101
2024-02-05,2024-02-12,bonds:IEF,-5,112,-118
2024-02-05,2024-02-12,bonds:LQD,-9,-160,151
2024-02-05,2024-02-12,bonds:SHY,0,-66,65
2024-02-05,2024-02-12,bonds:TIP,-3,-12,8
2024-02-05,2024-02-12,bonds:TLT,-11,571,-583
2024-02-12,2024-02-20,bonds:EMB,7,-163,171
2024-02-12,2024-02-20,bonds:HYG,6,-74,80
2024-02-12,2024-02-20,bonds:IEF,3,-92,96
2024-02-12,2024-02-20,bonds:LQD,8,-236,244
2024-02-12,2024-02-20,bonds:SHY,1,-63,65
2024-02-12,2024-02-20,bonds:TIP,4,-113,118
2024-02-12,2024-02-20,bonds:TLT,5,-323,328
2024-02-20,2024-02-27,bonds:EMB,8,494,-486
2024-02-20,2024-02-27,bonds:HYG,3,541,-537
2024-02-20,2024-02-27,bonds:IEF,0,198,-197
2024-02-20,2024-02-27,bonds:LQD,0,449,-449
2024-02-20,2024-02-27,bonds:SHY,0,102,-102
2024-02-20,2024-02-27,bonds:TIP,0,138,-138
2024-02-20,2024-02-27,bonds:TLT,8,483,-475
2024-02-27,2024-03-05,bonds:EMB,10,-495,505
2024-02-27,2024-03-05,bonds:HYG,4,-248,252
2024-02-27,2024-03-05,bonds:IEF,10,-598,608
2024-02-27,2024-03-05,bonds:LQD,10,-578,588
2024-02-27,2024-03-05,bonds:SHY,2,-124,126
2024-02-27,2024-03-05,bonds:TIP,10,-393,403
2024-02-27,2024-03-05,bonds:TLT,23,-1190,1213
2024-03-05,2024-03-12,bonds:EMB,0,-473,474
2024-03-05,2024-03-12,bonds:HYG,2,-274,276
2024-03-05,2024-03-12,bonds:IEF,-2,-252,249
2024-03-05,2024-03-12,bonds:LQD,0,-357,358
2024-03-05,2024-03-12,bonds:SHY,0,-159,159
2024-03-05,2024-03-12,bonds:TIP,-3,-52,48
2024-03-05,2024-03-12,bonds:TLT,-11,-388,376
2024-03-12,2024-03-19,bonds:EMB,-3,37,-40
2024-03-12,2024-03-19,bonds:HYG,0,158,-157
2024-03-12,2024-03-19,bonds:IEF,-7,7,-14
2024-03-12,2024-03-19,bonds:LQD,-5,28,-34
2024-03-12,2024-03-19,bonds:SHY,0,46,-47
2024-03-12,2024-03-19,bonds:TIP,-6,-10,4
2024-03-12,2024-03-19,bonds:TLT,-16,-285,269
2024-03-19,2024-03-26,bonds:EMB,5,-185,191
2024-03-19,2024-03-26,bonds:HYG,-4,-70,66
2024-03-19,2024-03-26,bonds:IEF,3,106,-102
2024-03-19,2024-03-26,bonds:LQD,1,-3,4
2024-03-19,2024-03-26,bonds:SHY,0,-17,17
2024-03-19,2024-03-26,bonds:TIP,2,82,-80
2024-03-19,2024-03-26,bonds:TLT,9,0,8
2024-03-26,2024-04-03,bonds:EMB,-6,-183,177
2024-03-26,2024-04-03,bonds:HYG,-7,-87,80
2024-03-26,2024-04-03,bonds:IEF,-11,-143,132
2024-03-26,2024-04-03,bonds:LQD,-11,-249,238
2024-03-26,2024-04-03,bonds:SHY,-1,-33,32
2024-03-26,2024-04-03,bonds:TIP,-5,-168,162
2024-03-26,2024-04-03,bonds:TLT,-25,-202,177
2024-04-03,2024-04-10,bonds:EMB,-7,-290,282
2024-04-03,2024-04-10,bonds:HYG,-5,-258,252
2024-04-03,2024-04-10,bonds:IEF,-18,-267,249
2024-04-03,2024-04-10,bonds:LQD,-13,-246,232
2024-04-03,2024-04-10,bonds:SHY,-5,-2,-2
2024-04-03,2024-04-10,bonds:TIP,-11,-97,85
2024-04-03,2024-04-10,bonds:TLT,-26,-359,332
2024-04-10,2024-04-17,bonds:EMB,-9,-372,362
2024-04-10,2024-04-17,bonds:HYG,-8,-264,256
2024-04-10,2024-04-17,bonds:IEF,0,-274,274
2024-04-10,2024-04-17,bonds:LQD,-6,-345,338
2024-04-10,2024-04-17,bonds:SHY,0,-67,68
2024-04-10,2024-04-17,bonds:TIP,0,-180,180
2024-04-10,2024-04-17,bonds:TLT,-5,-584,578
2024-04-17,2024-04-24,bonds:EMB,2,-337,340
2024-04-17,2024-04-24,bonds:HYG,9,-198,207
2024-04-17,2024-04-24,bonds:IEF,0,-113,112
2024-04-17,2024-04-24,bonds:LQD,1,-171,172
2024-04-17,2024-04-24,bonds:SHY,1,-87,89
2024-04-17,2024-04-24,bonds:TIP,0,-83,83
2024-04-17,2024-04-24,bonds:TLT,-4,-66,61
2024-04-24,2024-05-01,bonds:EMB,3,182,-179
2024-04-24,2024-05-01,bonds:HYG,4,-56,60
2024-04-24,2024-05-01,bonds:IEF,6,-60,66
2024-04-24,2024-05-01,bonds:LQD,6,-6,12
2024-04-24,2024-05-01,bonds:SHY,1,-58,60
2024-04-24,2024-05-01,bonds:TIP,1,1,0
2024-04-24,2024-05-01,bonds:TLT,12,39,-27
2024-05-01,2024-05-08,bonds:EMB,8,-810,818
2024-05-01,2024-05-08,bonds:HYG,3,-747,750
2024-05-01,2024-05-08,bonds:IEF,6,-234,240
2024-05-01,2024-05-08,bonds:LQD,7,-491,499
2024-05-01,2024-05-08,bonds:SHY,1,-3,5
2024-05-01,2024-05-08,bonds:TIP,4,-326,330
2024-05-01,2024-05-08,bonds:TLT,13,-706,720
2024-05-08,2024-05-15,bonds:EMB,11,399,-388
2024-05-08,2024-05-15,bonds:HYG,5,20,-14
2024-05-08,2024-05-15,bonds:IEF,8,798,-789
2024-05-08,2024-05-15,bonds:LQD,8,542,-533
2024-05-08,2024-05-15,bonds:SHY,2,122,-120
2024-05-08,2024-05-15,bonds:TIP,5,461,-455
2024-05-08,2024-05-15,bonds:TLT,16,1755,-1739
2024-05-15,2024-05-22,bonds:EMB,-4,17,-22
2024-05-15,2024-05-22,bonds:HYG,-2,72,-74
2024-05-15,2024-05-22,bonds:IEF,-3,7,-11
2024-05-15,2024-05-22,bonds:LQD,-2,133,-136
2024-05-15,2024-05-22,bonds:SHY,-1,0,0
2024-05-15,2024-05-22,bonds:TIP,0,-22,22
2024-05-15,2024-05-22,bonds:TLT,-3,-7,3
2024-05-22,2024-05-30,bonds:EMB,0,43,-43
2024-05-22,2024-05-30,bonds:HYG,0,54,-53
2024-05-22,2024-05-30,bonds:IEF,-4,35,-40
2024-05-22,2024-05-30,bonds:LQD,-2,-4,2
2024-05-22,2024-05-30,bonds:SHY,0,19,-19
2024-05-22,2024-05-30,bonds:TIP,0,37,-37
2024-05-22,2024-05-30,bonds:TLT,-14,150,-164
2024-05-30,2024-06-06,bonds:EMB,5,290,-285
2024-05-30,2024-06-06,bonds:HYG,4,222,-218
2024-05-30,2024-06-06,bonds:IEF,15,257,-241
2024-05-30,2024-06-06,bonds:LQD,13,330,-316
2024-05-30,2024-06-06,bonds:SHY,3,79,-75
2024-05-30,2024-06-06,bonds:TIP,8,165,-156
2024-05-30,2024-06-06,bonds:TLT,33,514,-480
2024-06-06,2024-06-13,bonds:EMB,10,-293,304
2024-06-06,2024-06-13,bonds:HYG,6,-192,198
2024-06-06,2024-06-13,bonds:IEF,15,-344,359
2024-06-06,2024-06-13,bonds:LQD,13,-361,374
2024-06-06,2024-06-13,bonds:SHY,4,-74,79
2024-06-06,2024-06-13,bonds:TIP,6,-262,269
2024-06-06,2024-06-13,bonds:TLT,25,-660,686
2024-06-13,2024-06-21,bonds:EMB,1,-103,104
2024-06-13,2024-06-21,bonds:HYG,4,-146,151
2024-06-13,2024-06-21,bonds:IEF,-2,23,-26
2024-06-13,2024-06-21,bonds:LQD,-3,-13,10
2024-06-13,2024-06-21,bonds:SHY,0,-42,42
2024-06-13,2024-06-21,bonds:TIP,1,-64,65
2024-06-13,2024-06-21,bonds:TLT,-7,10,-18
2024-06-21,2024-06-28,bonds:EMB,-10,295,-306
2024-06-21,2024-06-28,bonds:HYG,-2,82,-84
2024-06-21,2024-06-28,bonds:IEF,-8,193,-201
2024-06-21,2024-06-28,bonds:LQD,-10,239,-249
2024-06-21,2024-06-28,bonds:SHY,0,77,-77
2024-06-21,2024-06-28,bonds:TIP,-2,159,-162
2024-06-21,2024-06-28,bonds:TLT,-27,18,-45
2024-06-28,2024-07-08,bonds:EMB,18,-43,62
2024-06-28,2024-07-08,bonds:HYG,8,-86,95
2024-06-28,2024-07-08,bonds:IEF,16,-46,63
2024-06-28,2024-07-08,bonds:LQD,18,37,-18
2024-06-28,2024-07-08,bonds:SHY,4,-33,37
2024-06-28,2024-07-08,bonds:TIP,9,-56,66
2024-06-28,2024-07-08,bonds:TLT,31,-33,64
2024-07-08,2024-07-15,bonds:EMB,8,-22,30
2024-07-08,2024-07-15,bonds:HYG,8,0,7
2024-07-08,2024-07-15,bonds:IEF,6,-64,70
2024-07-08,2024-07-15,bonds:LQD,5,-96,102
2024-07-08,2024-07-15,bonds:SHY,4,-56,60
2024-07-08,2024-07-15,bonds:TIP,5,-188,194
2024-07-08,2024-07-15,bonds:TLT,5,-165,170
2024-07-15,2024-07-22,bonds:EMB,-7,205,-212
2024-07-15,2024-07-22,bonds:HYG,0,52,-52
2024-07-15,2024-07-22,bonds:IEF,-6,73,-79
2024-07-15,2024-07-22,bonds:LQD,-8,46,-54
2024-07-15,2024-07-22,bonds:SHY,0,30,-31
2024-07-15,2024-07-22,bonds:TIP,-5,54,-59
2024-07-15,2024-07-22,bonds:TLT,-16,115,-132
2024-07-22,2024-07-29,bonds:EMB,2,292,-289
2024-07-22,2024-07-29,bonds:HYG,0,-19,18
2024-07-22,2024-07-29,bonds:IEF,6,-48,55
2024-07-22,2024-07-29,bonds:LQD,5,150,-145
2024-07-22,2024-07-29,bonds:SHY,2,-30,32
2024-07-22,2024-07-29,bonds:TIP,3,22,-18
2024-07-22,2024-07-29,bonds:TLT,10,-116,126
2024-07-29,2024-08-05,bonds:EMB,0,310,-309
2024-07-29,2024-08-05,bonds:HYG,-8,235,-243
2024-07-29,2024-08-05,bonds:IEF,27,193,-165
2024-07-29,2024-08-05,bonds:LQD,16,248,-231
2024-07-29,2024-08-05,bonds:SHY,9,75,-66
2024-07-29,2024-08-05,bonds:TIP,14,143,-128
2024-07-29,2024-08-05,bonds:TLT,54,275,-220
2024-08-05,2024-08-12,bonds:EMB,12,-166,178
2024-08-05,2024-08-12,bonds:HYG,6,-118,124
2024-08-05,2024-08-12,bonds:IEF,0,24,-24
2024-08-05,2024-08-12,bonds:LQD,3,-99,102
2024-08-05,2024-08-12,bonds:SHY,0,36,-37
2024-08-05,2024-08-12,bonds:TIP,1,81,-80
2024-08-05,2024-08-12,bonds:TLT,0,-172,172
2024-08-12,2024-08-19,bonds:EMB,8,132,-123
2024-08-12,2024-08-19,bonds:HYG,7,113,-106
2024-08-12,2024-08-19,bonds:IEF,-1,-175,173
2024-08-12,2024-08-19,bonds:LQD,6,-49,56
2024-08-12,2024-08-19,bonds:SHY,-1,-61,59
2024-08-12,2024-08-19,bonds:TIP,-2,-111,108
2024-08-12,2024-08-19,bonds:TLT,6,-427,434
2024-08-19,2024-08-26,bonds:EMB,3,-243,247
2024-08-19,2024-08-26,bonds:HYG,4,60,-56
2024-08-19,2024-08-26,bonds:IEF,0,-564,565
2024-08-19,2024-08-26,bonds:LQD,2,-448,451
2024-08-19,2024-08-26,bonds:SHY,1,-104,106
2024-08-19,2024-08-26,bonds:TIP,4,-370,375
2024-08-19,2024-08-26,bonds:TLT,-5,-1341,1335
2024-08-26,2024-09-03,bonds:EMB,-5,95,-100
2024-08-26,2024-09-03,bonds:HYG,-2,-148,145
2024-08-26,2024-09-03,bonds:IEF,0,-28,29
2024-08-26,2024-09-03,bonds:LQD,-3,-57,54
2024-08-26,2024-09-03,bonds:SHY,0,-13,14
2024-08-26,2024-09-03,bonds:TIP,-2,93,-96
2024-08-26,2024-09-03,bonds:TLT,1,-121,122
2024-09-03,2024-09-10,bonds:EMB,4,-4,9
2024-09-03,2024-09-10,bonds:HYG,2,191,-188
2024-09-03,2024-09-10,bonds:IEF,9,-467,477
2024-09-03,2024-09-10,bonds:LQD,9,-250,260
2024-09-03,2024-09-10,bonds:SHY,3,-185,189
2024-09-03,2024-09-10,bonds:TIP,5,-342,348
2024-09-03,2024-09-10,bonds:TLT,16,-952,968
2024-09-10,2024-09-17,bonds:EMB,12,-3,16
2024-09-10,2024-09-17,bonds:HYG,6,25,-18
2024-09-10,2024-09-17,bonds:IEF,1,322,-321
2024-09-10,2024-09-17,bonds:LQD,6,124,-117
2024-09-10,2024-09-17,bonds:SHY,1,24,-23
2024-09-10,2024-09-17,bonds:TIP,6,174,-167
2024-09-10,2024-09-17,bonds:TLT,2,581,-579
2024-09-17,2024-09-24,bonds:EMB,0,12,-11
2024-09-17,2024-09-24,bonds:HYG,2,-77,80
2024-09-17,2024-09-24,bonds:IEF,0,132,-133
2024-09-17,2024-09-24,bonds:LQD,2,101,-99
2024-09-17,2024-09-24,bonds:SHY,2,28,-25
2024-09-17,2024-09-24,bonds:TIP,4,156,-152
2024-09-17,2024-09-24,bonds:TLT,-9,357,-366
2024-09-24,2024-10-01,bonds:EMB,7,3,4
2024-09-24,2024-10-01,bonds:HYG,2,44,-41
2024-09-24,2024-10-01,bonds:IEF,4,-222,226
2024-09-24,2024-10-01,bonds:LQD,6,-82,89
2024-09-24,2024-10-01,bonds:SHY,0,8,-8
2024-09-24,2024-10-01,bonds:TIP,3,-37,41
2024-09-24,2024-10-01,bonds:TLT,9,-637,647
2024-10-01,2024-10-08,bonds:EMB,-10,-17,6
2024-10-01,2024-10-08,bonds:HYG,-5,94,-99
2024-10-01,2024-10-08,bonds:IEF,-17,22,-40
2024-10-01,2024-10-08,bonds:LQD,-15,-99,84
2024-10-01,2024-10-08,bonds:SHY,-5,-65,60
2024-10-01,2024-10-08,bonds:TIP,-10,-2,-8
2024-10-01,2024-10-08,bonds:TLT,-27,280,-308
2024-10-08,2024-10-15,bonds:EMB,4,-144,148
2024-10-08,2024-10-15,bonds:HYG,2,-94,96
2024-10-08,2024-10-15,bonds:IEF,3,-280,283
2024-10-08,2024-10-15,bonds:LQD,3,-132,135
2024-10-08,2024-10-15,bonds:SHY,1,-86,88
2024-10-08,2024-10-15,bonds:TIP,2,-291,293
2024-10-08,2024-10-15,bonds:TLT,4,-486,490
2024-10-15,2024-10-22,bonds:EMB,-16,-219,203
2024-10-15,2024-10-22,bonds:HYG,-4,-18,14
2024-10-15,2024-10-22,bonds:IEF,-12,-65,52
2024-10-15,2024-10-22,bonds:LQD,-18,-178,159
2024-10-15,2024-10-22,bonds:SHY,-1,3,-5
2024-10-15,2024-10-22,bonds:TIP,-7,-192,185
2024-10-15,2024-10-22,bonds:TLT,-31,-432,400
2024-10-22,2024-10-29,bonds:EMB,7,-161,168
2024-10-22,2024-10-29,bonds:HYG,4,-200,205
2024-10-22,2024-10-29,bonds:IEF,-1,-129,127
2024-10-22,2024-10-29,bonds:LQD,1,-443,444
2024-10-22,2024-10-29,bonds:SHY,0,-29,29
2024-10-22,2024-10-29,bonds:TIP,-2,-166,164
2024-10-22,2024-10-29,bonds:TLT,0,-302,302
2024-10-29,2024-11-05,bonds:EMB,-2,595,-597
2024-10-29,2024-11-05,bonds:HYG,2,184,-181
2024-10-29,2024-11-05,bonds:IEF,0,401,-402
2024-10-29,2024-11-05,bonds:LQD,4,267,-262
2024-10-29,2024-11-05,bonds:SHY,0,75,-75
2024-10-29,2024-11-05,bonds:TIP,-2,60,-63
2024-10-29,2024-11-05,bonds:TLT,8,1159,-1151
2024-11-05,2024-11-12,bonds:EMB,3,-212,216
2024-11-05,2024-11-12,bonds:HYG,0,-209,209
2024-11-05,2024-11-12,bonds:IEF,1,46,-45
2024-11-05,2024-11-12,bonds:LQD,4,-30,34
2024-11-05,2024-11-12,bonds:SHY,0,-73,72
2024-11-05,2024-11-12,bonds:TIP,-2,-5,2
2024-11-05,2024-11-12,bonds:TLT,5,685,-680
2024-11-12,2024-11-19,bonds:EMB,1,-320,322
2024-11-12,2024-11-19,bonds:HYG,1,-119,120
2024-11-12,2024-11-19,bonds:IEF,4,-266,270
2024-11-12,2024-11-19,bonds:LQD,4,-427,431
2024-11-12,2024-11-19,bonds:SHY,0,-18,19
2024-11-12,2024-11-19,bonds:TIP,4,125,-121
2024-11-12,2024-11-19,bonds:TLT,9,-609,619
2024-11-19,2024-11-26,bonds:EMB,7,-207,214
2024-11-19,2024-11-26,bonds:HYG,2,-156,158
2024-11-19,2024-11-26,bonds:IEF,8,-114,123
2024-11-19,2024-11-26,bonds:LQD,9,-151,161
2024-11-19,2024-11-26,bonds:SHY,1,-1,3
2024-11-19,2024-11-26,bonds:TIP,2,-206,209
2024-11-19,2024-11-26,bonds:TLT,21,-388,409
2024-11-26,2024-12-04,bonds:EMB,5,14,-9
2024-11-26,2024-12-04,bonds:HYG,4,38,-34
2024-11-26,2024-12-04,bonds:IEF,5,-228,233
2024-11-26,2024-12-04,bonds:LQD,9,-325,334
2024-11-26,2024-12-04,bonds:SHY,2,11,-8
2024-11-26,2024-12-04,bonds:TIP,5,-42,47
2024-11-26,2024-12-04,bonds:TLT,14,-678,692
2024-12-04,2024-12-11,bonds:EMB,-1,49,-50
2024-12-04,2024-12-11,bonds:HYG,1,29,-28
2024-12-04,2024-12-11,bonds:IEF,-5,59,-64
2024-12-04,2024-12-11,bonds:LQD,-4,103,-107
2024-12-04,2024-12-11,bonds:SHY,0,84,-84
2024-12-04,2024-12-11,bonds:TIP,-2,98,-101
2024-12-04,2024-12-11,bonds:TLT,-21,235,-257
2024-12-11,2024-12-18,bonds:EMB,-19,-90,70
2024-12-11,2024-12-18,bonds:HYG,-13,-68,55
2024-12-11,2024-12-18,bonds:IEF,-12,-226,214
2024-12-11,2024-12-18,bonds:LQD,-16,-353,336
2024-12-11,2024-12-18,bonds:SHY,-2,19,-21
2024-12-11,2024-12-18,bonds:TIP,-10,-117,107
2024-12-11,2024-12-18,bonds:TLT,-17,-699,681
2024-12-18,2024-12-26,bonds:EMB,7,-145,153
2024-12-18,2024-12-26,bonds:HYG,9,-65,74
2024-12-18,2024-12-26,bonds:IEF,0,-76,76
2024-12-18,2024-12-26,bonds:LQD,5,-88,93
2024-12-18,2024-12-26,bonds:SHY,0,-40,40
2024-12-18,2024-12-26,bonds:TIP,2,-129,132
2024-12-18,2024-12-26,bonds:TLT,0,363,-363
2024-12-26,2025-01-03,bonds:EMB,5,32,-27
2024-12-26,2025-01-03,bonds:HYG,5,117,-111
2024-12-26,2025-01-03,bonds:IEF,2,115,-112
2024-12-26,2025-01-03,bonds:LQD,0,233,-234
2024-12-26,2025-01-03,bonds:SHY,1,-34,36
2024-12-26,2025-01-03,bonds:TIP,1,-13,14
2024-12-26,2025-01-03,bonds:TLT,2,394,-392
2025-01-03,2025-01-13,bonds:EMB,-10,-102,91
2025-01-03,2025-01-13,bonds:HYG,-7,-101,94
2025-01-03,2025-01-13,bonds:IEF,-11,-169,157
2025-01-03,2025-01-13,bonds:LQD,-11,-300,288
2025-01-03,2025-01-13,bonds:SHY,-1,24,-26
2025-01-03,2025-01-13,bonds:TIP,-2,-50,47
2025-01-03,2025-01-13,bonds:TLT,-17,-408,391
2025-01-13,2025-01-21,bonds:EMB,18,55,-36
2025-01-13,2025-01-21,bonds:HYG,13,-234,247
2025-01-13,2025-01-21,bonds:IEF,16,-412,429
2025-01-13,2025-01-21,bonds:LQD,20,-306,326
2025-01-13,2025-01-21,bonds:SHY,2,-71,74
2025-01-13,2025-01-21,bonds:TIP,9,-239,249
2025-01-13,2025-01-21,bonds:TLT,30,-413,444
2025-01-21,2025-01-28,bonds:EMB,3,123,-119
2025-01-21,2025-01-28,bonds:HYG,2,23,-20
2025-01-21,2025-01-28,bonds:IEF,6,-166,172
2025-01-21,2025-01-28,bonds:LQD,6,-29,35
2025-01-21,2025-01-28,bonds:SHY,2,42,-40
2025-01-21,2025-01-28,bonds:TIP,7,28,-21
2025-01-21,2025-01-28,bonds:TLT,7,-134,142
2025-01-28,2025-02-04,bonds:EMB,5,15,-9
2025-01-28,2025-02-04,bonds:HYG,1,-12,13
2025-01-28,2025-02-04,bonds:IEF,3,102,-98
2025-01-28,2025-02-04,bonds:LQD,2,-14,16
2025-01-28,2025-02-04,bonds:SHY,1,-13,14
2025-01-28,2025-02-04,bonds:TIP,5,-50,56
2025-01-28,2025-02-04,bonds:TLT,8,-31,39
2025-02-04,2025-02-11,bonds:EMB,-9,-312,303
2025-02-04,2025-02-11,bonds:HYG,-3,-416,413
2025-02-04,2025-02-11,bonds:IEF,-7,-347,339
2025-02-04,2025-02-11,bonds:LQD,-8,-119,111
2025-02-04,2025-02-11,bonds:SHY,-1,-106,105
2025-02-04,2025-02-11,bonds:TIP,-4,-430,426
2025-02-04,2025-02-11,bonds:TLT,-16,170,-186
2025-02-11,2025-02-19,bonds:EMB,7,-390,398
2025-02-11,2025-02-19,bonds:HYG,5,-374,379
2025-02-11,2025-02-19,bonds:IEF,7,-421,429
2025-02-11,2025-02-19,bonds:LQD,8,-472,480
2025-02-11,2025-02-19,bonds:SHY,2,-167,169
2025-02-11,2025-02-19,bonds:TIP,6,-240,246
2025-02-11,2025-02-19,bonds:TLT,11,-444,455
2025-02-19,2025-02-26,bonds:EMB,10,86,-75
2025-02-19,2025-02-26,bonds:HYG,3,107,-104
2025-02-19,2025-02-26,bonds:IEF,18,-85,103
2025-02-19,2025-02-26,bonds:LQD,15,-168,184
2025-02-19,2025-02-26,bonds:SHY,4,4,0
2025-02-19,2025-02-26,bonds:TIP,9,78,-69
2025-02-19,2025-02-26,bonds:TLT,37,-457,495
2025-02-26,2025-03-05,bonds:EMB,2,-31,33
2025-02-26,2025-03-05,bonds:HYG,1,-144,146
2025-02-26,2025-03-05,bonds:IEF,0,-81,81
2025-02-26,2025-03-05,bonds:LQD,1,-141,142
2025-02-26,2025-03-05,bonds:SHY,1,-81,82
2025-02-26,2025-03-05,bonds:TIP,1,-116,117
2025-02-26,2025-03-05,bonds:TLT,-3,77,-80
2025-03-05,2025-03-12,bonds:EMB,0,-47,47
2025-03-05,2025-03-12,bonds:HYG,-4,-81,77
2025-03-05,2025-03-12,bonds:IEF,0,-51,50
2025-03-05,2025-03-12,bonds:LQD,-7,6,-14
2025-03-05,2025-03-12,bonds:SHY,0,17,-16
2025-03-05,2025-03-12,bonds:TIP,-1,-66,65
2025-03-05,2025-03-12,bonds:TLT,-5,13,-19
2025-03-12,2025-03-19,bonds:EMB,8,-152,161
2025-03-12,2025-03-19,bonds:HYG,11,-121,133
2025-03-12,2025-03-19,bonds:IEF,1,191,-190
2025-03-12,2025-03-19,bonds:LQD,9,38,-28
2025-03-12,2025-03-19,bonds:SHY,0,40,-40
2025-03-12,2025-03-19,bonds:TIP,4,24,-20
2025-03-12,2025-03-19,bonds:TLT,5,-73,79
2025-03-19,2025-03-26,bonds:EMB,-8,103,-111
2025-03-19,2025-03-26,bonds:HYG,-3,246,-249
2025-03-19,2025-03-26,bonds:IEF,-7,-93,86
2025-03-19,2025-03-26,bonds:LQD,-8,21,-29
2025-03-19,2025-03-26,bonds:SHY,0,-61,60
2025-03-19,2025-03-26,bonds:TIP,-3,140,-144
2025-03-19,2025-03-26,bonds:TLT,-22,66,-89
2025-03-26,2025-04-02,bonds:EMB,6,1098,-1092
2025-03-26,2025-04-02,bonds:HYG,3,572,-568
2025-03-26,2025-04-02,bonds:IEF,13,431,-418
2025-03-26,2025-04-02,bonds:LQD,13,623,-609
2025-03-26,2025-04-02,bonds:SHY,2,23,-21
2025-03-26,2025-04-02,bonds:TIP,8,467,-459
2025-03-26,2025-04-02,bonds:TLT,31,866,-835
2025-04-02,2025-04-09,bonds:EMB,-12,88,-101
2025-04-02,2025-04-09,bonds:HYG,-1,-34,33
2025-04-02,2025-04-09,bonds:IEF,-17,5,-22
2025-04-02,2025-04-09,bonds:LQD,-16,-22,5
2025-04-02,2025-04-09,bonds:SHY,-1,-21,19
2025-04-02,2025-04-09,bonds:TIP,-15,69,-85
2025-04-02,2025-04-09,bonds:TLT,-32,-322,289
2025-04-09,2025-04-16,bonds:EMB,17,54,-37
2025-04-09,2025-04-16,bonds:HYG,10,32,-21
2025-04-09,2025-04-16,bonds:IEF,9,162,-153
2025-04-09,2025-04-16,bonds:LQD,15,10,5
2025-04-09,2025-04-16,bonds:SHY,1,30,-28
2025-04-09,2025-04-16,bonds:TIP,7,82,-74
2025-04-09,2025-04-16,bonds:TLT,21,193,-171
2025-04-16,2025-04-24,bonds:EMB,13,235,-222
2025-04-16,2025-04-24,bonds:HYG,11,171,-159
2025-04-16,2025-04-24,bonds:IEF,1,-319,321
2025-04-16,2025-04-24,bonds:LQD,6,-335,341
2025-04-16,2025-04-24,bonds:SHY,0,-171,171
2025-04-16,2025-04-24,bonds:TIP,6,-185,192
2025-04-16,2025-04-24,bonds:TLT,8,-266,274
2025-04-24,2025-05-01,bonds:EMB,-4,-185,181
2025-04-24,2025-05-01,bonds:HYG,0,-408,407
2025-04-24,2025-05-01,bonds:IEF,4,-576,580
2025-04-24,2025-05-01,bonds:LQD,-3,-407,404
2025-04-24,2025-05-01,bonds:SHY,1,-89,90
2025-04-24,2025-05-01,bonds:TIP,2,-94,97
2025-04-24,2025-05-01,bonds:TLT,1,-859,861
2025-05-01,2025-05-08,bonds:EMB,2,250,-248
2025-05-01,2025-05-08,bonds:HYG,0,331,-331
2025-05-01,2025-05-08,bonds:IEF,-4,-609,605
2025-05-01,2025-05-08,bonds:LQD,-2,-331,328
2025-05-01,2025-05-08,bonds:SHY,0,85,-86
2025-05-01,2025-05-08,bonds:TIP,0,-115,114
2025-05-01,2025-05-08,bonds:TLT,-9,-700,691
2025-05-08,2025-05-15,bonds:EMB,6,-1174,1181
2025-05-08,2025-05-15,bonds:HYG,9,-1374,1384
2025-05-08,2025-05-15,bonds:IEF,-4,-98,93
2025-05-08,2025-05-15,bonds:LQD,2,-1129,1132
2025-05-08,2025-05-15,bonds:SHY,0,-15,15
2025-05-08,2025-05-15,bonds:TIP,-3,-327,323
2025-05-08,2025-05-15,bonds:TLT,-11,-1443,1432
2025-05-15,2025-05-22,bonds:EMB,-6,192,-199
2025-05-15,2025-05-22,bonds:HYG,-5,-95,90
2025-05-15,2025-05-22,bonds:IEF,-5,294,-299
2025-05-15,2025-05-22,bonds:LQD,-8,266,-274
2025-05-15,2025-05-22,bonds:SHY,0,71,-71
2025-05-15,2025-05-22,bonds:TIP,-3,226,-230
2025-05-15,2025-05-22,bonds:TLT,-22,593,-615
2025-05-22,2025-05-30,bonds:EMB,7,34,-27
2025-05-22,2025-05-30,bonds:HYG,7,171,-163
2025-05-22,2025-05-30,bonds:IEF,8,-78,86
2025-05-22,2025-05-30,bonds:LQD,13,-119,132
2025-05-22,2025-05-30,bonds:SHY,1,25,-23
2025-05-22,2025-05-30,bonds:TIP,6,169,-163
2025-05-22,2025-05-30,bonds:TLT,20,-588,608
2025-05-30,2025-06-06,bonds:EMB,2,142,-139
2025-05-30,2025-06-06,bonds:HYG,1,280,-279
2025-05-30,2025-06-06,bonds:IEF,-4,-233,228
2025-05-30,2025-06-06,bonds:LQD,-1,15,-16
2025-05-30,2025-06-06,bonds:SHY,-1,-11,9
2025-05-30,2025-06-06,bonds:TIP,-5,-156,151
2025-05-30,2025-06-06,bonds:TLT,2,-268,270
2025-06-06,2025-06-13,bonds:EMB,2,-159,162
2025-06-06,2025-06-13,bonds:HYG,0,181,-180
2025-06-06,2025-06-13,bonds:IEF,6,-1547,1553
2025-06-06,2025-06-13,bonds:LQD,5,-1094,1099
2025-06-06,2025-06-13,bonds:SHY,1,-441,443
2025-06-06,2025-06-13,bonds:TIP,3,-1186,1190
2025-06-06,2025-06-13,bonds:TLT,10,-2031,2042
2025-06-13,2025-06-23,bonds:EMB,4,68,-64
2025-06-13,2025-06-23,bonds:HYG,5,106,-100
2025-06-13,2025-06-23,bonds:IEF,9,504,-494
2025-06-13,2025-06-23,bonds:LQD,7,454,-446
2025-06-13,2025-06-23,bonds:SHY,3,50,-47
2025-06-13,2025-06-23,bonds:TIP,8,281,-272
2025-06-13,2025-06-23,bonds:TLT,15,1214,-1199
2025-06-23,2025-06-30,bonds:EMB,7,288,-280
2025-06-23,2025-06-30,bonds:HYG,5,93,-87
2025-06-23,2025-06-30,bonds:IEF,5,257,-252
2025-06-23,2025-06-30,bonds:LQD,6,343,-337
2025-06-23,2025-06-30,bonds:SHY,1,153,-151
2025-06-23,2025-06-30,bonds:TIP,4,121,-117
2025-06-23,2025-06-30,bonds:TLT,9,-114,123
2025-06-30,2025-07-08,bonds:EMB,-7,304,-311
2025-06-30,2025-07-08,bonds:HYG,-2,161,-163
2025-06-30,2025-07-08,bonds:IEF,-10,576,-586
2025-06-30,2025-07-08,bonds:LQD,-11,749,-761
2025-06-30,2025-07-08,bonds:SHY,-1,150,-152
2025-06-30,2025-07-08,bonds:TIP,-4,513,-517
2025-06-30,2025-07-08,bonds:TLT,-24,860,-884
2025-07-08,2025-07-15,bonds:EMB,-9,94,-104
2025-07-08,2025-07-15,bonds:HYG,-4,399,-404
2025-07-08,2025-07-15,bonds:IEF,-9,-23,14
2025-07-08,2025-07-15,bonds:LQD,-9,135,-145
2025-07-08,2025-07-15,bonds:SHY,-1,12,-13
2025-07-08,2025-07-15,bonds:TIP,-3,-50,46
2025-07-08,2025-07-15,bonds:TLT,-22,-203,180
2025-07-15,2025-07-22,bonds:EMB,8,-188,197
2025-07-15,2025-07-22,bonds:HYG,5,-191,196
2025-07-15,2025-07-22,bonds:IEF,8,-154,162
2025-07-15,2025-07-22,bonds:LQD,10,-205,215
2025-07-15,2025-07-22,bonds:SHY,1,-103,105
2025-07-15,2025-07-22,bonds:TIP,5,-42,47
2025-07-15,2025-07-22,bonds:TLT,16,331,-314
2025-07-22,2025-07-29,bonds:EMB,6,-81,88
2025-07-22,2025-07-29,bonds:HYG,0,-184,183
2025-07-22,2025-07-29,bonds:IEF,5,-166,171
2025-07-22,2025-07-29,bonds:LQD,6,-130,137
2025-07-22,2025-07-29,bonds:SHY,0,-80,81
2025-07-22,2025-07-29,bonds:TIP,5,-105,111
2025-07-22,2025-07-29,bonds:TLT,14,-310,325
2025-07-29,2025-08-05,bonds:EMB,7,-163,171
2025-07-29,2025-08-05,bonds:HYG,3,-214,217
2025-07-29,2025-08-05,bonds:IEF,12,-96,109
2025-07-29,2025-08-05,bonds:LQD,11,-157,169
2025-07-29,2025-08-05,bonds:SHY,4,-91,96
2025-07-29,2025-08-05,bonds:TIP,7,16,-9
2025-07-29,2025-08-05,bonds:TLT,20,157,-136
2025-08-05,2025-08-12,bonds:EMB,4,-245,249
2025-08-05,2025-08-12,bonds:HYG,1,-187,188
2025-08-05,2025-08-12,bonds:IEF,-2,-117,114
2025-08-05,2025-08-12,bonds:LQD,-1,-112,110
2025-08-05,2025-08-12,bonds:SHY,0,-60,60
2025-08-05,2025-08-12,bonds:TIP,-1,-79,78
2025-08-05,2025-08-12,bonds:TLT,-9,-91,81
2025-08-12,2025-08-19,bonds:EMB,-1,86,-87
2025-08-12,2025-08-19,bonds:HYG,-2,87,-90
2025-08-12,2025-08-19,bonds:IEF,-3,66,-69
2025-08-12,2025-08-19,bonds:LQD,-5,-49,44
2025-08-12,2025-08-19,bonds:SHY,0,-27,26
2025-08-12,2025-08-19,bonds:TIP,-4,-41,36
2025-08-12,2025-08-19,bonds:TLT,-11,53,-65
2025-08-19,2025-08-26,bonds:EMB,0,109,-109
2025-08-19,2025-08-26,bonds:HYG,6,-45,52
2025-08-19,2025-08-26,bonds:IEF,3,173,-170
2025-08-19,2025-08-26,bonds:LQD,2,205,-203
2025-08-19,2025-08-26,bonds:SHY,1,17,-15
2025-08-19,2025-08-26,bonds:TIP,7,128,-121
2025-08-19,2025-08-26,bonds:TLT,-1,354,-355
2025-08-26,2025-09-03,bonds:EMB,4,215,-211
2025-08-26,2025-09-03,bonds:HYG,0,82,-82
2025-08-26,2025-09-03,bonds:IEF,1,121,-120
2025-08-26,2025-09-03,bonds:LQD,0,249,-248
2025-08-26,2025-09-03,bonds:SHY,0,52,-51
2025-08-26,2025-09-03,bonds:TIP,0,12,-12
2025-08-26,2025-09-03,bonds:TLT,2,394,-391
2025-09-03,2025-09-10,bonds:EMB,11,42,-31
2025-09-03,2025-09-10,bonds:HYG,0,-26,27
2025-09-03,2025-09-10,bonds:IEF,8,242,-234
2025-09-03,2025-09-10,bonds:LQD,11,262,-251
2025-09-03,2025-09-10,bonds:SHY,1,128,-127
2025-09-03,2025-09-10,bonds:TIP,6,198,-192
2025-09-03,2025-09-10,bonds:TLT,28,427,-398
2025-09-10,2025-09-17,bonds:EMB,0,138,-138
2025-09-10,2025-09-17,bonds:HYG,0,180,-180
2025-09-10,2025-09-17,bonds:IEF,-2,-17,15
2025-09-10,2025-09-17,bonds:LQD,-1,126,-127
2025-09-10,2025-09-17,bonds:SHY,0,12,-12
2025-09-10,2025-09-17,bonds:TIP,0,182,-182
2025-09-10,2025-09-17,bonds:TLT,-2,90,-93
2025-09-17,2025-09-24,bonds:EMB,4,29,-25
2025-09-17,2025-09-24,bonds:HYG,0,-10,9
2025-09-17,2025-09-24,bonds:IEF,-1,71,-73
2025-09-17,2025-09-24,bonds:LQD,-5,-38,33
2025-09-17,2025-09-24,bonds:SHY,0,58,-58
2025-09-17,2025-09-24,bonds:TIP,-2,36,-38
2025-09-17,2025-09-24,bonds:TLT,-2,95,-98
2025-09-24,2025-10-01,bonds:EMB,2,352,-350
2025-09-24,2025-10-01,bonds:HYG,5,301,-296
2025-09-24,2025-10-01,bonds:IEF,5,345,-340
2025-09-24,2025-10-01,bonds:LQD,7,308,-300
2025-09-24,2025-10-01,bonds:SHY,2,52,-49
2025-09-24,2025-10-01,bonds:TIP,2,219,-216
2025-09-24,2025-10-01,bonds:TLT,6,105,-98
2025-10-01,2025-10-08,bonds:EMB,0,478,-479
2025-10-01,2025-10-08,bonds:HYG,-3,242,-246
2025-10-01,2025-10-08,bonds:IEF,-2,526,-528
2025-10-01,2025-10-08,bonds:LQD,-3,526,-530
2025-10-01,2025-10-08,bonds:SHY,0,60,-60
2025-10-01,2025-10-08,bonds:TIP,0,309,-309
2025-10-01,2025-10-08,bonds:TLT,-3,1169,-1173
2025-10-08,2025-10-15,bonds:EMB,5,113,-108
2025-10-08,2025-10-15,bonds:HYG,4,-21,26
2025-10-08,2025-10-15,bonds:IEF,8,-128,137
2025-10-08,2025-10-15,bonds:LQD,9,0,8
2025-10-08,2025-10-15,bonds:SHY,2,38,-35
2025-10-08,2025-10-15,bonds:TIP,4,-204,208
2025-10-08,2025-10-15,bonds:TLT,16,-317,333
2025-10-15,2025-10-22,bonds:EMB,3,425,-421
2025-10-15,2025-10-22,bonds:HYG,2,475,-473
2025-10-15,2025-10-22,bonds:IEF,1,213,-212
2025-10-15,2025-10-22,bonds:LQD,2,100,-98
2025-10-15,2025-10-22,bonds:SHY,0,-50,51
2025-10-15,2025-10-22,bonds:TIP,2,-62,65
2025-10-15,2025-10-22,bonds:TLT,7,544,-536
2025-10-22,2025-10-29,bonds:EMB,6,138,-132
2025-10-22,2025-10-29,bonds:HYG,1,-8,9
2025-10-22,2025-10-29,bonds:IEF,-4,551,-556
2025-10-22,2025-10-29,bonds:LQD,-2,334,-337
2025-10-22,2025-10-29,bonds:SHY,-1,44,-46
2025-10-22,2025-10-29,bonds:TIP,-4,336,-340
2025-10-22,2025-10-29,bonds:TLT,-3,888,-891
2025-10-29,2025-11-05,bonds:EMB,-4,-43,38
2025-10-29,2025-11-05,bonds:HYG,-1,-93,91
2025-10-29,2025-11-05,bonds:IEF,-3,-12,9
2025-10-29,2025-11-05,bonds:LQD,-8,-45,37
2025-10-29,2025-11-05,bonds:SHY,0,-13,13
2025-10-29,2025-11-05,bonds:TIP,-2,21,-23
2025-10-29,2025-11-05,bonds:TLT,-14,48,-62
2025-11-05,2025-11-12,bonds:EMB,5,137,-132
2025-11-05,2025-11-12,bonds:HYG,3,26,-23
2025-11-05,2025-11-12,bonds:IEF,2,-219,222
2025-11-05,2025-11-12,bonds:LQD,1,-130,132
2025-11-05,2025-11-12,bonds:SHY,0,-8,9
2025-11-05,2025-11-12,bonds:TIP,2,-78,80
2025-11-05,2025-11-12,bonds:TLT,4,-556,560
2025-11-12,2025-11-19,bonds:EMB,0,-378,379
2025-11-12,2025-11-19,bonds:HYG,0,-36,36
2025-11-12,2025-11-19,bonds:IEF,0,-67,68
2025-11-12,2025-11-19,bonds:LQD,-1,-159,157
2025-11-12,2025-11-19,bonds:SHY,0,-112,113
2025-11-12,2025-11-19,bonds:TIP,-1,-25,23
2025-11-12,2025-11-19,bonds:TLT,-5,131,-137
2025-11-19,2025-11-26,bonds:EMB,8,156,-148
2025-11-19,2025-11-26,bonds:HYG,10,-25,36
2025-11-19,2025-11-26,bonds:IEF,8,317,-309
2025-11-19,2025-11-26,bonds:LQD,13,342,-329
2025-11-19,2025-11-26,bonds:SHY,1,104,-103
2025-11-19,2025-11-26,bonds:TIP,6,218,-211
2025-11-19,2025-11-26,bonds:TLT,15,556,-540
